[RUN] scenario=crowd2 label=occlusion_cbf baseline=occlusion_cbf pos=occlusion_cbf_qp model=uni seed=42 idx=1..100 n_rand=10 tf=500.0 wmax=default oa_allow_solver_fallback=None oa_dynamic_occluders=None oa_dsafe=None oa_visible_reach_mode=None oa_use_nominal_tracking_cost=None oa_dt=None occ_version=v2 occ_visible_scale=None occ_enable_visible_hocbf=True crowd_mode=forced_emergence
[RUN] show_animation=False, save_animation=False
Restricted license - for non-production use only - expires 2027-11-29
/Users/parkcart/workspace/occlusion-cbf/.venv/lib/python3.10/site-packages/cvxpy/problems/problem.py:1539: UserWarning: Solution may be inaccurate. Try another solver, adjusting the solver settings, or solve with verbose=True for more information.
  warnings.warn(
[001/100] idx=  5 -> infeasible (raw=infeasible, compute_ms=8.83637275602758, intv=0.5848208053805785)
Restricted license - for non-production use only - expires 2027-11-29
/Users/parkcart/workspace/occlusion-cbf/.venv/lib/python3.10/site-packages/cvxpy/problems/problem.py:1539: UserWarning: Solution may be inaccurate. Try another solver, adjusting the solver settings, or solve with verbose=True for more information.
  warnings.warn(
[002/100] idx=  7 -> infeasible (raw=infeasible, compute_ms=9.383359897924972, intv=0.6878835185544484)
[003/100] idx=  1 -> infeasible (raw=infeasible, compute_ms=7.113834826122324, intv=0.34756204969142734)
[004/100] idx=  8 -> infeasible (raw=infeasible, compute_ms=6.780297496966672, intv=0.44536999186510995)
[005/100] idx=  3 -> success    (raw=success, compute_ms=5.916728370083923, intv=0.14050289516240005)
ERROR in osqp_update_data_vec: Problem data validation.
ERROR in osqp_update_data_vec: Problem data validation.
ERROR in osqp_update_data_vec: Problem data validation.
ERROR in osqp_update_data_vec: Problem data validation.
ERROR in osqp_update_data_vec: Problem data validation.
ERROR in osqp_update_data_vec: Problem data validation.
ERROR in osqp_update_data_vec: Problem data validation.
ERROR in osqp_update_data_vec: Problem data validation.
ERROR in osqp_update_data_vec: Problem data validation.
ERROR in osqp_update_data_vec: Problem data validation.
ERROR in osqp_update_data_vec: Problem data validation.
ERROR in osqp_update_data_vec: Problem data validation.
ERROR in osqp_update_data_vec: Problem data validation.
ERROR in osqp_update_data_vec: Problem data validation.
ERROR in osqp_update_data_vec: Problem data validation.
ERROR in osqp_update_data_vec: Problem data validation.
ERROR in osqp_update_data_vec: Problem data validation.
ERROR in osqp_update_data_vec: Problem data validation.
ERROR in osqp_update_data_vec: Problem data validation.
ERROR in osqp_update_data_vec: Problem data validation.
ERROR in osqp_update_data_vec: Problem data validation.
ERROR in osqp_update_data_vec: Problem data validation.
ERROR in osqp_update_data_vec: Problem data validation.
ERROR in osqp_update_data_vec: Problem data validation.
ERROR in osqp_update_data_vec: Problem data validation.
ERROR in osqp_update_data_vec: Problem data validation.
ERROR in osqp_update_data_vec: Problem data validation.
ERROR in osqp_update_data_vec: Problem data validation.
ERROR in osqp_update_data_vec: Problem data validation.
ERROR in osqp_update_data_vec: Problem data validation.
ERROR in osqp_update_data_vec: Problem data validation.
ERROR in osqp_update_data_vec: Problem data validation.
ERROR in osqp_update_data_vec: Problem data validation.
ERROR in osqp_update_data_vec: Problem data validation.
ERROR in osqp_update_data_vec: Problem data validation.
ERROR in osqp_update_data_vec: Problem data validation.
ERROR in osqp_update_data_vec: Problem data validation.
ERROR in osqp_update_data_vec: Problem data validation.
ERROR in osqp_update_data_vec: Problem data validation.
ERROR in osqp_update_data_vec: Problem data validation.
ERROR in osqp_update_data_vec: Problem data validation.
ERROR in osqp_update_data_vec: Problem data validation.
ERROR in osqp_update_data_vec: Problem data validation.
ERROR in osqp_update_data_vec: Problem data validation.
ERROR in osqp_update_data_vec: Problem data validation.
ERROR in osqp_update_data_vec: Problem data validation.
ERROR in osqp_update_data_vec: Problem data validation.
ERROR in osqp_update_data_vec: Problem data validation.
ERROR in osqp_update_data_vec: Problem data validation.
ERROR in osqp_update_data_vec: Problem data validation.
ERROR in osqp_update_data_vec: Problem data validation.
ERROR in osqp_update_data_vec: Problem data validation.
ERROR in osqp_update_data_vec: Problem data validation.
ERROR in osqp_update_data_vec: Problem data validation.
ERROR in osqp_update_data_vec: Problem data validation.
ERROR in osqp_update_data_vec: Problem data validation.
Restricted license - for non-production use only - expires 2027-11-29
[006/100] idx=  2 -> infeasible (raw=infeasible, compute_ms=6.269294416627312, intv=0.164354363522405)
ERROR in osqp_update_data_vec: Problem data validation.
ERROR in osqp_update_data_vec: Problem data validation.
ERROR in osqp_update_data_vec: Problem data validation.
ERROR in osqp_update_data_vec: Problem data validation.
ERROR in osqp_update_data_vec: Problem data validation.
ERROR in osqp_update_data_vec: Problem data validation.
ERROR in osqp_update_data_vec: Problem data validation.
ERROR in osqp_update_data_vec: Problem data validation.
ERROR in osqp_update_data_vec: Problem data validation.
ERROR in osqp_update_data_vec: Problem data validation.
ERROR in osqp_update_data_vec: Problem data validation.
ERROR in osqp_update_data_vec: Problem data validation.
ERROR in osqp_update_data_vec: Problem data validation.
ERROR in osqp_update_data_vec: Problem data validation.
ERROR in osqp_update_data_vec: Problem data validation.
ERROR in osqp_update_data_vec: Problem data validation.
ERROR in osqp_update_data_vec: Problem data validation.
ERROR in osqp_update_data_vec: Problem data validation.
ERROR in osqp_update_data_vec: Problem data validation.
ERROR in osqp_update_data_vec: Problem data validation.
ERROR in osqp_update_data_vec: Problem data validation.
ERROR in osqp_update_data_vec: Problem data validation.
ERROR in osqp_update_data_vec: Problem data validation.
ERROR in osqp_update_data_vec: Problem data validation.
ERROR in osqp_update_data_vec: Problem data validation.
ERROR in osqp_update_data_vec: Problem data validation.
ERROR in osqp_update_data_vec: Problem data validation.
ERROR in osqp_update_data_vec: Problem data validation.
ERROR in osqp_update_data_vec: Problem data validation.
ERROR in osqp_update_data_vec: Problem data validation.
ERROR in osqp_update_data_vec: Problem data validation.
ERROR in osqp_update_data_vec: Problem data validation.
ERROR in osqp_update_data_vec: Problem data validation.
ERROR in osqp_update_data_vec: Problem data validation.
ERROR in osqp_update_data_vec: Problem data validation.
ERROR in osqp_update_data_vec: Problem data validation.
ERROR in osqp_update_data_vec: Problem data validation.
ERROR in osqp_update_data_vec: Problem data validation.
ERROR in osqp_update_data_vec: Problem data validation.
ERROR in osqp_update_data_vec: Problem data validation.
ERROR in osqp_update_data_vec: Problem data validation.
ERROR in osqp_update_data_vec: Problem data validation.
ERROR in osqp_update_data_vec: Problem data validation.
ERROR in osqp_update_data_vec: Problem data validation.
ERROR in osqp_update_data_vec: Problem data validation.
ERROR in osqp_update_data_vec: Problem data validation.
ERROR in osqp_update_data_vec: Problem data validation.
ERROR in osqp_update_data_vec: Problem data validation.
ERROR in osqp_update_data_vec: Problem data validation.
ERROR in osqp_update_data_vec: Problem data validation.
ERROR in osqp_update_data_vec: Problem data validation.
ERROR in osqp_update_data_vec: Problem data validation.
ERROR in osqp_update_data_vec: Problem data validation.
ERROR in osqp_update_data_vec: Problem data validation.
ERROR in osqp_update_data_vec: Problem data validation.
ERROR in osqp_update_data_vec: Problem data validation.
ERROR in osqp_update_data_vec: Problem data validation.
ERROR in osqp_update_data_vec: Problem data validation.
ERROR in osqp_update_data_vec: Problem data validation.
ERROR in osqp_update_data_vec: Problem data validation.
ERROR in osqp_update_data_vec: Problem data validation.
ERROR in osqp_update_data_vec: Problem data validation.
ERROR in osqp_update_data_vec: Problem data validation.
ERROR in osqp_update_data_vec: Problem data validation.
Restricted license - for non-production use only - expires 2027-11-29
/Users/parkcart/workspace/occlusion-cbf/.venv/lib/python3.10/site-packages/cvxpy/problems/problem.py:1539: UserWarning: Solution may be inaccurate. Try another solver, adjusting the solver settings, or solve with verbose=True for more information.
  warnings.warn(
[007/100] idx=  4 -> infeasible (raw=infeasible, compute_ms=6.370498337928819, intv=0.16999336431334808)
Restricted license - for non-production use only - expires 2027-11-29
/Users/parkcart/workspace/occlusion-cbf/.venv/lib/python3.10/site-packages/cvxpy/problems/problem.py:1539: UserWarning: Solution may be inaccurate. Try another solver, adjusting the solver settings, or solve with verbose=True for more information.
  warnings.warn(
[008/100] idx=  6 -> success    (raw=success, compute_ms=7.767213720918619, intv=0.26698603988885666)
[009/100] idx= 11 -> infeasible (raw=infeasible, compute_ms=6.149551824566609, intv=0.2533741046450575)
[010/100] idx=  9 -> success    (raw=success, compute_ms=6.149170236905163, intv=0.20550649961375783)
ERROR in osqp_update_data_vec: Problem data validation.
Restricted license - for non-production use only - expires 2027-11-29
/Users/parkcart/workspace/occlusion-cbf/.venv/lib/python3.10/site-packages/cvxpy/problems/problem.py:1539: UserWarning: Solution may be inaccurate. Try another solver, adjusting the solver settings, or solve with verbose=True for more information.
  warnings.warn(
[011/100] idx= 14 -> infeasible (raw=infeasible, compute_ms=6.5662841347763115, intv=0.18996963123032054)
[012/100] idx= 13 -> success    (raw=success, compute_ms=6.285965505003375, intv=0.16217244323361169)
[013/100] idx= 10 -> success    (raw=success, compute_ms=6.273256221035062, intv=0.26240485404096453)
[014/100] idx= 17 -> infeasible (raw=infeasible, compute_ms=6.276269136265664, intv=0.16238257043443835)
[015/100] idx= 16 -> success    (raw=success, compute_ms=7.0214743885997395, intv=0.13190474438938762)
[016/100] idx= 18 -> infeasible (raw=infeasible, compute_ms=7.188434455116637, intv=0.1388228588174101)
[017/100] idx= 15 -> success    (raw=success, compute_ms=5.400688052370737, intv=0.25855341287787714)
[018/100] idx= 23 -> infeasible (raw=infeasible, compute_ms=19.78877082265998, intv=1.1210183869178163)
[019/100] idx= 21 -> collision  (raw=collision, compute_ms=6.632708810179287, intv=0.7402902641001198)
[020/100] idx= 19 -> success    (raw=success, compute_ms=5.992632062488478, intv=0.19810789172530807)
[021/100] idx= 20 -> infeasible (raw=infeasible, compute_ms=6.280307036687645, intv=0.1493168880134397)
[022/100] idx= 27 -> infeasible (raw=infeasible, compute_ms=9.426156485599261, intv=0.4613494237226717)
[023/100] idx= 25 -> infeasible (raw=infeasible, compute_ms=6.601437878609391, intv=0.2671192460750985)
[024/100] idx= 12 -> success    (raw=success, compute_ms=5.819633265614719, intv=0.6589793841497196)
[025/100] idx= 24 -> success    (raw=success, compute_ms=8.204046098361683, intv=0.11555807501205918)
/Users/parkcart/workspace/occlusion-cbf/.venv/lib/python3.10/site-packages/cvxpy/problems/problem.py:1539: UserWarning: Solution may be inaccurate. Try another solver, adjusting the solver settings, or solve with verbose=True for more information.
  warnings.warn(
[026/100] idx= 30 -> infeasible (raw=infeasible, compute_ms=7.139810669406887, intv=0.32722428145697474)
[027/100] idx= 22 -> success    (raw=success, compute_ms=6.00066132539696, intv=0.2688645934825267)
[028/100] idx= 32 -> infeasible (raw=infeasible, compute_ms=8.859461380140573, intv=0.5035725131729325)
[029/100] idx= 26 -> success    (raw=success, compute_ms=6.08822373117997, intv=0.2755261539864545)
[030/100] idx= 29 -> success    (raw=success, compute_ms=8.13111198223406, intv=0.10199931616805236)
[031/100] idx= 28 -> success    (raw=success, compute_ms=6.246655881175604, intv=0.25245755967844163)
[032/100] idx= 31 -> infeasible (raw=infeasible, compute_ms=6.606646475721689, intv=0.23417863755565627)
[033/100] idx= 35 -> infeasible (raw=infeasible, compute_ms=9.118708462404333, intv=0.21314169231084648)
[034/100] idx= 33 -> infeasible (raw=infeasible, compute_ms=6.367281827385804, intv=0.5513544160893561)
[035/100] idx= 37 -> infeasible (raw=infeasible, compute_ms=5.929086363290967, intv=0.17606301033570823)
[036/100] idx= 36 -> success    (raw=success, compute_ms=5.506972001432724, intv=0.2488199204891367)
[037/100] idx= 38 -> success    (raw=success, compute_ms=5.985520726531334, intv=0.2190288099610824)
ERROR in osqp_update_data_vec: Problem data validation.
ERROR in osqp_update_data_vec: Problem data validation.
ERROR in osqp_update_data_vec: Problem data validation.
ERROR in osqp_update_data_vec: Problem data validation.
ERROR in osqp_update_data_vec: Problem data validation.
ERROR in osqp_update_data_vec: Problem data validation.
ERROR in osqp_update_data_vec: Problem data validation.
ERROR in osqp_update_data_vec: Problem data validation.
ERROR in osqp_update_data_vec: Problem data validation.
ERROR in osqp_update_data_vec: Problem data validation.
ERROR in osqp_update_data_vec: Problem data validation.
ERROR in osqp_update_data_vec: Problem data validation.
ERROR in osqp_update_data_vec: Problem data validation.
ERROR in osqp_update_data_vec: Problem data validation.
ERROR in osqp_update_data_vec: Problem data validation.
ERROR in osqp_update_data_vec: Problem data validation.
ERROR in osqp_update_data_vec: Problem data validation.
ERROR in osqp_update_data_vec: Problem data validation.
Infeasible detected!!
ERROR in osqp_update_data_vec: Problem data validation.
ERROR in osqp_update_data_vec: Problem data validation.
ERROR in osqp_update_data_vec: Problem data validation.
ERROR in osqp_update_data_vec: Problem data validation.
ERROR in osqp_update_data_vec: Problem data validation.
ERROR in osqp_update_data_vec: Problem data validation.
ERROR in osqp_update_data_vec: Problem data validation.
ERROR in osqp_update_data_vec: Problem data validation.
ERROR in osqp_update_data_vec: Problem data validation.
ERROR in osqp_update_data_vec: Problem data validation.
ERROR in osqp_update_data_vec: Problem data validation.
ERROR in osqp_update_data_vec: Problem data validation.
ERROR in osqp_update_data_vec: Problem data validation.
ERROR in osqp_update_data_vec: Problem data validation.
ERROR in osqp_update_data_vec: Problem data validation.
ERROR in osqp_update_data_vec: Problem data validation.
ERROR in osqp_update_data_vec: Problem data validation.
ERROR in osqp_update_data_vec: Problem data validation.
ERROR in osqp_update_data_vec: Problem data validation.
ERROR in osqp_update_data_vec: Problem data validation.
ERROR in osqp_update_data_vec: Problem data validation.
ERROR in osqp_update_data_vec: Problem data validation.
ERROR in osqp_update_data_vec: Problem data validation.
ERROR in osqp_update_data_vec: Problem data validation.
ERROR in osqp_update_data_vec: Problem data validation.
ERROR in osqp_update_data_vec: Problem data validation.
ERROR in osqp_update_data_vec: Problem data validation.
ERROR in osqp_update_data_vec: Problem data validation.
ERROR in osqp_update_data_vec: Problem data validation.
ERROR in osqp_update_data_vec: Problem data validation.
ERROR in osqp_update_data_vec: Problem data validation.
ERROR in osqp_update_data_vec: Problem data validation.
ERROR in osqp_update_data_vec: Problem data validation.
ERROR in osqp_update_data_vec: Problem data validation.
ERROR in osqp_update_data_vec: Problem data validation.
ERROR in osqp_update_data_vec: Problem data validation.
ERROR in osqp_update_data_vec: Problem data validation.
ERROR in osqp_update_data_vec: Problem data validation.
ERROR in osqp_update_data_vec: Problem data validation.
ERROR in osqp_update_data_vec: Problem data validation.
ERROR in osqp_update_data_vec: Problem data validation.
ERROR in osqp_update_data_vec: Problem data validation.
ERROR in osqp_update_data_vec: Problem data validation.
ERROR in osqp_update_data_vec: Problem data validation.
ERROR in osqp_update_data_vec: Problem data validation.
ERROR in osqp_update_data_vec: Problem data validation.
ERROR in osqp_update_data_vec: Problem data validation.
ERROR in osqp_update_data_vec: Problem data validation.
ERROR in osqp_update_data_vec: Problem data validation.
ERROR in osqp_update_data_vec: Problem data validation.
ERROR in osqp_update_data_vec: Problem data validation.
ERROR in osqp_update_data_vec: Problem data validation.
ERROR in osqp_update_data_vec: Problem data validation.
ERROR in osqp_update_data_vec: Problem data validation.
ERROR in osqp_update_data_vec: Problem data validation.
ERROR in osqp_update_data_vec: Problem data validation.
ERROR in osqp_update_data_vec: Problem data validation.
ERROR in osqp_update_data_vec: Problem data validation.
ERROR in osqp_update_data_vec: Problem data validation.
ERROR in osqp_update_data_vec: Problem data validation.
ERROR in osqp_update_data_vec: Problem data validation.
ERROR in osqp_update_data_vec: Problem data validation.
ERROR in osqp_update_data_vec: Problem data validation.
ERROR in osqp_update_data_vec: Problem data validation.
ERROR in osqp_update_data_vec: Problem data validation.
ERROR in osqp_update_data_vec: Problem data validation.
ERROR in osqp_update_data_vec: Problem data validation.
ERROR in osqp_update_data_vec: Problem data validation.
ERROR in osqp_update_data_vec: Problem data validation.
ERROR in osqp_update_data_vec: Problem data validation.
ERROR in osqp_update_data_vec: Problem data validation.
ERROR in osqp_update_data_vec: Problem data validation.
ERROR in osqp_update_data_vec: Problem data validation.
ERROR in osqp_update_data_vec: Problem data validation.
ERROR in osqp_update_data_vec: Problem data validation.
ERROR in osqp_update_data_vec: Problem data validation.
ERROR in osqp_update_data_vec: Problem data validation.
ERROR in osqp_update_data_vec: Problem data validation.
ERROR in osqp_update_data_vec: Problem data validation.
ERROR in osqp_update_data_vec: Problem data validation.
ERROR in osqp_update_data_vec: Problem data validation.
ERROR in osqp_update_data_vec: Problem data validation.
ERROR in osqp_update_data_vec: Problem data validation.
ERROR in osqp_update_data_vec: Problem data validation.
ERROR in osqp_update_data_vec: Problem data validation.
ERROR in osqp_update_data_vec: Problem data validation.
ERROR in osqp_update_data_vec: Problem data validation.
ERROR in osqp_update_data_vec: Problem data validation.
ERROR in osqp_update_data_vec: Problem data validation.
ERROR in osqp_update_data_vec: Problem data validation.
ERROR in osqp_update_data_vec: Problem data validation.
ERROR in osqp_update_data_vec: Problem data validation.
ERROR in osqp_update_data_vec: Problem data validation.
ERROR in osqp_update_data_vec: Problem data validation.
ERROR in osqp_update_data_vec: Problem data validation.
ERROR in osqp_update_data_vec: Problem data validation.
ERROR in osqp_update_data_vec: Problem data validation.
Infeasible detected!!
ERROR in osqp_update_data_vec: Problem data validation.
ERROR in osqp_update_data_vec: Problem data validation.
ERROR in osqp_update_data_vec: Problem data validation.
ERROR in osqp_update_data_vec: Problem data validation.
ERROR in osqp_update_data_vec: Problem data validation.
ERROR in osqp_update_data_vec: Problem data validation.
ERROR in osqp_update_data_vec: Problem data validation.
ERROR in osqp_update_data_vec: Problem data validation.
ERROR in osqp_update_data_vec: Problem data validation.
ERROR in osqp_update_data_vec: Problem data validation.
ERROR in osqp_update_data_vec: Problem data validation.
ERROR in osqp_update_data_vec: Problem data validation.
ERROR in osqp_update_data_vec: Problem data validation.
Infeasible detected!!
ERROR in osqp_update_data_vec: Problem data validation.
ERROR in osqp_update_data_vec: Problem data validation.
ERROR in osqp_update_data_vec: Problem data validation.
ERROR in osqp_update_data_vec: Problem data validation.
ERROR in osqp_update_data_vec: Problem data validation.
ERROR in osqp_update_data_vec: Problem data validation.
ERROR in osqp_update_data_vec: Problem data validation.
ERROR in osqp_update_data_vec: Problem data validation.
ERROR in osqp_update_data_vec: Problem data validation.
ERROR in osqp_update_data_vec: Problem data validation.
ERROR in osqp_update_data_vec: Problem data validation.
ERROR in osqp_update_data_vec: Problem data validation.
ERROR in osqp_update_data_vec: Problem data validation.
ERROR in osqp_update_data_vec: Problem data validation.
ERROR in osqp_update_data_vec: Problem data validation.
ERROR in osqp_update_data_vec: Problem data validation.
ERROR in osqp_update_data_vec: Problem data validation.
[038/100] idx= 34 -> success    (raw=success, compute_ms=5.810031528971694, intv=0.6320932939604482)
[039/100] idx= 40 -> success    (raw=success, compute_ms=5.968991258727271, intv=0.29085877392249115)
[040/100] idx= 39 -> infeasible (raw=infeasible, compute_ms=6.784427313234758, intv=0.4152181942023247)
[041/100] idx= 41 -> success    (raw=success, compute_ms=7.555796062203155, intv=0.29248835132832063)
[042/100] idx= 42 -> success    (raw=success, compute_ms=5.669073928816824, intv=0.25254588300284037)
[043/100] idx= 47 -> infeasible (raw=infeasible, compute_ms=9.333440110781096, intv=0.5669233434048137)
[044/100] idx= 43 -> success    (raw=success, compute_ms=6.808495428402977, intv=0.25517655312262205)
[045/100] idx= 45 -> collision  (raw=collision, compute_ms=7.8018658321446805, intv=0.24162355192692841)
[046/100] idx= 44 -> success    (raw=success, compute_ms=5.827594106844332, intv=0.3325624237302068)
[047/100] idx= 46 -> success    (raw=success, compute_ms=5.616885120763672, intv=0.2731530786050776)
[048/100] idx= 48 -> infeasible (raw=infeasible, compute_ms=6.17597417961285, intv=0.2542536878491721)
[049/100] idx= 50 -> success    (raw=success, compute_ms=6.04137451772762, intv=0.2097018211122214)
[050/100] idx= 51 -> success    (raw=success, compute_ms=6.009119842995652, intv=0.2598101847840232)
[051/100] idx= 49 -> success    (raw=success, compute_ms=6.174300502390406, intv=0.4148079478836076)
[052/100] idx= 53 -> success    (raw=success, compute_ms=5.863898453554631, intv=0.19734838247979403)
[053/100] idx= 55 -> infeasible (raw=infeasible, compute_ms=6.482400792554823, intv=0.2630495441970818)
[054/100] idx= 54 -> success    (raw=success, compute_ms=5.655320671398008, intv=0.19694056989418093)
Infeasible detected!!
ERROR in osqp_update_data_vec: Problem data validation.
ERROR in osqp_update_data_vec: Problem data validation.
ERROR in osqp_update_data_vec: Problem data validation.
ERROR in osqp_update_data_vec: Problem data validation.
ERROR in osqp_update_data_vec: Problem data validation.
ERROR in osqp_update_data_vec: Problem data validation.
ERROR in osqp_update_data_vec: Problem data validation.
ERROR in osqp_update_data_vec: Problem data validation.
ERROR in osqp_update_data_vec: Problem data validation.
ERROR in osqp_update_data_vec: Problem data validation.
ERROR in osqp_update_data_vec: Problem data validation.
ERROR in osqp_update_data_vec: Problem data validation.
ERROR in osqp_update_data_vec: Problem data validation.
ERROR in osqp_update_data_vec: Problem data validation.
ERROR in osqp_update_data_vec: Problem data validation.
ERROR in osqp_update_data_vec: Problem data validation.
ERROR in osqp_update_data_vec: Problem data validation.
ERROR in osqp_update_data_vec: Problem data validation.
ERROR in osqp_update_data_vec: Problem data validation.
ERROR in osqp_update_data_vec: Problem data validation.
ERROR in osqp_update_data_vec: Problem data validation.
ERROR in osqp_update_data_vec: Problem data validation.
ERROR in osqp_update_data_vec: Problem data validation.
ERROR in osqp_update_data_vec: Problem data validation.
ERROR in osqp_update_data_vec: Problem data validation.
ERROR in osqp_update_data_vec: Problem data validation.
ERROR in osqp_update_data_vec: Problem data validation.
ERROR in osqp_update_data_vec: Problem data validation.
ERROR in osqp_update_data_vec: Problem data validation.
ERROR in osqp_update_data_vec: Problem data validation.
ERROR in osqp_update_data_vec: Problem data validation.
ERROR in osqp_update_data_vec: Problem data validation.
ERROR in osqp_update_data_vec: Problem data validation.
ERROR in osqp_update_data_vec: Problem data validation.
ERROR in osqp_update_data_vec: Problem data validation.
ERROR in osqp_update_data_vec: Problem data validation.
ERROR in osqp_update_data_vec: Problem data validation.
ERROR in osqp_update_data_vec: Problem data validation.
ERROR in osqp_update_data_vec: Problem data validation.
ERROR in osqp_update_data_vec: Problem data validation.
ERROR in osqp_update_data_vec: Problem data validation.
ERROR in osqp_update_data_vec: Problem data validation.
ERROR in osqp_update_data_vec: Problem data validation.
ERROR in osqp_update_data_vec: Problem data validation.
ERROR in osqp_update_data_vec: Problem data validation.
ERROR in osqp_update_data_vec: Problem data validation.
ERROR in osqp_update_data_vec: Problem data validation.
ERROR in osqp_update_data_vec: Problem data validation.
ERROR in osqp_update_data_vec: Problem data validation.
ERROR in osqp_update_data_vec: Problem data validation.
ERROR in osqp_update_data_vec: Problem data validation.
ERROR in osqp_update_data_vec: Problem data validation.
ERROR in osqp_update_data_vec: Problem data validation.
ERROR in osqp_update_data_vec: Problem data validation.
ERROR in osqp_update_data_vec: Problem data validation.
ERROR in osqp_update_data_vec: Problem data validation.
ERROR in osqp_update_data_vec: Problem data validation.
ERROR in osqp_update_data_vec: Problem data validation.
ERROR in osqp_update_data_vec: Problem data validation.
ERROR in osqp_update_data_vec: Problem data validation.
ERROR in osqp_update_data_vec: Problem data validation.
ERROR in osqp_update_data_vec: Problem data validation.
ERROR in osqp_update_data_vec: Problem data validation.
ERROR in osqp_update_data_vec: Problem data validation.
ERROR in osqp_update_data_vec: Problem data validation.
Infeasible detected!!
Infeasible detected!!
ERROR in osqp_update_data_vec: Problem data validation.
ERROR in osqp_update_data_vec: Problem data validation.
ERROR in osqp_update_data_vec: Problem data validation.
ERROR in osqp_update_data_vec: Problem data validation.
ERROR in osqp_update_data_vec: Problem data validation.
ERROR in osqp_update_data_vec: Problem data validation.
ERROR in osqp_update_data_vec: Problem data validation.
ERROR in osqp_update_data_vec: Problem data validation.
ERROR in osqp_update_data_vec: Problem data validation.
ERROR in osqp_update_data_vec: Problem data validation.
ERROR in osqp_update_data_vec: Problem data validation.
ERROR in osqp_update_data_vec: Problem data validation.
ERROR in osqp_update_data_vec: Problem data validation.
ERROR in osqp_update_data_vec: Problem data validation.
ERROR in osqp_update_data_vec: Problem data validation.
ERROR in osqp_update_data_vec: Problem data validation.
ERROR in osqp_update_data_vec: Problem data validation.
ERROR in osqp_update_data_vec: Problem data validation.
ERROR in osqp_update_data_vec: Problem data validation.
ERROR in osqp_update_data_vec: Problem data validation.
ERROR in osqp_update_data_vec: Problem data validation.
ERROR in osqp_update_data_vec: Problem data validation.
ERROR in osqp_update_data_vec: Problem data validation.
ERROR in osqp_update_data_vec: Problem data validation.
ERROR in osqp_update_data_vec: Problem data validation.
ERROR in osqp_update_data_vec: Problem data validation.
ERROR in osqp_update_data_vec: Problem data validation.
ERROR in osqp_update_data_vec: Problem data validation.
ERROR in osqp_update_data_vec: Problem data validation.
ERROR in osqp_update_data_vec: Problem data validation.
ERROR in osqp_update_data_vec: Problem data validation.
ERROR in osqp_update_data_vec: Problem data validation.
ERROR in osqp_update_data_vec: Problem data validation.
ERROR in osqp_update_data_vec: Problem data validation.
ERROR in osqp_update_data_vec: Problem data validation.
ERROR in osqp_update_data_vec: Problem data validation.
ERROR in osqp_update_data_vec: Problem data validation.
ERROR in osqp_update_data_vec: Problem data validation.
ERROR in osqp_update_data_vec: Problem data validation.
ERROR in osqp_update_data_vec: Problem data validation.
ERROR in osqp_update_data_vec: Problem data validation.
ERROR in osqp_update_data_vec: Problem data validation.
ERROR in osqp_update_data_vec: Problem data validation.
ERROR in osqp_update_data_vec: Problem data validation.
ERROR in osqp_update_data_vec: Problem data validation.
ERROR in osqp_update_data_vec: Problem data validation.
ERROR in osqp_update_data_vec: Problem data validation.
ERROR in osqp_update_data_vec: Problem data validation.
ERROR in osqp_update_data_vec: Problem data validation.
ERROR in osqp_update_data_vec: Problem data validation.
ERROR in osqp_update_data_vec: Problem data validation.
ERROR in osqp_update_data_vec: Problem data validation.
ERROR in osqp_update_data_vec: Problem data validation.
ERROR in osqp_update_data_vec: Problem data validation.
ERROR in osqp_update_data_vec: Problem data validation.
ERROR in osqp_update_data_vec: Problem data validation.
ERROR in osqp_update_data_vec: Problem data validation.
ERROR in osqp_update_data_vec: Problem data validation.
ERROR in osqp_update_data_vec: Problem data validation.
ERROR in osqp_update_data_vec: Problem data validation.
ERROR in osqp_update_data_vec: Problem data validation.
ERROR in osqp_update_data_vec: Problem data validation.
ERROR in osqp_update_data_vec: Problem data validation.
ERROR in osqp_update_data_vec: Problem data validation.
ERROR in osqp_update_data_vec: Problem data validation.
ERROR in osqp_update_data_vec: Problem data validation.
ERROR in osqp_update_data_vec: Problem data validation.
ERROR in osqp_update_data_vec: Problem data validation.
ERROR in osqp_update_data_vec: Problem data validation.
ERROR in osqp_update_data_vec: Problem data validation.
ERROR in osqp_update_data_vec: Problem data validation.
ERROR in osqp_update_data_vec: Problem data validation.
ERROR in osqp_update_data_vec: Problem data validation.
ERROR in osqp_update_data_vec: Problem data validation.
ERROR in osqp_update_data_vec: Problem data validation.
ERROR in osqp_update_data_vec: Problem data validation.
ERROR in osqp_update_data_vec: Problem data validation.
ERROR in osqp_update_data_vec: Problem data validation.
ERROR in osqp_update_data_vec: Problem data validation.
ERROR in osqp_update_data_vec: Problem data validation.
[055/100] idx= 52 -> success    (raw=success, compute_ms=6.402824455890138, intv=0.38509041957699075)
Infeasible detected!!
Infeasible detected!!
ERROR in osqp_update_data_vec: Problem data validation.
Infeasible detected!!
ERROR in osqp_update_data_vec: Problem data validation.
ERROR in osqp_update_data_vec: Problem data validation.
ERROR in osqp_update_data_vec: Problem data validation.
ERROR in osqp_update_data_vec: Problem data validation.
ERROR in osqp_update_data_vec: Problem data validation.
ERROR in osqp_update_data_vec: Problem data validation.
ERROR in osqp_update_data_vec: Problem data validation.
ERROR in osqp_update_data_vec: Problem data validation.
ERROR in osqp_update_data_vec: Problem data validation.
ERROR in osqp_update_data_vec: Problem data validation.
ERROR in osqp_update_data_vec: Problem data validation.
ERROR in osqp_update_data_vec: Problem data validation.
ERROR in osqp_update_data_vec: Problem data validation.
ERROR in osqp_update_data_vec: Problem data validation.
ERROR in osqp_update_data_vec: Problem data validation.
ERROR in osqp_update_data_vec: Problem data validation.
ERROR in osqp_update_data_vec: Problem data validation.
ERROR in osqp_update_data_vec: Problem data validation.
ERROR in osqp_update_data_vec: Problem data validation.
ERROR in osqp_update_data_vec: Problem data validation.
ERROR in osqp_update_data_vec: Problem data validation.
ERROR in osqp_update_data_vec: Problem data validation.
ERROR in osqp_update_data_vec: Problem data validation.
ERROR in osqp_update_data_vec: Problem data validation.
ERROR in osqp_update_data_vec: Problem data validation.
ERROR in osqp_update_data_vec: Problem data validation.
ERROR in osqp_update_data_vec: Problem data validation.
ERROR in osqp_update_data_vec: Problem data validation.
ERROR in osqp_update_data_vec: Problem data validation.
ERROR in osqp_update_data_vec: Problem data validation.
ERROR in osqp_update_data_vec: Problem data validation.
ERROR in osqp_update_data_vec: Problem data validation.
ERROR in osqp_update_data_vec: Problem data validation.
ERROR in osqp_update_data_vec: Problem data validation.
ERROR in osqp_update_data_vec: Problem data validation.
ERROR in osqp_update_data_vec: Problem data validation.
ERROR in osqp_update_data_vec: Problem data validation.
ERROR in osqp_update_data_vec: Problem data validation.
ERROR in osqp_update_data_vec: Problem data validation.
ERROR in osqp_update_data_vec: Problem data validation.
ERROR in osqp_update_data_vec: Problem data validation.
ERROR in osqp_update_data_vec: Problem data validation.
ERROR in osqp_update_data_vec: Problem data validation.
ERROR in osqp_update_data_vec: Problem data validation.
ERROR in osqp_update_data_vec: Problem data validation.
ERROR in osqp_update_data_vec: Problem data validation.
ERROR in osqp_update_data_vec: Problem data validation.
ERROR in osqp_update_data_vec: Problem data validation.
ERROR in osqp_update_data_vec: Problem data validation.
ERROR in osqp_update_data_vec: Problem data validation.
ERROR in osqp_update_data_vec: Problem data validation.
ERROR in osqp_update_data_vec: Problem data validation.
ERROR in osqp_update_data_vec: Problem data validation.
ERROR in osqp_update_data_vec: Problem data validation.
ERROR in osqp_update_data_vec: Problem data validation.
ERROR in osqp_update_data_vec: Problem data validation.
ERROR in osqp_update_data_vec: Problem data validation.
ERROR in osqp_update_data_vec: Problem data validation.
ERROR in osqp_update_data_vec: Problem data validation.
ERROR in osqp_update_data_vec: Problem data validation.
ERROR in osqp_update_data_vec: Problem data validation.
ERROR in osqp_update_data_vec: Problem data validation.
ERROR in osqp_update_data_vec: Problem data validation.
ERROR in osqp_update_data_vec: Problem data validation.
ERROR in osqp_update_data_vec: Problem data validation.
ERROR in osqp_update_data_vec: Problem data validation.
ERROR in osqp_update_data_vec: Problem data validation.
ERROR in osqp_update_data_vec: Problem data validation.
ERROR in osqp_update_data_vec: Problem data validation.
ERROR in osqp_update_data_vec: Problem data validation.
ERROR in osqp_update_data_vec: Problem data validation.
ERROR in osqp_update_data_vec: Problem data validation.
ERROR in osqp_update_data_vec: Problem data validation.
ERROR in osqp_update_data_vec: Problem data validation.
ERROR in osqp_update_data_vec: Problem data validation.
ERROR in osqp_update_data_vec: Problem data validation.
ERROR in osqp_update_data_vec: Problem data validation.
ERROR in osqp_update_data_vec: Problem data validation.
ERROR in osqp_update_data_vec: Problem data validation.
ERROR in osqp_update_data_vec: Problem data validation.
ERROR in osqp_update_data_vec: Problem data validation.
ERROR in osqp_update_data_vec: Problem data validation.
ERROR in osqp_update_data_vec: Problem data validation.
ERROR in osqp_update_data_vec: Problem data validation.
ERROR in osqp_update_data_vec: Problem data validation.
Infeasible detected!!
ERROR in osqp_update_data_vec: Problem data validation.
ERROR in osqp_update_data_vec: Problem data validation.
ERROR in osqp_update_data_vec: Problem data validation.
ERROR in osqp_update_data_vec: Problem data validation.
ERROR in osqp_update_data_vec: Problem data validation.
ERROR in osqp_update_data_vec: Problem data validation.
ERROR in osqp_update_data_vec: Problem data validation.
ERROR in osqp_update_data_vec: Problem data validation.
ERROR in osqp_update_data_vec: Problem data validation.
ERROR in osqp_update_data_vec: Problem data validation.
ERROR in osqp_update_data_vec: Problem data validation.
ERROR in osqp_update_data_vec: Problem data validation.
ERROR in osqp_update_data_vec: Problem data validation.
ERROR in osqp_update_data_vec: Problem data validation.
ERROR in osqp_update_data_vec: Problem data validation.
ERROR in osqp_update_data_vec: Problem data validation.
ERROR in osqp_update_data_vec: Problem data validation.
ERROR in osqp_update_data_vec: Problem data validation.
ERROR in osqp_update_data_vec: Problem data validation.
ERROR in osqp_update_data_vec: Problem data validation.
Infeasible detected!!
ERROR in osqp_update_data_vec: Problem data validation.
ERROR in osqp_update_data_vec: Problem data validation.
ERROR in osqp_update_data_vec: Problem data validation.
ERROR in osqp_update_data_vec: Problem data validation.
ERROR in osqp_update_data_vec: Problem data validation.
ERROR in osqp_update_data_vec: Problem data validation.
ERROR in osqp_update_data_vec: Problem data validation.
ERROR in osqp_update_data_vec: Problem data validation.
ERROR in osqp_update_data_vec: Problem data validation.
ERROR in osqp_update_data_vec: Problem data validation.
ERROR in osqp_update_data_vec: Problem data validation.
ERROR in osqp_update_data_vec: Problem data validation.
ERROR in osqp_update_data_vec: Problem data validation.
ERROR in osqp_update_data_vec: Problem data validation.
ERROR in osqp_update_data_vec: Problem data validation.
ERROR in osqp_update_data_vec: Problem data validation.
ERROR in osqp_update_data_vec: Problem data validation.
ERROR in osqp_update_data_vec: Problem data validation.
ERROR in osqp_update_data_vec: Problem data validation.
ERROR in osqp_update_data_vec: Problem data validation.
ERROR in osqp_update_data_vec: Problem data validation.
ERROR in osqp_update_data_vec: Problem data validation.
ERROR in osqp_update_data_vec: Problem data validation.
ERROR in osqp_update_data_vec: Problem data validation.
ERROR in osqp_update_data_vec: Problem data validation.
ERROR in osqp_update_data_vec: Problem data validation.
ERROR in osqp_update_data_vec: Problem data validation.
ERROR in osqp_update_data_vec: Problem data validation.
ERROR in osqp_update_data_vec: Problem data validation.
ERROR in osqp_update_data_vec: Problem data validation.
ERROR in osqp_update_data_vec: Problem data validation.
ERROR in osqp_update_data_vec: Problem data validation.
ERROR in osqp_update_data_vec: Problem data validation.
ERROR in osqp_update_data_vec: Problem data validation.
ERROR in osqp_update_data_vec: Problem data validation.
ERROR in osqp_update_data_vec: Problem data validation.
ERROR in osqp_update_data_vec: Problem data validation.
ERROR in osqp_update_data_vec: Problem data validation.
[056/100] idx= 57 -> infeasible (raw=infeasible, compute_ms=7.136369511905697, intv=0.2559709578885874)
[057/100] idx= 62 -> collision  (raw=collision, compute_ms=6.26797705679538, intv=0.5638481701980605)
[058/100] idx= 56 -> success    (raw=success, compute_ms=7.526886177172158, intv=0.23267815823867266)
[059/100] idx= 60 -> success    (raw=success, compute_ms=6.0172678642381126, intv=0.18181747157482692)
[060/100] idx= 58 -> success    (raw=success, compute_ms=6.4487345845767425, intv=0.23532249816959214)
[061/100] idx= 59 -> success    (raw=success, compute_ms=6.731486402596367, intv=0.20261566140953607)
[062/100] idx= 65 -> infeasible (raw=infeasible, compute_ms=6.1072754906490445, intv=0.44047677707955474)
[063/100] idx= 64 -> infeasible (raw=infeasible, compute_ms=6.600375217333229, intv=0.2590199944097421)
[064/100] idx= 61 -> success    (raw=success, compute_ms=5.581026002132998, intv=0.25642610054864456)
[065/100] idx= 67 -> infeasible (raw=infeasible, compute_ms=6.385953112444638, intv=0.30197060454880364)
[066/100] idx= 63 -> success    (raw=success, compute_ms=5.976413992577276, intv=0.14857743975845833)
[067/100] idx= 69 -> infeasible (raw=infeasible, compute_ms=10.612256192245411, intv=0.596980637737132)
[068/100] idx= 72 -> infeasible (raw=infeasible, compute_ms=10.927899902605493, intv=0.6899020681828294)
[069/100] idx= 66 -> collision  (raw=collision, compute_ms=6.299502364420225, intv=0.27146794354602416)
[070/100] idx= 68 -> success    (raw=success, compute_ms=6.805975996482133, intv=0.25818513903962437)
[071/100] idx= 71 -> success    (raw=success, compute_ms=6.467806197397096, intv=0.24371974519433962)
[072/100] idx= 70 -> success    (raw=success, compute_ms=6.489334262655553, intv=0.17730688670416545)
Infeasible detected!!
ERROR in osqp_update_data_vec: Problem data validation.
ERROR in osqp_update_data_vec: Problem data validation.
ERROR in osqp_update_data_vec: Problem data validation.
ERROR in osqp_update_data_vec: Problem data validation.
ERROR in osqp_update_data_vec: Problem data validation.
ERROR in osqp_update_data_vec: Problem data validation.
ERROR in osqp_update_data_vec: Problem data validation.
ERROR in osqp_update_data_vec: Problem data validation.
ERROR in osqp_update_data_vec: Problem data validation.
ERROR in osqp_update_data_vec: Problem data validation.
ERROR in osqp_update_data_vec: Problem data validation.
ERROR in osqp_update_data_vec: Problem data validation.
ERROR in osqp_update_data_vec: Problem data validation.
ERROR in osqp_update_data_vec: Problem data validation.
ERROR in osqp_update_data_vec: Problem data validation.
ERROR in osqp_update_data_vec: Problem data validation.
ERROR in osqp_update_data_vec: Problem data validation.
Infeasible detected!!
ERROR in osqp_update_data_vec: Problem data validation.
ERROR in osqp_update_data_vec: Problem data validation.
ERROR in osqp_update_data_vec: Problem data validation.
ERROR in osqp_update_data_vec: Problem data validation.
ERROR in osqp_update_data_vec: Problem data validation.
ERROR in osqp_update_data_vec: Problem data validation.
Infeasible detected!!
ERROR in osqp_update_data_vec: Problem data validation.
ERROR in osqp_update_data_vec: Problem data validation.
ERROR in osqp_update_data_vec: Problem data validation.
ERROR in osqp_update_data_vec: Problem data validation.
ERROR in osqp_update_data_vec: Problem data validation.
ERROR in osqp_update_data_vec: Problem data validation.
ERROR in osqp_update_data_vec: Problem data validation.
ERROR in osqp_update_data_vec: Problem data validation.
ERROR in osqp_update_data_vec: Problem data validation.
ERROR in osqp_update_data_vec: Problem data validation.
ERROR in osqp_update_data_vec: Problem data validation.
ERROR in osqp_update_data_vec: Problem data validation.
ERROR in osqp_update_data_vec: Problem data validation.
ERROR in osqp_update_data_vec: Problem data validation.
ERROR in osqp_update_data_vec: Problem data validation.
ERROR in osqp_update_data_vec: Problem data validation.
ERROR in osqp_update_data_vec: Problem data validation.
ERROR in osqp_update_data_vec: Problem data validation.
ERROR in osqp_update_data_vec: Problem data validation.
ERROR in osqp_update_data_vec: Problem data validation.
ERROR in osqp_update_data_vec: Problem data validation.
ERROR in osqp_update_data_vec: Problem data validation.
ERROR in osqp_update_data_vec: Problem data validation.
ERROR in osqp_update_data_vec: Problem data validation.
ERROR in osqp_update_data_vec: Problem data validation.
ERROR in osqp_update_data_vec: Problem data validation.
ERROR in osqp_update_data_vec: Problem data validation.
ERROR in osqp_update_data_vec: Problem data validation.
ERROR in osqp_update_data_vec: Problem data validation.
ERROR in osqp_update_data_vec: Problem data validation.
ERROR in osqp_update_data_vec: Problem data validation.
ERROR in osqp_update_data_vec: Problem data validation.
ERROR in osqp_update_data_vec: Problem data validation.
ERROR in osqp_update_data_vec: Problem data validation.
ERROR in osqp_update_data_vec: Problem data validation.
ERROR in osqp_update_data_vec: Problem data validation.
ERROR in osqp_update_data_vec: Problem data validation.
ERROR in osqp_update_data_vec: Problem data validation.
ERROR in osqp_update_data_vec: Problem data validation.
ERROR in osqp_update_data_vec: Problem data validation.
ERROR in osqp_update_data_vec: Problem data validation.
ERROR in osqp_update_data_vec: Problem data validation.
ERROR in osqp_update_data_vec: Problem data validation.
ERROR in osqp_update_data_vec: Problem data validation.
ERROR in osqp_update_data_vec: Problem data validation.
ERROR in osqp_update_data_vec: Problem data validation.
ERROR in osqp_update_data_vec: Problem data validation.
ERROR in osqp_update_data_vec: Problem data validation.
ERROR in osqp_update_data_vec: Problem data validation.
ERROR in osqp_update_data_vec: Problem data validation.
ERROR in osqp_update_data_vec: Problem data validation.
ERROR in osqp_update_data_vec: Problem data validation.
ERROR in osqp_update_data_vec: Problem data validation.
ERROR in osqp_update_data_vec: Problem data validation.
ERROR in osqp_update_data_vec: Problem data validation.
ERROR in osqp_update_data_vec: Problem data validation.
ERROR in osqp_update_data_vec: Problem data validation.
ERROR in osqp_update_data_vec: Problem data validation.
ERROR in osqp_update_data_vec: Problem data validation.
ERROR in osqp_update_data_vec: Problem data validation.
ERROR in osqp_update_data_vec: Problem data validation.
ERROR in osqp_update_data_vec: Problem data validation.
ERROR in osqp_update_data_vec: Problem data validation.
ERROR in osqp_update_data_vec: Problem data validation.
ERROR in osqp_update_data_vec: Problem data validation.
ERROR in osqp_update_data_vec: Problem data validation.
ERROR in osqp_update_data_vec: Problem data validation.
ERROR in osqp_update_data_vec: Problem data validation.
ERROR in osqp_update_data_vec: Problem data validation.
ERROR in osqp_update_data_vec: Problem data validation.
ERROR in osqp_update_data_vec: Problem data validation.
ERROR in osqp_update_data_vec: Problem data validation.
ERROR in osqp_update_data_vec: Problem data validation.
ERROR in osqp_update_data_vec: Problem data validation.
ERROR in osqp_update_data_vec: Problem data validation.
ERROR in osqp_update_data_vec: Problem data validation.
ERROR in osqp_update_data_vec: Problem data validation.
ERROR in osqp_update_data_vec: Problem data validation.
ERROR in osqp_update_data_vec: Problem data validation.
ERROR in osqp_update_data_vec: Problem data validation.
ERROR in osqp_update_data_vec: Problem data validation.
ERROR in osqp_update_data_vec: Problem data validation.
ERROR in osqp_update_data_vec: Problem data validation.
Collision with known obstacle detected! Obs: [19.86657114 10.00715043  0.33471502 -0.33422131  0.38058111 -2.
 32.          1.        ], Robot: [20.01291668 10.57189789] 0.25, Distance: 0.5834009933333221, True
Collision detected !!
ERROR in osqp_update_data_vec: Problem data validation.
ERROR in osqp_update_data_vec: Problem data validation.
ERROR in osqp_update_data_vec: Problem data validation.
ERROR in osqp_update_data_vec: Problem data validation.
ERROR in osqp_update_data_vec: Problem data validation.
ERROR in osqp_update_data_vec: Problem data validation.
ERROR in osqp_update_data_vec: Problem data validation.
ERROR in osqp_update_data_vec: Problem data validation.
ERROR in osqp_update_data_vec: Problem data validation.
ERROR in osqp_update_data_vec: Problem data validation.
ERROR in osqp_update_data_vec: Problem data validation.
ERROR in osqp_update_data_vec: Problem data validation.
ERROR in osqp_update_data_vec: Problem data validation.
ERROR in osqp_update_data_vec: Problem data validation.
ERROR in osqp_update_data_vec: Problem data validation.
ERROR in osqp_update_data_vec: Problem data validation.
ERROR in osqp_update_data_vec: Problem data validation.
ERROR in osqp_update_data_vec: Problem data validation.
ERROR in osqp_update_data_vec: Problem data validation.
ERROR in osqp_update_data_vec: Problem data validation.
ERROR in osqp_update_data_vec: Problem data validation.
ERROR in osqp_update_data_vec: Problem data validation.
ERROR in osqp_update_data_vec: Problem data validation.
ERROR in osqp_update_data_vec: Problem data validation.
ERROR in osqp_update_data_vec: Problem data validation.
ERROR in osqp_update_data_vec: Problem data validation.
ERROR in osqp_update_data_vec: Problem data validation.
ERROR in osqp_update_data_vec: Problem data validation.
ERROR in osqp_update_data_vec: Problem data validation.
ERROR in osqp_update_data_vec: Problem data validation.
ERROR in osqp_update_data_vec: Problem data validation.
Infeasible detected!!
Infeasible detected!!
ERROR in osqp_update_data_vec: Problem data validation.
ERROR in osqp_update_data_vec: Problem data validation.
ERROR in osqp_update_data_vec: Problem data validation.
[073/100] idx= 73 -> success    (raw=success, compute_ms=6.551743865245528, intv=0.2041003187373754)
[074/100] idx= 78 -> infeasible (raw=infeasible, compute_ms=6.852398114623258, intv=0.288052403238588)
Infeasible detected!!
Infeasible detected!!
Infeasible detected!!
Infeasible detected!!
ERROR in osqp_update_data_vec: Problem data validation.
ERROR in osqp_update_data_vec: Problem data validation.
ERROR in osqp_update_data_vec: Problem data validation.
ERROR in osqp_update_data_vec: Problem data validation.
ERROR in osqp_update_data_vec: Problem data validation.
ERROR in osqp_update_data_vec: Problem data validation.
ERROR in osqp_update_data_vec: Problem data validation.
ERROR in osqp_update_data_vec: Problem data validation.
ERROR in osqp_update_data_vec: Problem data validation.
ERROR in osqp_update_data_vec: Problem data validation.
ERROR in osqp_update_data_vec: Problem data validation.
ERROR in osqp_update_data_vec: Problem data validation.
ERROR in osqp_update_data_vec: Problem data validation.
ERROR in osqp_update_data_vec: Problem data validation.
ERROR in osqp_update_data_vec: Problem data validation.
ERROR in osqp_update_data_vec: Problem data validation.
ERROR in osqp_update_data_vec: Problem data validation.
ERROR in osqp_update_data_vec: Problem data validation.
ERROR in osqp_update_data_vec: Problem data validation.
ERROR in osqp_update_data_vec: Problem data validation.
ERROR in osqp_update_data_vec: Problem data validation.
ERROR in osqp_update_data_vec: Problem data validation.
ERROR in osqp_update_data_vec: Problem data validation.
ERROR in osqp_update_data_vec: Problem data validation.
ERROR in osqp_update_data_vec: Problem data validation.
ERROR in osqp_update_data_vec: Problem data validation.
ERROR in osqp_update_data_vec: Problem data validation.
ERROR in osqp_update_data_vec: Problem data validation.
ERROR in osqp_update_data_vec: Problem data validation.
ERROR in osqp_update_data_vec: Problem data validation.
ERROR in osqp_update_data_vec: Problem data validation.
ERROR in osqp_update_data_vec: Problem data validation.
ERROR in osqp_update_data_vec: Problem data validation.
ERROR in osqp_update_data_vec: Problem data validation.
ERROR in osqp_update_data_vec: Problem data validation.
ERROR in osqp_update_data_vec: Problem data validation.
ERROR in osqp_update_data_vec: Problem data validation.
ERROR in osqp_update_data_vec: Problem data validation.
ERROR in osqp_update_data_vec: Problem data validation.
ERROR in osqp_update_data_vec: Problem data validation.
ERROR in osqp_update_data_vec: Problem data validation.
ERROR in osqp_update_data_vec: Problem data validation.
ERROR in osqp_update_data_vec: Problem data validation.
ERROR in osqp_update_data_vec: Problem data validation.
ERROR in osqp_update_data_vec: Problem data validation.
ERROR in osqp_update_data_vec: Problem data validation.
ERROR in osqp_update_data_vec: Problem data validation.
ERROR in osqp_update_data_vec: Problem data validation.
ERROR in osqp_update_data_vec: Problem data validation.
ERROR in osqp_update_data_vec: Problem data validation.
ERROR in osqp_update_data_vec: Problem data validation.
ERROR in osqp_update_data_vec: Problem data validation.
ERROR in osqp_update_data_vec: Problem data validation.
ERROR in osqp_update_data_vec: Problem data validation.
ERROR in osqp_update_data_vec: Problem data validation.
ERROR in osqp_update_data_vec: Problem data validation.
ERROR in osqp_update_data_vec: Problem data validation.
ERROR in osqp_update_data_vec: Problem data validation.
ERROR in osqp_update_data_vec: Problem data validation.
ERROR in osqp_update_data_vec: Problem data validation.
ERROR in osqp_update_data_vec: Problem data validation.
ERROR in osqp_update_data_vec: Problem data validation.
ERROR in osqp_update_data_vec: Problem data validation.
ERROR in osqp_update_data_vec: Problem data validation.
ERROR in osqp_update_data_vec: Problem data validation.
ERROR in osqp_update_data_vec: Problem data validation.
ERROR in osqp_update_data_vec: Problem data validation.
ERROR in osqp_update_data_vec: Problem data validation.
ERROR in osqp_update_data_vec: Problem data validation.
ERROR in osqp_update_data_vec: Problem data validation.
ERROR in osqp_update_data_vec: Problem data validation.
ERROR in osqp_update_data_vec: Problem data validation.
ERROR in osqp_update_data_vec: Problem data validation.
ERROR in osqp_update_data_vec: Problem data validation.
ERROR in osqp_update_data_vec: Problem data validation.
ERROR in osqp_update_data_vec: Problem data validation.
ERROR in osqp_update_data_vec: Problem data validation.
ERROR in osqp_update_data_vec: Problem data validation.
Infeasible detected!!
ERROR in osqp_update_data_vec: Problem data validation.
ERROR in osqp_update_data_vec: Problem data validation.
ERROR in osqp_update_data_vec: Problem data validation.
ERROR in osqp_update_data_vec: Problem data validation.
ERROR in osqp_update_data_vec: Problem data validation.
ERROR in osqp_update_data_vec: Problem data validation.
ERROR in osqp_update_data_vec: Problem data validation.
ERROR in osqp_update_data_vec: Problem data validation.
ERROR in osqp_update_data_vec: Problem data validation.
ERROR in osqp_update_data_vec: Problem data validation.
ERROR in osqp_update_data_vec: Problem data validation.
ERROR in osqp_update_data_vec: Problem data validation.
ERROR in osqp_update_data_vec: Problem data validation.
ERROR in osqp_update_data_vec: Problem data validation.
ERROR in osqp_update_data_vec: Problem data validation.
ERROR in osqp_update_data_vec: Problem data validation.
ERROR in osqp_update_data_vec: Problem data validation.
ERROR in osqp_update_data_vec: Problem data validation.
ERROR in osqp_update_data_vec: Problem data validation.
ERROR in osqp_update_data_vec: Problem data validation.
Infeasible detected!!
ERROR in osqp_update_data_vec: Problem data validation.
ERROR in osqp_update_data_vec: Problem data validation.
ERROR in osqp_update_data_vec: Problem data validation.
ERROR in osqp_update_data_vec: Problem data validation.
ERROR in osqp_update_data_vec: Problem data validation.
ERROR in osqp_update_data_vec: Problem data validation.
ERROR in osqp_update_data_vec: Problem data validation.
ERROR in osqp_update_data_vec: Problem data validation.
ERROR in osqp_update_data_vec: Problem data validation.
ERROR in osqp_update_data_vec: Problem data validation.
ERROR in osqp_update_data_vec: Problem data validation.
Infeasible detected!!
ERROR in osqp_update_data_vec: Problem data validation.
ERROR in osqp_update_data_vec: Problem data validation.
Collision with known obstacle detected! Obs: [ 1.90682349  7.95670892  0.3592532  -0.86548367  0.3234872  -2.
 32.          1.        ], Robot: [1.31809411 8.09304343] 0.25, Distance: 0.6043090131915912, True
Collision detected !!
ERROR in osqp_update_data_vec: Problem data validation.
ERROR in osqp_update_data_vec: Problem data validation.
ERROR in osqp_update_data_vec: Problem data validation.
ERROR in osqp_update_data_vec: Problem data validation.
ERROR in osqp_update_data_vec: Problem data validation.
ERROR in osqp_update_data_vec: Problem data validation.
ERROR in osqp_update_data_vec: Problem data validation.
ERROR in osqp_update_data_vec: Problem data validation.
ERROR in osqp_update_data_vec: Problem data validation.
ERROR in osqp_update_data_vec: Problem data validation.
ERROR in osqp_update_data_vec: Problem data validation.
ERROR in osqp_update_data_vec: Problem data validation.
ERROR in osqp_update_data_vec: Problem data validation.
ERROR in osqp_update_data_vec: Problem data validation.
ERROR in osqp_update_data_vec: Problem data validation.
ERROR in osqp_update_data_vec: Problem data validation.
ERROR in osqp_update_data_vec: Problem data validation.
ERROR in osqp_update_data_vec: Problem data validation.
ERROR in osqp_update_data_vec: Problem data validation.
ERROR in osqp_update_data_vec: Problem data validation.
ERROR in osqp_update_data_vec: Problem data validation.
ERROR in osqp_update_data_vec: Problem data validation.
ERROR in osqp_update_data_vec: Problem data validation.
ERROR in osqp_update_data_vec: Problem data validation.
ERROR in osqp_update_data_vec: Problem data validation.
ERROR in osqp_update_data_vec: Problem data validation.
Infeasible detected!!
ERROR in osqp_update_data_vec: Problem data validation.
ERROR in osqp_update_data_vec: Problem data validation.
[075/100] idx= 74 -> success    (raw=success, compute_ms=6.432190334569474, intv=0.3674919220215391)
[076/100] idx= 75 -> success    (raw=success, compute_ms=6.416432023961855, intv=0.34622708718906275)
[077/100] idx= 80 -> collision  (raw=collision, compute_ms=7.36018600525915, intv=0.5302960049208727)
[078/100] idx= 76 -> success    (raw=success, compute_ms=5.410238586296995, intv=0.21160642463084164)
[079/100] idx= 81 -> infeasible (raw=infeasible, compute_ms=8.469341165193061, intv=0.5798672218626773)
[080/100] idx= 77 -> success    (raw=success, compute_ms=6.2527821078342765, intv=0.2655201183184588)
[081/100] idx= 79 -> success    (raw=success, compute_ms=6.253664301088123, intv=0.22281931319612955)
[082/100] idx= 82 -> infeasible (raw=infeasible, compute_ms=5.731358262075805, intv=0.21565753762119347)
[083/100] idx= 86 -> infeasible (raw=infeasible, compute_ms=21.503333339634803, intv=0.7588507499056772)
[084/100] idx= 87 -> infeasible (raw=infeasible, compute_ms=15.115215050172992, intv=0.6118165655068577)
ERROR in osqp_update_data_vec: Problem data validation.
Infeasible detected!!
ERROR in osqp_update_data_vec: Problem data validation.
ERROR in osqp_update_data_vec: Problem data validation.
ERROR in osqp_update_data_vec: Problem data validation.
ERROR in osqp_update_data_vec: Problem data validation.
ERROR in osqp_update_data_vec: Problem data validation.
ERROR in osqp_update_data_vec: Problem data validation.
ERROR in osqp_update_data_vec: Problem data validation.
ERROR in osqp_update_data_vec: Problem data validation.
ERROR in osqp_update_data_vec: Problem data validation.
ERROR in osqp_update_data_vec: Problem data validation.
ERROR in osqp_update_data_vec: Problem data validation.
ERROR in osqp_update_data_vec: Problem data validation.
ERROR in osqp_update_data_vec: Problem data validation.
ERROR in osqp_update_data_vec: Problem data validation.
ERROR in osqp_update_data_vec: Problem data validation.
ERROR in osqp_update_data_vec: Problem data validation.
ERROR in osqp_update_data_vec: Problem data validation.
ERROR in osqp_update_data_vec: Problem data validation.
ERROR in osqp_update_data_vec: Problem data validation.
ERROR in osqp_update_data_vec: Problem data validation.
ERROR in osqp_update_data_vec: Problem data validation.
ERROR in osqp_update_data_vec: Problem data validation.
ERROR in osqp_update_data_vec: Problem data validation.
ERROR in osqp_update_data_vec: Problem data validation.
ERROR in osqp_update_data_vec: Problem data validation.
ERROR in osqp_update_data_vec: Problem data validation.
ERROR in osqp_update_data_vec: Problem data validation.
ERROR in osqp_update_data_vec: Problem data validation.
ERROR in osqp_update_data_vec: Problem data validation.
ERROR in osqp_update_data_vec: Problem data validation.
ERROR in osqp_update_data_vec: Problem data validation.
ERROR in osqp_update_data_vec: Problem data validation.
ERROR in osqp_update_data_vec: Problem data validation.
ERROR in osqp_update_data_vec: Problem data validation.
ERROR in osqp_update_data_vec: Problem data validation.
ERROR in osqp_update_data_vec: Problem data validation.
ERROR in osqp_update_data_vec: Problem data validation.
ERROR in osqp_update_data_vec: Problem data validation.
ERROR in osqp_update_data_vec: Problem data validation.
ERROR in osqp_update_data_vec: Problem data validation.
ERROR in osqp_update_data_vec: Problem data validation.
ERROR in osqp_update_data_vec: Problem data validation.
ERROR in osqp_update_data_vec: Problem data validation.
ERROR in osqp_update_data_vec: Problem data validation.
ERROR in osqp_update_data_vec: Problem data validation.
ERROR in osqp_update_data_vec: Problem data validation.
ERROR in osqp_update_data_vec: Problem data validation.
ERROR in osqp_update_data_vec: Problem data validation.
ERROR in osqp_update_data_vec: Problem data validation.
ERROR in osqp_update_data_vec: Problem data validation.
ERROR in osqp_update_data_vec: Problem data validation.
ERROR in osqp_update_data_vec: Problem data validation.
ERROR in osqp_update_data_vec: Problem data validation.
ERROR in osqp_update_data_vec: Problem data validation.
ERROR in osqp_update_data_vec: Problem data validation.
ERROR in osqp_update_data_vec: Problem data validation.
ERROR in osqp_update_data_vec: Problem data validation.
ERROR in osqp_update_data_vec: Problem data validation.
ERROR in osqp_update_data_vec: Problem data validation.
ERROR in osqp_update_data_vec: Problem data validation.
ERROR in osqp_update_data_vec: Problem data validation.
ERROR in osqp_update_data_vec: Problem data validation.
ERROR in osqp_update_data_vec: Problem data validation.
ERROR in osqp_update_data_vec: Problem data validation.
ERROR in osqp_update_data_vec: Problem data validation.
ERROR in osqp_update_data_vec: Problem data validation.
ERROR in osqp_update_data_vec: Problem data validation.
ERROR in osqp_update_data_vec: Problem data validation.
ERROR in osqp_update_data_vec: Problem data validation.
ERROR in osqp_update_data_vec: Problem data validation.
ERROR in osqp_update_data_vec: Problem data validation.
ERROR in osqp_update_data_vec: Problem data validation.
ERROR in osqp_update_data_vec: Problem data validation.
ERROR in osqp_update_data_vec: Problem data validation.
ERROR in osqp_update_data_vec: Problem data validation.
ERROR in osqp_update_data_vec: Problem data validation.
ERROR in osqp_update_data_vec: Problem data validation.
ERROR in osqp_update_data_vec: Problem data validation.
ERROR in osqp_update_data_vec: Problem data validation.
ERROR in osqp_update_data_vec: Problem data validation.
ERROR in osqp_update_data_vec: Problem data validation.
ERROR in osqp_update_data_vec: Problem data validation.
ERROR in osqp_update_data_vec: Problem data validation.
ERROR in osqp_update_data_vec: Problem data validation.
ERROR in osqp_update_data_vec: Problem data validation.
ERROR in osqp_update_data_vec: Problem data validation.
ERROR in osqp_update_data_vec: Problem data validation.
ERROR in osqp_update_data_vec: Problem data validation.
ERROR in osqp_update_data_vec: Problem data validation.
ERROR in osqp_update_data_vec: Problem data validation.
ERROR in osqp_update_data_vec: Problem data validation.
ERROR in osqp_update_data_vec: Problem data validation.
ERROR in osqp_update_data_vec: Problem data validation.
ERROR in osqp_update_data_vec: Problem data validation.
ERROR in osqp_update_data_vec: Problem data validation.
ERROR in osqp_update_data_vec: Problem data validation.
ERROR in osqp_update_data_vec: Problem data validation.
ERROR in osqp_update_data_vec: Problem data validation.
ERROR in osqp_update_data_vec: Problem data validation.
ERROR in osqp_update_data_vec: Problem data validation.
ERROR in osqp_update_data_vec: Problem data validation.
ERROR in osqp_update_data_vec: Problem data validation.
ERROR in osqp_update_data_vec: Problem data validation.
ERROR in osqp_update_data_vec: Problem data validation.
ERROR in osqp_update_data_vec: Problem data validation.
ERROR in osqp_update_data_vec: Problem data validation.
ERROR in osqp_update_data_vec: Problem data validation.
ERROR in osqp_update_data_vec: Problem data validation.
ERROR in osqp_update_data_vec: Problem data validation.
ERROR in osqp_update_data_vec: Problem data validation.
ERROR in osqp_update_data_vec: Problem data validation.
ERROR in osqp_update_data_vec: Problem data validation.
ERROR in osqp_update_data_vec: Problem data validation.
ERROR in osqp_update_data_vec: Problem data validation.
ERROR in osqp_update_data_vec: Problem data validation.
ERROR in osqp_update_data_vec: Problem data validation.
ERROR in osqp_update_data_vec: Problem data validation.
ERROR in osqp_update_data_vec: Problem data validation.
ERROR in osqp_update_data_vec: Problem data validation.
ERROR in osqp_update_data_vec: Problem data validation.
ERROR in osqp_update_data_vec: Problem data validation.
ERROR in osqp_update_data_vec: Problem data validation.
ERROR in osqp_update_data_vec: Problem data validation.
ERROR in osqp_update_data_vec: Problem data validation.
ERROR in osqp_update_data_vec: Problem data validation.
ERROR in osqp_update_data_vec: Problem data validation.
ERROR in osqp_update_data_vec: Problem data validation.
ERROR in osqp_update_data_vec: Problem data validation.
ERROR in osqp_update_data_vec: Problem data validation.
ERROR in osqp_update_data_vec: Problem data validation.
ERROR in osqp_update_data_vec: Problem data validation.
ERROR in osqp_update_data_vec: Problem data validation.
ERROR in osqp_update_data_vec: Problem data validation.
ERROR in osqp_update_data_vec: Problem data validation.
ERROR in osqp_update_data_vec: Problem data validation.
ERROR in osqp_update_data_vec: Problem data validation.
ERROR in osqp_update_data_vec: Problem data validation.
ERROR in osqp_update_data_vec: Problem data validation.
ERROR in osqp_update_data_vec: Problem data validation.
ERROR in osqp_update_data_vec: Problem data validation.
ERROR in osqp_update_data_vec: Problem data validation.
ERROR in osqp_update_data_vec: Problem data validation.
ERROR in osqp_update_data_vec: Problem data validation.
ERROR in osqp_update_data_vec: Problem data validation.
[085/100] idx= 84 -> success    (raw=success, compute_ms=6.364456633934427, intv=0.13028271557194482)
[086/100] idx= 83 -> success    (raw=success, compute_ms=5.921016993760518, intv=0.269588172665505)
ERROR in osqp_update_data_vec: Problem data validation.
ERROR in osqp_update_data_vec: Problem data validation.
ERROR in osqp_update_data_vec: Problem data validation.
ERROR in osqp_update_data_vec: Problem data validation.
ERROR in osqp_update_data_vec: Problem data validation.
ERROR in osqp_update_data_vec: Problem data validation.
ERROR in osqp_update_data_vec: Problem data validation.
ERROR in osqp_update_data_vec: Problem data validation.
ERROR in osqp_update_data_vec: Problem data validation.
ERROR in osqp_update_data_vec: Problem data validation.
ERROR in osqp_update_data_vec: Problem data validation.
ERROR in osqp_update_data_vec: Problem data validation.
ERROR in osqp_update_data_vec: Problem data validation.
ERROR in osqp_update_data_vec: Problem data validation.
ERROR in osqp_update_data_vec: Problem data validation.
ERROR in osqp_update_data_vec: Problem data validation.
ERROR in osqp_update_data_vec: Problem data validation.
ERROR in osqp_update_data_vec: Problem data validation.
ERROR in osqp_update_data_vec: Problem data validation.
ERROR in osqp_update_data_vec: Problem data validation.
ERROR in osqp_update_data_vec: Problem data validation.
ERROR in osqp_update_data_vec: Problem data validation.
ERROR in osqp_update_data_vec: Problem data validation.
ERROR in osqp_update_data_vec: Problem data validation.
ERROR in osqp_update_data_vec: Problem data validation.
ERROR in osqp_update_data_vec: Problem data validation.
ERROR in osqp_update_data_vec: Problem data validation.
ERROR in osqp_update_data_vec: Problem data validation.
ERROR in osqp_update_data_vec: Problem data validation.
ERROR in osqp_update_data_vec: Problem data validation.
ERROR in osqp_update_data_vec: Problem data validation.
ERROR in osqp_update_data_vec: Problem data validation.
ERROR in osqp_update_data_vec: Problem data validation.
ERROR in osqp_update_data_vec: Problem data validation.
ERROR in osqp_update_data_vec: Problem data validation.
ERROR in osqp_update_data_vec: Problem data validation.
ERROR in osqp_update_data_vec: Problem data validation.
ERROR in osqp_update_data_vec: Problem data validation.
ERROR in osqp_update_data_vec: Problem data validation.
ERROR in osqp_update_data_vec: Problem data validation.
ERROR in osqp_update_data_vec: Problem data validation.
ERROR in osqp_update_data_vec: Problem data validation.
ERROR in osqp_update_data_vec: Problem data validation.
ERROR in osqp_update_data_vec: Problem data validation.
ERROR in osqp_update_data_vec: Problem data validation.
ERROR in osqp_update_data_vec: Problem data validation.
ERROR in osqp_update_data_vec: Problem data validation.
ERROR in osqp_update_data_vec: Problem data validation.
ERROR in osqp_update_data_vec: Problem data validation.
ERROR in osqp_update_data_vec: Problem data validation.
ERROR in osqp_update_data_vec: Problem data validation.
ERROR in osqp_update_data_vec: Problem data validation.
ERROR in osqp_update_data_vec: Problem data validation.
ERROR in osqp_update_data_vec: Problem data validation.
ERROR in osqp_update_data_vec: Problem data validation.
ERROR in osqp_update_data_vec: Problem data validation.
ERROR in osqp_update_data_vec: Problem data validation.
ERROR in osqp_update_data_vec: Problem data validation.
ERROR in osqp_update_data_vec: Problem data validation.
ERROR in osqp_update_data_vec: Problem data validation.
ERROR in osqp_update_data_vec: Problem data validation.
ERROR in osqp_update_data_vec: Problem data validation.
ERROR in osqp_update_data_vec: Problem data validation.
ERROR in osqp_update_data_vec: Problem data validation.
ERROR in osqp_update_data_vec: Problem data validation.
ERROR in osqp_update_data_vec: Problem data validation.
ERROR in osqp_update_data_vec: Problem data validation.
ERROR in osqp_update_data_vec: Problem data validation.
ERROR in osqp_update_data_vec: Problem data validation.
ERROR in osqp_update_data_vec: Problem data validation.
ERROR in osqp_update_data_vec: Problem data validation.
ERROR in osqp_update_data_vec: Problem data validation.
ERROR in osqp_update_data_vec: Problem data validation.
ERROR in osqp_update_data_vec: Problem data validation.
ERROR in osqp_update_data_vec: Problem data validation.
ERROR in osqp_update_data_vec: Problem data validation.
ERROR in osqp_update_data_vec: Problem data validation.
ERROR in osqp_update_data_vec: Problem data validation.
ERROR in osqp_update_data_vec: Problem data validation.
ERROR in osqp_update_data_vec: Problem data validation.
ERROR in osqp_update_data_vec: Problem data validation.
ERROR in osqp_update_data_vec: Problem data validation.
ERROR in osqp_update_data_vec: Problem data validation.
ERROR in osqp_update_data_vec: Problem data validation.
ERROR in osqp_update_data_vec: Problem data validation.
ERROR in osqp_update_data_vec: Problem data validation.
ERROR in osqp_update_data_vec: Problem data validation.
ERROR in osqp_update_data_vec: Problem data validation.
ERROR in osqp_update_data_vec: Problem data validation.
ERROR in osqp_update_data_vec: Problem data validation.
ERROR in osqp_update_data_vec: Problem data validation.
ERROR in osqp_update_data_vec: Problem data validation.
ERROR in osqp_update_data_vec: Problem data validation.
ERROR in osqp_update_data_vec: Problem data validation.
ERROR in osqp_update_data_vec: Problem data validation.
ERROR in osqp_update_data_vec: Problem data validation.
ERROR in osqp_update_data_vec: Problem data validation.
ERROR in osqp_update_data_vec: Problem data validation.
ERROR in osqp_update_data_vec: Problem data validation.
ERROR in osqp_update_data_vec: Problem data validation.
ERROR in osqp_update_data_vec: Problem data validation.
ERROR in osqp_update_data_vec: Problem data validation.
ERROR in osqp_update_data_vec: Problem data validation.
ERROR in osqp_update_data_vec: Problem data validation.
ERROR in osqp_update_data_vec: Problem data validation.
ERROR in osqp_update_data_vec: Problem data validation.
ERROR in osqp_update_data_vec: Problem data validation.
ERROR in osqp_update_data_vec: Problem data validation.
ERROR in osqp_update_data_vec: Problem data validation.
ERROR in osqp_update_data_vec: Problem data validation.
ERROR in osqp_update_data_vec: Problem data validation.
ERROR in osqp_update_data_vec: Problem data validation.
ERROR in osqp_update_data_vec: Problem data validation.
ERROR in osqp_update_data_vec: Problem data validation.
ERROR in osqp_update_data_vec: Problem data validation.
ERROR in osqp_update_data_vec: Problem data validation.
ERROR in osqp_update_data_vec: Problem data validation.
ERROR in osqp_update_data_vec: Problem data validation.
ERROR in osqp_update_data_vec: Problem data validation.
ERROR in osqp_update_data_vec: Problem data validation.
ERROR in osqp_update_data_vec: Problem data validation.
ERROR in osqp_update_data_vec: Problem data validation.
ERROR in osqp_update_data_vec: Problem data validation.
ERROR in osqp_update_data_vec: Problem data validation.
ERROR in osqp_update_data_vec: Problem data validation.
ERROR in osqp_update_data_vec: Problem data validation.
ERROR in osqp_update_data_vec: Problem data validation.
ERROR in osqp_update_data_vec: Problem data validation.
ERROR in osqp_update_data_vec: Problem data validation.
ERROR in osqp_update_data_vec: Problem data validation.
ERROR in osqp_update_data_vec: Problem data validation.
ERROR in osqp_update_data_vec: Problem data validation.
ERROR in osqp_update_data_vec: Problem data validation.
ERROR in osqp_update_data_vec: Problem data validation.
ERROR in osqp_update_data_vec: Problem data validation.
ERROR in osqp_update_data_vec: Problem data validation.
ERROR in osqp_update_data_vec: Problem data validation.
ERROR in osqp_update_data_vec: Problem data validation.
ERROR in osqp_update_data_vec: Problem data validation.
ERROR in osqp_update_data_vec: Problem data validation.
ERROR in osqp_update_data_vec: Problem data validation.
ERROR in osqp_update_data_vec: Problem data validation.
ERROR in osqp_update_data_vec: Problem data validation.
ERROR in osqp_update_data_vec: Problem data validation.
ERROR in osqp_update_data_vec: Problem data validation.
ERROR in osqp_update_data_vec: Problem data validation.
ERROR in osqp_update_data_vec: Problem data validation.
ERROR in osqp_update_data_vec: Problem data validation.
ERROR in osqp_update_data_vec: Problem data validation.
ERROR in osqp_update_data_vec: Problem data validation.
ERROR in osqp_update_data_vec: Problem data validation.
ERROR in osqp_update_data_vec: Problem data validation.
ERROR in osqp_update_data_vec: Problem data validation.
ERROR in osqp_update_data_vec: Problem data validation.
ERROR in osqp_update_data_vec: Problem data validation.
ERROR in osqp_update_data_vec: Problem data validation.
ERROR in osqp_update_data_vec: Problem data validation.
ERROR in osqp_update_data_vec: Problem data validation.
ERROR in osqp_update_data_vec: Problem data validation.
ERROR in osqp_update_data_vec: Problem data validation.
ERROR in osqp_update_data_vec: Problem data validation.
ERROR in osqp_update_data_vec: Problem data validation.
ERROR in osqp_update_data_vec: Problem data validation.
ERROR in osqp_update_data_vec: Problem data validation.
ERROR in osqp_update_data_vec: Problem data validation.
ERROR in osqp_update_data_vec: Problem data validation.
ERROR in osqp_update_data_vec: Problem data validation.
ERROR in osqp_update_data_vec: Problem data validation.
ERROR in osqp_update_data_vec: Problem data validation.
ERROR in osqp_update_data_vec: Problem data validation.
ERROR in osqp_update_data_vec: Problem data validation.
ERROR in osqp_update_data_vec: Problem data validation.
ERROR in osqp_update_data_vec: Problem data validation.
ERROR in osqp_update_data_vec: Problem data validation.
ERROR in osqp_update_data_vec: Problem data validation.
ERROR in osqp_update_data_vec: Problem data validation.
ERROR in osqp_update_data_vec: Problem data validation.
ERROR in osqp_update_data_vec: Problem data validation.
ERROR in osqp_update_data_vec: Problem data validation.
ERROR in osqp_update_data_vec: Problem data validation.
ERROR in osqp_update_data_vec: Problem data validation.
ERROR in osqp_update_data_vec: Problem data validation.
ERROR in osqp_update_data_vec: Problem data validation.
ERROR in osqp_update_data_vec: Problem data validation.
ERROR in osqp_update_data_vec: Problem data validation.
ERROR in osqp_update_data_vec: Problem data validation.
ERROR in osqp_update_data_vec: Problem data validation.
ERROR in osqp_update_data_vec: Problem data validation.
ERROR in osqp_update_data_vec: Problem data validation.
ERROR in osqp_update_data_vec: Problem data validation.
ERROR in osqp_update_data_vec: Problem data validation.
ERROR in osqp_update_data_vec: Problem data validation.
ERROR in osqp_update_data_vec: Problem data validation.
ERROR in osqp_update_data_vec: Problem data validation.
ERROR in osqp_update_data_vec: Problem data validation.
ERROR in osqp_update_data_vec: Problem data validation.
ERROR in osqp_update_data_vec: Problem data validation.
ERROR in osqp_update_data_vec: Problem data validation.
ERROR in osqp_update_data_vec: Problem data validation.
ERROR in osqp_update_data_vec: Problem data validation.
ERROR in osqp_update_data_vec: Problem data validation.
ERROR in osqp_update_data_vec: Problem data validation.
ERROR in osqp_update_data_vec: Problem data validation.
ERROR in osqp_update_data_vec: Problem data validation.
ERROR in osqp_update_data_vec: Problem data validation.
ERROR in osqp_update_data_vec: Problem data validation.
ERROR in osqp_update_data_vec: Problem data validation.
ERROR in osqp_update_data_vec: Problem data validation.
ERROR in osqp_update_data_vec: Problem data validation.
ERROR in osqp_update_data_vec: Problem data validation.
ERROR in osqp_update_data_vec: Problem data validation.
ERROR in osqp_update_data_vec: Problem data validation.
ERROR in osqp_update_data_vec: Problem data validation.
ERROR in osqp_update_data_vec: Problem data validation.
ERROR in osqp_update_data_vec: Problem data validation.
ERROR in osqp_update_data_vec: Problem data validation.
ERROR in osqp_update_data_vec: Problem data validation.
ERROR in osqp_update_data_vec: Problem data validation.
ERROR in osqp_update_data_vec: Problem data validation.
ERROR in osqp_update_data_vec: Problem data validation.
ERROR in osqp_update_data_vec: Problem data validation.
ERROR in osqp_update_data_vec: Problem data validation.
ERROR in osqp_update_data_vec: Problem data validation.
ERROR in osqp_update_data_vec: Problem data validation.
ERROR in osqp_update_data_vec: Problem data validation.
ERROR in osqp_update_data_vec: Problem data validation.
ERROR in osqp_update_data_vec: Problem data validation.
ERROR in osqp_update_data_vec: Problem data validation.
ERROR in osqp_update_data_vec: Problem data validation.
ERROR in osqp_update_data_vec: Problem data validation.
ERROR in osqp_update_data_vec: Problem data validation.
ERROR in osqp_update_data_vec: Problem data validation.
ERROR in osqp_update_data_vec: Problem data validation.
ERROR in osqp_update_data_vec: Problem data validation.
ERROR in osqp_update_data_vec: Problem data validation.
ERROR in osqp_update_data_vec: Problem data validation.
ERROR in osqp_update_data_vec: Problem data validation.
ERROR in osqp_update_data_vec: Problem data validation.
ERROR in osqp_update_data_vec: Problem data validation.
ERROR in osqp_update_data_vec: Problem data validation.
ERROR in osqp_update_data_vec: Problem data validation.
ERROR in osqp_update_data_vec: Problem data validation.
ERROR in osqp_update_data_vec: Problem data validation.
ERROR in osqp_update_data_vec: Problem data validation.
ERROR in osqp_update_data_vec: Problem data validation.
ERROR in osqp_update_data_vec: Problem data validation.
ERROR in osqp_update_data_vec: Problem data validation.
ERROR in osqp_update_data_vec: Problem data validation.
ERROR in osqp_update_data_vec: Problem data validation.
ERROR in osqp_update_data_vec: Problem data validation.
ERROR in osqp_update_data_vec: Problem data validation.
ERROR in osqp_update_data_vec: Problem data validation.
ERROR in osqp_update_data_vec: Problem data validation.
ERROR in osqp_update_data_vec: Problem data validation.
ERROR in osqp_update_data_vec: Problem data validation.
ERROR in osqp_update_data_vec: Problem data validation.
ERROR in osqp_update_data_vec: Problem data validation.
ERROR in osqp_update_data_vec: Problem data validation.
ERROR in osqp_update_data_vec: Problem data validation.
ERROR in osqp_update_data_vec: Problem data validation.
ERROR in osqp_update_data_vec: Problem data validation.
ERROR in osqp_update_data_vec: Problem data validation.
ERROR in osqp_update_data_vec: Problem data validation.
ERROR in osqp_update_data_vec: Problem data validation.
ERROR in osqp_update_data_vec: Problem data validation.
ERROR in osqp_update_data_vec: Problem data validation.
ERROR in osqp_update_data_vec: Problem data validation.
ERROR in osqp_update_data_vec: Problem data validation.
ERROR in osqp_update_data_vec: Problem data validation.
ERROR in osqp_update_data_vec: Problem data validation.
ERROR in osqp_update_data_vec: Problem data validation.
ERROR in osqp_update_data_vec: Problem data validation.
ERROR in osqp_update_data_vec: Problem data validation.
ERROR in osqp_update_data_vec: Problem data validation.
ERROR in osqp_update_data_vec: Problem data validation.
ERROR in osqp_update_data_vec: Problem data validation.
ERROR in osqp_update_data_vec: Problem data validation.
ERROR in osqp_update_data_vec: Problem data validation.
ERROR in osqp_update_data_vec: Problem data validation.
ERROR in osqp_update_data_vec: Problem data validation.
ERROR in osqp_update_data_vec: Problem data validation.
ERROR in osqp_update_data_vec: Problem data validation.
ERROR in osqp_update_data_vec: Problem data validation.
ERROR in osqp_update_data_vec: Problem data validation.
ERROR in osqp_update_data_vec: Problem data validation.
ERROR in osqp_update_data_vec: Problem data validation.
ERROR in osqp_update_data_vec: Problem data validation.
ERROR in osqp_update_data_vec: Problem data validation.
ERROR in osqp_update_data_vec: Problem data validation.
ERROR in osqp_update_data_vec: Problem data validation.
ERROR in osqp_update_data_vec: Problem data validation.
ERROR in osqp_update_data_vec: Problem data validation.
ERROR in osqp_update_data_vec: Problem data validation.
ERROR in osqp_update_data_vec: Problem data validation.
ERROR in osqp_update_data_vec: Problem data validation.
ERROR in osqp_update_data_vec: Problem data validation.
ERROR in osqp_update_data_vec: Problem data validation.
ERROR in osqp_update_data_vec: Problem data validation.
ERROR in osqp_update_data_vec: Problem data validation.
ERROR in osqp_update_data_vec: Problem data validation.
ERROR in osqp_update_data_vec: Problem data validation.
ERROR in osqp_update_data_vec: Problem data validation.
ERROR in osqp_update_data_vec: Problem data validation.
ERROR in osqp_update_data_vec: Problem data validation.
ERROR in osqp_update_data_vec: Problem data validation.
ERROR in osqp_update_data_vec: Problem data validation.
ERROR in osqp_update_data_vec: Problem data validation.
ERROR in osqp_update_data_vec: Problem data validation.
ERROR in osqp_update_data_vec: Problem data validation.
ERROR in osqp_update_data_vec: Problem data validation.
ERROR in osqp_update_data_vec: Problem data validation.
ERROR in osqp_update_data_vec: Problem data validation.
ERROR in osqp_update_data_vec: Problem data validation.
ERROR in osqp_update_data_vec: Problem data validation.
ERROR in osqp_update_data_vec: Problem data validation.
ERROR in osqp_update_data_vec: Problem data validation.
ERROR in osqp_update_data_vec: Problem data validation.
ERROR in osqp_update_data_vec: Problem data validation.
ERROR in osqp_update_data_vec: Problem data validation.
ERROR in osqp_update_data_vec: Problem data validation.
ERROR in osqp_update_data_vec: Problem data validation.
ERROR in osqp_update_data_vec: Problem data validation.
ERROR in osqp_update_data_vec: Problem data validation.
ERROR in osqp_update_data_vec: Problem data validation.
ERROR in osqp_update_data_vec: Problem data validation.
ERROR in osqp_update_data_vec: Problem data validation.
ERROR in osqp_update_data_vec: Problem data validation.
ERROR in osqp_update_data_vec: Problem data validation.
ERROR in osqp_update_data_vec: Problem data validation.
ERROR in osqp_update_data_vec: Problem data validation.
ERROR in osqp_update_data_vec: Problem data validation.
ERROR in osqp_update_data_vec: Problem data validation.
ERROR in osqp_update_data_vec: Problem data validation.
ERROR in osqp_update_data_vec: Problem data validation.
ERROR in osqp_update_data_vec: Problem data validation.
ERROR in osqp_update_data_vec: Problem data validation.
ERROR in osqp_update_data_vec: Problem data validation.
ERROR in osqp_update_data_vec: Problem data validation.
ERROR in osqp_update_data_vec: Problem data validation.
ERROR in osqp_update_data_vec: Problem data validation.
ERROR in osqp_update_data_vec: Problem data validation.
ERROR in osqp_update_data_vec: Problem data validation.
ERROR in osqp_update_data_vec: Problem data validation.
ERROR in osqp_update_data_vec: Problem data validation.
Collision with known obstacle detected! Obs: [20.36690748  9.67688492  0.31261134  0.09775774  0.53128399 -2.
 32.          1.        ], Robot: [20.69602969 10.12716885] 0.25, Distance: 0.5577428142034492, True
Collision detected !!
ERROR in osqp_update_data_vec: Problem data validation.
ERROR in osqp_update_data_vec: Problem data validation.
ERROR in osqp_update_data_vec: Problem data validation.
ERROR in osqp_update_data_vec: Problem data validation.
ERROR in osqp_update_data_vec: Problem data validation.
ERROR in osqp_update_data_vec: Problem data validation.
ERROR in osqp_update_data_vec: Problem data validation.
ERROR in osqp_update_data_vec: Problem data validation.
ERROR in osqp_update_data_vec: Problem data validation.
ERROR in osqp_update_data_vec: Problem data validation.
ERROR in osqp_update_data_vec: Problem data validation.
ERROR in osqp_update_data_vec: Problem data validation.
ERROR in osqp_update_data_vec: Problem data validation.
ERROR in osqp_update_data_vec: Problem data validation.
ERROR in osqp_update_data_vec: Problem data validation.
ERROR in osqp_update_data_vec: Problem data validation.
ERROR in osqp_update_data_vec: Problem data validation.
ERROR in osqp_update_data_vec: Problem data validation.
Infeasible detected!!
ERROR in osqp_update_data_vec: Problem data validation.
ERROR in osqp_update_data_vec: Problem data validation.
ERROR in osqp_update_data_vec: Problem data validation.
ERROR in osqp_update_data_vec: Problem data validation.
ERROR in osqp_update_data_vec: Problem data validation.
ERROR in osqp_update_data_vec: Problem data validation.
ERROR in osqp_update_data_vec: Problem data validation.
ERROR in osqp_update_data_vec: Problem data validation.
ERROR in osqp_update_data_vec: Problem data validation.
ERROR in osqp_update_data_vec: Problem data validation.
ERROR in osqp_update_data_vec: Problem data validation.
ERROR in osqp_update_data_vec: Problem data validation.
ERROR in osqp_update_data_vec: Problem data validation.
ERROR in osqp_update_data_vec: Problem data validation.
ERROR in osqp_update_data_vec: Problem data validation.
ERROR in osqp_update_data_vec: Problem data validation.
ERROR in osqp_update_data_vec: Problem data validation.
ERROR in osqp_update_data_vec: Problem data validation.
ERROR in osqp_update_data_vec: Problem data validation.
ERROR in osqp_update_data_vec: Problem data validation.
ERROR in osqp_update_data_vec: Problem data validation.
ERROR in osqp_update_data_vec: Problem data validation.
ERROR in osqp_update_data_vec: Problem data validation.
ERROR in osqp_update_data_vec: Problem data validation.
ERROR in osqp_update_data_vec: Problem data validation.
ERROR in osqp_update_data_vec: Problem data validation.
ERROR in osqp_update_data_vec: Problem data validation.
ERROR in osqp_update_data_vec: Problem data validation.
ERROR in osqp_update_data_vec: Problem data validation.
ERROR in osqp_update_data_vec: Problem data validation.
ERROR in osqp_update_data_vec: Problem data validation.
ERROR in osqp_update_data_vec: Problem data validation.
ERROR in osqp_update_data_vec: Problem data validation.
ERROR in osqp_update_data_vec: Problem data validation.
ERROR in osqp_update_data_vec: Problem data validation.
ERROR in osqp_update_data_vec: Problem data validation.
ERROR in osqp_update_data_vec: Problem data validation.
ERROR in osqp_update_data_vec: Problem data validation.
ERROR in osqp_update_data_vec: Problem data validation.
ERROR in osqp_update_data_vec: Problem data validation.
ERROR in osqp_update_data_vec: Problem data validation.
ERROR in osqp_update_data_vec: Problem data validation.
ERROR in osqp_update_data_vec: Problem data validation.
ERROR in osqp_update_data_vec: Problem data validation.
ERROR in osqp_update_data_vec: Problem data validation.
ERROR in osqp_update_data_vec: Problem data validation.
ERROR in osqp_update_data_vec: Problem data validation.
ERROR in osqp_update_data_vec: Problem data validation.
ERROR in osqp_update_data_vec: Problem data validation.
ERROR in osqp_update_data_vec: Problem data validation.
ERROR in osqp_update_data_vec: Problem data validation.
ERROR in osqp_update_data_vec: Problem data validation.
ERROR in osqp_update_data_vec: Problem data validation.
ERROR in osqp_update_data_vec: Problem data validation.
ERROR in osqp_update_data_vec: Problem data validation.
ERROR in osqp_update_data_vec: Problem data validation.
ERROR in osqp_update_data_vec: Problem data validation.
ERROR in osqp_update_data_vec: Problem data validation.
ERROR in osqp_update_data_vec: Problem data validation.
ERROR in osqp_update_data_vec: Problem data validation.
ERROR in osqp_update_data_vec: Problem data validation.
ERROR in osqp_update_data_vec: Problem data validation.
ERROR in osqp_update_data_vec: Problem data validation.
ERROR in osqp_update_data_vec: Problem data validation.
ERROR in osqp_update_data_vec: Problem data validation.
ERROR in osqp_update_data_vec: Problem data validation.
ERROR in osqp_update_data_vec: Problem data validation.
ERROR in osqp_update_data_vec: Problem data validation.
ERROR in osqp_update_data_vec: Problem data validation.
ERROR in osqp_update_data_vec: Problem data validation.
ERROR in osqp_update_data_vec: Problem data validation.
[087/100] idx= 85 -> success    (raw=success, compute_ms=6.148925438867391, intv=0.365577090011246)
[088/100] idx= 92 -> infeasible (raw=infeasible, compute_ms=7.612751736171708, intv=0.8025692973071299)
[089/100] idx= 88 -> success    (raw=success, compute_ms=5.389252325545689, intv=0.256803859746846)
[090/100] idx= 90 -> success    (raw=success, compute_ms=6.087375707588657, intv=0.17373358148451376)
[091/100] idx= 94 -> infeasible (raw=infeasible, compute_ms=9.685951737238367, intv=0.470149691115343)
[092/100] idx= 89 -> success    (raw=success, compute_ms=5.847624899352671, intv=0.21203974448573057)
[093/100] idx= 93 -> infeasible (raw=infeasible, compute_ms=7.119896227144183, intv=0.34558596182858864)
[094/100] idx= 95 -> infeasible (raw=infeasible, compute_ms=9.29390428666295, intv=0.15028488222329295)
[095/100] idx= 91 -> infeasible (raw=infeasible, compute_ms=8.074561377331449, intv=0.32824218986636344)
[096/100] idx= 97 -> success    (raw=success, compute_ms=5.589631711590058, intv=0.20905727722729348)
[097/100] idx= 98 -> success    (raw=success, compute_ms=5.998220197291869, intv=0.1687255843703022)
[098/100] idx= 99 -> success    (raw=success, compute_ms=6.100281197175425, intv=0.1984580183042519)
[099/100] idx=100 -> infeasible (raw=infeasible, compute_ms=6.41792541706608, intv=0.24563025961983878)
[100/100] idx= 96 -> success    (raw=success, compute_ms=5.028923336603481, intv=0.7170624658687047)
ERROR in osqp_update_data_vec: Problem data validation.
ERROR in osqp_update_data_vec: Problem data validation.
ERROR in osqp_update_data_vec: Problem data validation.
Infeasible detected!!
ERROR in osqp_update_data_vec: Problem data validation.
ERROR in osqp_update_data_vec: Problem data validation.
ERROR in osqp_update_data_vec: Problem data validation.
ERROR in osqp_update_data_vec: Problem data validation.
ERROR in osqp_update_data_vec: Problem data validation.
ERROR in osqp_update_data_vec: Problem data validation.
ERROR in osqp_update_data_vec: Problem data validation.
ERROR in osqp_update_data_vec: Problem data validation.
Collision with known obstacle detected! Obs: [ 3.44977775 12.98125084  0.33105505  0.43225279 -0.15240359 -2.
 32.          1.        ], Robot: [ 4.02683623 12.98920418] 0.25, Distance: 0.577113291457293, True
Collision detected !!
Infeasible detected!!
ERROR in osqp_update_data_vec: Problem data validation.
ERROR in osqp_update_data_vec: Problem data validation.
ERROR in osqp_update_data_vec: Problem data validation.
ERROR in osqp_update_data_vec: Problem data validation.
ERROR in osqp_update_data_vec: Problem data validation.
ERROR in osqp_update_data_vec: Problem data validation.
ERROR in osqp_update_data_vec: Problem data validation.
ERROR in osqp_update_data_vec: Problem data validation.
ERROR in osqp_update_data_vec: Problem data validation.
ERROR in osqp_update_data_vec: Problem data validation.
ERROR in osqp_update_data_vec: Problem data validation.
ERROR in osqp_update_data_vec: Problem data validation.
ERROR in osqp_update_data_vec: Problem data validation.
ERROR in osqp_update_data_vec: Problem data validation.
ERROR in osqp_update_data_vec: Problem data validation.
ERROR in osqp_update_data_vec: Problem data validation.
ERROR in osqp_update_data_vec: Problem data validation.
ERROR in osqp_update_data_vec: Problem data validation.
ERROR in osqp_update_data_vec: Problem data validation.
ERROR in osqp_update_data_vec: Problem data validation.
ERROR in osqp_update_data_vec: Problem data validation.
ERROR in osqp_update_data_vec: Problem data validation.
ERROR in osqp_update_data_vec: Problem data validation.
ERROR in osqp_update_data_vec: Problem data validation.
ERROR in osqp_update_data_vec: Problem data validation.
ERROR in osqp_update_data_vec: Problem data validation.
ERROR in osqp_update_data_vec: Problem data validation.
ERROR in osqp_update_data_vec: Problem data validation.
ERROR in osqp_update_data_vec: Problem data validation.
ERROR in osqp_update_data_vec: Problem data validation.
ERROR in osqp_update_data_vec: Problem data validation.
ERROR in osqp_update_data_vec: Problem data validation.
ERROR in osqp_update_data_vec: Problem data validation.
ERROR in osqp_update_data_vec: Problem data validation.
ERROR in osqp_update_data_vec: Problem data validation.
ERROR in osqp_update_data_vec: Problem data validation.
ERROR in osqp_update_data_vec: Problem data validation.
ERROR in osqp_update_data_vec: Problem data validation.
ERROR in osqp_update_data_vec: Problem data validation.
ERROR in osqp_update_data_vec: Problem data validation.
ERROR in osqp_update_data_vec: Problem data validation.
ERROR in osqp_update_data_vec: Problem data validation.
ERROR in osqp_update_data_vec: Problem data validation.
ERROR in osqp_update_data_vec: Problem data validation.
ERROR in osqp_update_data_vec: Problem data validation.
ERROR in osqp_update_data_vec: Problem data validation.
ERROR in osqp_update_data_vec: Problem data validation.
ERROR in osqp_update_data_vec: Problem data validation.
Infeasible detected!!
ERROR in osqp_update_data_vec: Problem data validation.
ERROR in osqp_update_data_vec: Problem data validation.
ERROR in osqp_update_data_vec: Problem data validation.
ERROR in osqp_update_data_vec: Problem data validation.
ERROR in osqp_update_data_vec: Problem data validation.
ERROR in osqp_update_data_vec: Problem data validation.
ERROR in osqp_update_data_vec: Problem data validation.
ERROR in osqp_update_data_vec: Problem data validation.
Infeasible detected!!
ERROR in osqp_update_data_vec: Problem data validation.
ERROR in osqp_update_data_vec: Problem data validation.
ERROR in osqp_update_data_vec: Problem data validation.
ERROR in osqp_update_data_vec: Problem data validation.
ERROR in osqp_update_data_vec: Problem data validation.
ERROR in osqp_update_data_vec: Problem data validation.
ERROR in osqp_update_data_vec: Problem data validation.
ERROR in osqp_update_data_vec: Problem data validation.
ERROR in osqp_update_data_vec: Problem data validation.
ERROR in osqp_update_data_vec: Problem data validation.
ERROR in osqp_update_data_vec: Problem data validation.
ERROR in osqp_update_data_vec: Problem data validation.
ERROR in osqp_update_data_vec: Problem data validation.
ERROR in osqp_update_data_vec: Problem data validation.
ERROR in osqp_update_data_vec: Problem data validation.
ERROR in osqp_update_data_vec: Problem data validation.
ERROR in osqp_update_data_vec: Problem data validation.
ERROR in osqp_update_data_vec: Problem data validation.
ERROR in osqp_update_data_vec: Problem data validation.
ERROR in osqp_update_data_vec: Problem data validation.
ERROR in osqp_update_data_vec: Problem data validation.
ERROR in osqp_update_data_vec: Problem data validation.
ERROR in osqp_update_data_vec: Problem data validation.
ERROR in osqp_update_data_vec: Problem data validation.
ERROR in osqp_update_data_vec: Problem data validation.
ERROR in osqp_update_data_vec: Problem data validation.
ERROR in osqp_update_data_vec: Problem data validation.
ERROR in osqp_update_data_vec: Problem data validation.
ERROR in osqp_update_data_vec: Problem data validation.
ERROR in osqp_update_data_vec: Problem data validation.
ERROR in osqp_update_data_vec: Problem data validation.
ERROR in osqp_update_data_vec: Problem data validation.
ERROR in osqp_update_data_vec: Problem data validation.
ERROR in osqp_update_data_vec: Problem data validation.
ERROR in osqp_update_data_vec: Problem data validation.
ERROR in osqp_update_data_vec: Problem data validation.
ERROR in osqp_update_data_vec: Problem data validation.
ERROR in osqp_update_data_vec: Problem data validation.
ERROR in osqp_update_data_vec: Problem data validation.
ERROR in osqp_update_data_vec: Problem data validation.
ERROR in osqp_update_data_vec: Problem data validation.
ERROR in osqp_update_data_vec: Problem data validation.
ERROR in osqp_update_data_vec: Problem data validation.
ERROR in osqp_update_data_vec: Problem data validation.
ERROR in osqp_update_data_vec: Problem data validation.
ERROR in osqp_update_data_vec: Problem data validation.
ERROR in osqp_update_data_vec: Problem data validation.
ERROR in osqp_update_data_vec: Problem data validation.
ERROR in osqp_update_data_vec: Problem data validation.
ERROR in osqp_update_data_vec: Problem data validation.
ERROR in osqp_update_data_vec: Problem data validation.
ERROR in osqp_update_data_vec: Problem data validation.
ERROR in osqp_update_data_vec: Problem data validation.
ERROR in osqp_update_data_vec: Problem data validation.
ERROR in osqp_update_data_vec: Problem data validation.
ERROR in osqp_update_data_vec: Problem data validation.
ERROR in osqp_update_data_vec: Problem data validation.
ERROR in osqp_update_data_vec: Problem data validation.
ERROR in osqp_update_data_vec: Problem data validation.
ERROR in osqp_update_data_vec: Problem data validation.
ERROR in osqp_update_data_vec: Problem data validation.
ERROR in osqp_update_data_vec: Problem data validation.
ERROR in osqp_update_data_vec: Problem data validation.
ERROR in osqp_update_data_vec: Problem data validation.
ERROR in osqp_update_data_vec: Problem data validation.
ERROR in osqp_update_data_vec: Problem data validation.
ERROR in osqp_update_data_vec: Problem data validation.
ERROR in osqp_update_data_vec: Problem data validation.
ERROR in osqp_update_data_vec: Problem data validation.
ERROR in osqp_update_data_vec: Problem data validation.
Infeasible detected!!
ERROR in osqp_update_data_vec: Problem data validation.
ERROR in osqp_update_data_vec: Problem data validation.
ERROR in osqp_update_data_vec: Problem data validation.
ERROR in osqp_update_data_vec: Problem data validation.
ERROR in osqp_update_data_vec: Problem data validation.
ERROR in osqp_update_data_vec: Problem data validation.
ERROR in osqp_update_data_vec: Problem data validation.
ERROR in osqp_update_data_vec: Problem data validation.
ERROR in osqp_update_data_vec: Problem data validation.
ERROR in osqp_update_data_vec: Problem data validation.
ERROR in osqp_update_data_vec: Problem data validation.
ERROR in osqp_update_data_vec: Problem data validation.
ERROR in osqp_update_data_vec: Problem data validation.
ERROR in osqp_update_data_vec: Problem data validation.
ERROR in osqp_update_data_vec: Problem data validation.
ERROR in osqp_update_data_vec: Problem data validation.
ERROR in osqp_update_data_vec: Problem data validation.
ERROR in osqp_update_data_vec: Problem data validation.
ERROR in osqp_update_data_vec: Problem data validation.
Infeasible detected!!
ERROR in osqp_update_data_vec: Problem data validation.
ERROR in osqp_update_data_vec: Problem data validation.
ERROR in osqp_update_data_vec: Problem data validation.
ERROR in osqp_update_data_vec: Problem data validation.
ERROR in osqp_update_data_vec: Problem data validation.
Collision with known obstacle detected! Obs: [ 2.56743405 14.7081748   0.38332213  0.57497071 -0.12490082 -2.
 32.          1.        ], Robot: [ 3.16822088 14.52731367] 0.25, Distance: 0.6274197711596657, True
Collision detected !!
ERROR in osqp_update_data_vec: Problem data validation.
ERROR in osqp_update_data_vec: Problem data validation.
ERROR in osqp_update_data_vec: Problem data validation.
ERROR in osqp_update_data_vec: Problem data validation.
ERROR in osqp_update_data_vec: Problem data validation.
ERROR in osqp_update_data_vec: Problem data validation.
ERROR in osqp_update_data_vec: Problem data validation.
ERROR in osqp_update_data_vec: Problem data validation.
ERROR in osqp_update_data_vec: Problem data validation.
ERROR in osqp_update_data_vec: Problem data validation.
ERROR in osqp_update_data_vec: Problem data validation.
ERROR in osqp_update_data_vec: Problem data validation.
ERROR in osqp_update_data_vec: Problem data validation.
ERROR in osqp_update_data_vec: Problem data validation.
ERROR in osqp_update_data_vec: Problem data validation.
ERROR in osqp_update_data_vec: Problem data validation.
ERROR in osqp_update_data_vec: Problem data validation.
ERROR in osqp_update_data_vec: Problem data validation.
ERROR in osqp_update_data_vec: Problem data validation.
ERROR in osqp_update_data_vec: Problem data validation.
ERROR in osqp_update_data_vec: Problem data validation.
ERROR in osqp_update_data_vec: Problem data validation.
ERROR in osqp_update_data_vec: Problem data validation.
ERROR in osqp_update_data_vec: Problem data validation.
ERROR in osqp_update_data_vec: Problem data validation.
ERROR in osqp_update_data_vec: Problem data validation.
ERROR in osqp_update_data_vec: Problem data validation.
ERROR in osqp_update_data_vec: Problem data validation.
Infeasible detected!!
Infeasible detected!!
ERROR in osqp_update_data_vec: Problem data validation.
ERROR in osqp_update_data_vec: Problem data validation.
ERROR in osqp_update_data_vec: Problem data validation.
ERROR in osqp_update_data_vec: Problem data validation.
ERROR in osqp_update_data_vec: Problem data validation.
ERROR in osqp_update_data_vec: Problem data validation.
ERROR in osqp_update_data_vec: Problem data validation.
ERROR in osqp_update_data_vec: Problem data validation.
ERROR in osqp_update_data_vec: Problem data validation.
ERROR in osqp_update_data_vec: Problem data validation.
ERROR in osqp_update_data_vec: Problem data validation.
ERROR in osqp_update_data_vec: Problem data validation.
ERROR in osqp_update_data_vec: Problem data validation.
ERROR in osqp_update_data_vec: Problem data validation.
ERROR in osqp_update_data_vec: Problem data validation.
ERROR in osqp_update_data_vec: Problem data validation.
ERROR in osqp_update_data_vec: Problem data validation.
ERROR in osqp_update_data_vec: Problem data validation.
ERROR in osqp_update_data_vec: Problem data validation.
ERROR in osqp_update_data_vec: Problem data validation.
ERROR in osqp_update_data_vec: Problem data validation.
ERROR in osqp_update_data_vec: Problem data validation.
ERROR in osqp_update_data_vec: Problem data validation.
ERROR in osqp_update_data_vec: Problem data validation.
ERROR in osqp_update_data_vec: Problem data validation.
ERROR in osqp_update_data_vec: Problem data validation.
ERROR in osqp_update_data_vec: Problem data validation.
ERROR in osqp_update_data_vec: Problem data validation.
ERROR in osqp_update_data_vec: Problem data validation.
ERROR in osqp_update_data_vec: Problem data validation.
ERROR in osqp_update_data_vec: Problem data validation.
ERROR in osqp_update_data_vec: Problem data validation.
Infeasible detected!!
ERROR in osqp_update_data_vec: Problem data validation.
ERROR in osqp_update_data_vec: Problem data validation.
ERROR in osqp_update_data_vec: Problem data validation.
ERROR in osqp_update_data_vec: Problem data validation.
ERROR in osqp_update_data_vec: Problem data validation.
ERROR in osqp_update_data_vec: Problem data validation.
ERROR in osqp_update_data_vec: Problem data validation.
ERROR in osqp_update_data_vec: Problem data validation.
ERROR in osqp_update_data_vec: Problem data validation.
ERROR in osqp_update_data_vec: Problem data validation.
ERROR in osqp_update_data_vec: Problem data validation.
ERROR in osqp_update_data_vec: Problem data validation.
ERROR in osqp_update_data_vec: Problem data validation.
ERROR in osqp_update_data_vec: Problem data validation.
ERROR in osqp_update_data_vec: Problem data validation.
ERROR in osqp_update_data_vec: Problem data validation.
ERROR in osqp_update_data_vec: Problem data validation.
ERROR in osqp_update_data_vec: Problem data validation.
ERROR in osqp_update_data_vec: Problem data validation.
ERROR in osqp_update_data_vec: Problem data validation.
ERROR in osqp_update_data_vec: Problem data validation.
ERROR in osqp_update_data_vec: Problem data validation.
ERROR in osqp_update_data_vec: Problem data validation.
ERROR in osqp_update_data_vec: Problem data validation.
ERROR in osqp_update_data_vec: Problem data validation.
ERROR in osqp_update_data_vec: Problem data validation.
ERROR in osqp_update_data_vec: Problem data validation.
ERROR in osqp_update_data_vec: Problem data validation.
ERROR in osqp_update_data_vec: Problem data validation.
ERROR in osqp_update_data_vec: Problem data validation.
ERROR in osqp_update_data_vec: Problem data validation.
ERROR in osqp_update_data_vec: Problem data validation.
ERROR in osqp_update_data_vec: Problem data validation.
ERROR in osqp_update_data_vec: Problem data validation.
ERROR in osqp_update_data_vec: Problem data validation.
ERROR in osqp_update_data_vec: Problem data validation.
ERROR in osqp_update_data_vec: Problem data validation.
ERROR in osqp_update_data_vec: Problem data validation.
ERROR in osqp_update_data_vec: Problem data validation.
ERROR in osqp_update_data_vec: Problem data validation.
ERROR in osqp_update_data_vec: Problem data validation.
ERROR in osqp_update_data_vec: Problem data validation.
ERROR in osqp_update_data_vec: Problem data validation.
ERROR in osqp_update_data_vec: Problem data validation.
ERROR in osqp_update_data_vec: Problem data validation.
ERROR in osqp_update_data_vec: Problem data validation.
ERROR in osqp_update_data_vec: Problem data validation.
ERROR in osqp_update_data_vec: Problem data validation.
ERROR in osqp_update_data_vec: Problem data validation.
ERROR in osqp_update_data_vec: Problem data validation.
ERROR in osqp_update_data_vec: Problem data validation.
ERROR in osqp_update_data_vec: Problem data validation.
ERROR in osqp_update_data_vec: Problem data validation.
ERROR in osqp_update_data_vec: Problem data validation.
ERROR in osqp_update_data_vec: Problem data validation.
ERROR in osqp_update_data_vec: Problem data validation.
ERROR in osqp_update_data_vec: Problem data validation.
ERROR in osqp_update_data_vec: Problem data validation.
ERROR in osqp_update_data_vec: Problem data validation.
ERROR in osqp_update_data_vec: Problem data validation.
ERROR in osqp_update_data_vec: Problem data validation.
ERROR in osqp_update_data_vec: Problem data validation.
ERROR in osqp_update_data_vec: Problem data validation.
ERROR in osqp_update_data_vec: Problem data validation.
ERROR in osqp_update_data_vec: Problem data validation.
ERROR in osqp_update_data_vec: Problem data validation.
ERROR in osqp_update_data_vec: Problem data validation.
ERROR in osqp_update_data_vec: Problem data validation.
ERROR in osqp_update_data_vec: Problem data validation.
ERROR in osqp_update_data_vec: Problem data validation.
ERROR in osqp_update_data_vec: Problem data validation.
ERROR in osqp_update_data_vec: Problem data validation.
ERROR in osqp_update_data_vec: Problem data validation.
ERROR in osqp_update_data_vec: Problem data validation.
ERROR in osqp_update_data_vec: Problem data validation.
ERROR in osqp_update_data_vec: Problem data validation.
ERROR in osqp_update_data_vec: Problem data validation.
ERROR in osqp_update_data_vec: Problem data validation.
ERROR in osqp_update_data_vec: Problem data validation.
ERROR in osqp_update_data_vec: Problem data validation.
ERROR in osqp_update_data_vec: Problem data validation.
ERROR in osqp_update_data_vec: Problem data validation.
ERROR in osqp_update_data_vec: Problem data validation.
ERROR in osqp_update_data_vec: Problem data validation.
ERROR in osqp_update_data_vec: Problem data validation.
ERROR in osqp_update_data_vec: Problem data validation.
ERROR in osqp_update_data_vec: Problem data validation.
ERROR in osqp_update_data_vec: Problem data validation.
ERROR in osqp_update_data_vec: Problem data validation.
ERROR in osqp_update_data_vec: Problem data validation.
ERROR in osqp_update_data_vec: Problem data validation.
ERROR in osqp_update_data_vec: Problem data validation.
ERROR in osqp_update_data_vec: Problem data validation.
ERROR in osqp_update_data_vec: Problem data validation.
ERROR in osqp_update_data_vec: Problem data validation.
ERROR in osqp_update_data_vec: Problem data validation.
ERROR in osqp_update_data_vec: Problem data validation.
ERROR in osqp_update_data_vec: Problem data validation.
ERROR in osqp_update_data_vec: Problem data validation.
ERROR in osqp_update_data_vec: Problem data validation.
ERROR in osqp_update_data_vec: Problem data validation.
ERROR in osqp_update_data_vec: Problem data validation.
ERROR in osqp_update_data_vec: Problem data validation.
ERROR in osqp_update_data_vec: Problem data validation.
ERROR in osqp_update_data_vec: Problem data validation.
ERROR in osqp_update_data_vec: Problem data validation.
ERROR in osqp_update_data_vec: Problem data validation.
ERROR in osqp_update_data_vec: Problem data validation.
ERROR in osqp_update_data_vec: Problem data validation.
ERROR in osqp_update_data_vec: Problem data validation.
ERROR in osqp_update_data_vec: Problem data validation.
ERROR in osqp_update_data_vec: Problem data validation.
Infeasible detected!!
ERROR in osqp_update_data_vec: Problem data validation.
ERROR in osqp_update_data_vec: Problem data validation.
ERROR in osqp_update_data_vec: Problem data validation.
ERROR in osqp_update_data_vec: Problem data validation.
ERROR in osqp_update_data_vec: Problem data validation.
ERROR in osqp_update_data_vec: Problem data validation.
ERROR in osqp_update_data_vec: Problem data validation.
Infeasible detected!!
ERROR in osqp_update_data_vec: Problem data validation.
ERROR in osqp_update_data_vec: Problem data validation.
ERROR in osqp_update_data_vec: Problem data validation.
ERROR in osqp_update_data_vec: Problem data validation.
ERROR in osqp_update_data_vec: Problem data validation.
ERROR in osqp_update_data_vec: Problem data validation.
ERROR in osqp_update_data_vec: Problem data validation.
ERROR in osqp_update_data_vec: Problem data validation.
ERROR in osqp_update_data_vec: Problem data validation.
ERROR in osqp_update_data_vec: Problem data validation.
ERROR in osqp_update_data_vec: Problem data validation.
ERROR in osqp_update_data_vec: Problem data validation.
ERROR in osqp_update_data_vec: Problem data validation.
ERROR in osqp_update_data_vec: Problem data validation.
ERROR in osqp_update_data_vec: Problem data validation.
ERROR in osqp_update_data_vec: Problem data validation.
ERROR in osqp_update_data_vec: Problem data validation.
ERROR in osqp_update_data_vec: Problem data validation.
ERROR in osqp_update_data_vec: Problem data validation.
ERROR in osqp_update_data_vec: Problem data validation.
ERROR in osqp_update_data_vec: Problem data validation.
ERROR in osqp_update_data_vec: Problem data validation.
Infeasible detected!!
ERROR in osqp_update_data_vec: Problem data validation.
ERROR in osqp_update_data_vec: Problem data validation.
ERROR in osqp_update_data_vec: Problem data validation.
ERROR in osqp_update_data_vec: Problem data validation.
Infeasible detected!!
ERROR in osqp_update_data_vec: Problem data validation.
ERROR in osqp_update_data_vec: Problem data validation.
ERROR in osqp_update_data_vec: Problem data validation.
ERROR in osqp_update_data_vec: Problem data validation.
ERROR in osqp_update_data_vec: Problem data validation.
ERROR in osqp_update_data_vec: Problem data validation.
ERROR in osqp_update_data_vec: Problem data validation.
ERROR in osqp_update_data_vec: Problem data validation.
ERROR in osqp_update_data_vec: Problem data validation.
ERROR in osqp_update_data_vec: Problem data validation.
ERROR in osqp_update_data_vec: Problem data validation.
ERROR in osqp_update_data_vec: Problem data validation.
ERROR in osqp_update_data_vec: Problem data validation.
ERROR in osqp_update_data_vec: Problem data validation.
ERROR in osqp_update_data_vec: Problem data validation.
ERROR in osqp_update_data_vec: Problem data validation.
ERROR in osqp_update_data_vec: Problem data validation.
ERROR in osqp_update_data_vec: Problem data validation.
ERROR in osqp_update_data_vec: Problem data validation.
ERROR in osqp_update_data_vec: Problem data validation.
ERROR in osqp_update_data_vec: Problem data validation.
ERROR in osqp_update_data_vec: Problem data validation.
Infeasible detected!!
ERROR in osqp_update_data_vec: Problem data validation.
ERROR in osqp_update_data_vec: Problem data validation.
ERROR in osqp_update_data_vec: Problem data validation.
ERROR in osqp_update_data_vec: Problem data validation.
ERROR in osqp_update_data_vec: Problem data validation.
ERROR in osqp_update_data_vec: Problem data validation.
ERROR in osqp_update_data_vec: Problem data validation.
ERROR in osqp_update_data_vec: Problem data validation.
ERROR in osqp_update_data_vec: Problem data validation.
ERROR in osqp_update_data_vec: Problem data validation.
ERROR in osqp_update_data_vec: Problem data validation.
ERROR in osqp_update_data_vec: Problem data validation.
ERROR in osqp_update_data_vec: Problem data validation.
ERROR in osqp_update_data_vec: Problem data validation.
ERROR in osqp_update_data_vec: Problem data validation.
ERROR in osqp_update_data_vec: Problem data validation.
ERROR in osqp_update_data_vec: Problem data validation.
ERROR in osqp_update_data_vec: Problem data validation.
ERROR in osqp_update_data_vec: Problem data validation.
ERROR in osqp_update_data_vec: Problem data validation.
ERROR in osqp_update_data_vec: Problem data validation.
ERROR in osqp_update_data_vec: Problem data validation.
ERROR in osqp_update_data_vec: Problem data validation.
ERROR in osqp_update_data_vec: Problem data validation.
ERROR in osqp_update_data_vec: Problem data validation.
ERROR in osqp_update_data_vec: Problem data validation.
ERROR in osqp_update_data_vec: Problem data validation.
ERROR in osqp_update_data_vec: Problem data validation.
ERROR in osqp_update_data_vec: Problem data validation.
ERROR in osqp_update_data_vec: Problem data validation.
ERROR in osqp_update_data_vec: Problem data validation.
ERROR in osqp_update_data_vec: Problem data validation.
ERROR in osqp_update_data_vec: Problem data validation.
ERROR in osqp_update_data_vec: Problem data validation.
ERROR in osqp_update_data_vec: Problem data validation.
ERROR in osqp_update_data_vec: Problem data validation.
ERROR in osqp_update_data_vec: Problem data validation.
ERROR in osqp_update_data_vec: Problem data validation.
ERROR in osqp_update_data_vec: Problem data validation.
ERROR in osqp_update_data_vec: Problem data validation.
ERROR in osqp_update_data_vec: Problem data validation.
ERROR in osqp_update_data_vec: Problem data validation.
ERROR in osqp_update_data_vec: Problem data validation.
ERROR in osqp_update_data_vec: Problem data validation.
ERROR in osqp_update_data_vec: Problem data validation.
ERROR in osqp_update_data_vec: Problem data validation.
ERROR in osqp_update_data_vec: Problem data validation.
ERROR in osqp_update_data_vec: Problem data validation.
ERROR in osqp_update_data_vec: Problem data validation.
ERROR in osqp_update_data_vec: Problem data validation.
ERROR in osqp_update_data_vec: Problem data validation.
ERROR in osqp_update_data_vec: Problem data validation.
ERROR in osqp_update_data_vec: Problem data validation.
ERROR in osqp_update_data_vec: Problem data validation.
ERROR in osqp_update_data_vec: Problem data validation.
ERROR in osqp_update_data_vec: Problem data validation.
ERROR in osqp_update_data_vec: Problem data validation.
ERROR in osqp_update_data_vec: Problem data validation.
ERROR in osqp_update_data_vec: Problem data validation.
ERROR in osqp_update_data_vec: Problem data validation.
ERROR in osqp_update_data_vec: Problem data validation.
ERROR in osqp_update_data_vec: Problem data validation.
ERROR in osqp_update_data_vec: Problem data validation.
ERROR in osqp_update_data_vec: Problem data validation.
ERROR in osqp_update_data_vec: Problem data validation.
ERROR in osqp_update_data_vec: Problem data validation.
ERROR in osqp_update_data_vec: Problem data validation.
ERROR in osqp_update_data_vec: Problem data validation.
ERROR in osqp_update_data_vec: Problem data validation.
ERROR in osqp_update_data_vec: Problem data validation.
ERROR in osqp_update_data_vec: Problem data validation.
ERROR in osqp_update_data_vec: Problem data validation.
ERROR in osqp_update_data_vec: Problem data validation.
ERROR in osqp_update_data_vec: Problem data validation.
ERROR in osqp_update_data_vec: Problem data validation.
ERROR in osqp_update_data_vec: Problem data validation.
ERROR in osqp_update_data_vec: Problem data validation.
ERROR in osqp_update_data_vec: Problem data validation.
ERROR in osqp_update_data_vec: Problem data validation.
ERROR in osqp_update_data_vec: Problem data validation.
ERROR in osqp_update_data_vec: Problem data validation.
ERROR in osqp_update_data_vec: Problem data validation.
ERROR in osqp_update_data_vec: Problem data validation.
Infeasible detected!!
ERROR in osqp_update_data_vec: Problem data validation.
ERROR in osqp_update_data_vec: Problem data validation.
ERROR in osqp_update_data_vec: Problem data validation.
ERROR in osqp_update_data_vec: Problem data validation.
ERROR in osqp_update_data_vec: Problem data validation.

=== Crowd Trial Summary (3-way) ===
success=54 | collision=5 | infeasible=41 | total=100
success idx   : [3, 6, 9, 10, 12, 13, 15, 16, 19, 22, 24, 26, 28, 29, 34, 36, 38, 40, 41, 42, 43, 44, 46, 49, 50, 51, 52, 53, 54, 56, 58, 59, 60, 61, 63, 68, 70, 71, 73, 74, 75, 76, 77, 79, 83, 84, 85, 88, 89, 90, 96, 97, 98, 99]
collision idx : [21, 45, 62, 66, 80]
infeasible idx: [1, 2, 4, 5, 7, 8, 11, 14, 17, 18, 20, 23, 25, 27, 30, 31, 32, 33, 35, 37, 39, 47, 48, 55, 57, 64, 65, 67, 69, 72, 78, 81, 82, 86, 87, 91, 92, 93, 94, 95, 100]
avg controller compute time over idx [ms]: 7.098684638782632
avg control intervention over idx: 0.32352563330122713
avg terminal slack L1 over idx: 0.04272567718683765
avg terminal slack max over idx: 0.040172071753572
avg terminal slack active ratio over idx: 0.36064800561066707
avg sim time over idx [s]: 95.25350000000002
avg wall time per idx [s]: 15.341025558732218
avg forced initially occluded over idx: 5.86
avg forced revealed over idx: 4.56
avg forced corridor conflict over idx: 1.0
forced reveal-positive trial rate: 1.0
saved rows    : debug_logs/uni_ocbf_nrand10_30_best_w6_20260626_002621/nrand10_slack20m2_T1p0_top2_k40_gated/crowd_trials_occlusion_cbf_42_1_100_20260626_022149.csv
saved summary : debug_logs/uni_ocbf_nrand10_30_best_w6_20260626_002621/nrand10_slack20m2_T1p0_top2_k40_gated/crowd_trials_occlusion_cbf_42_1_100_20260626_022149.json

