[RUN] scenario=crowd2 label=occlusion_cbf baseline=occlusion_cbf pos=occlusion_cbf_qp model=uni seed=42 idx=1..100 n_rand=10 tf=500.0 wmax=default oa_allow_solver_fallback=None oa_dynamic_occluders=None oa_dsafe=None oa_visible_reach_mode=None oa_use_nominal_tracking_cost=None oa_dt=None occ_version=v2 occ_visible_scale=None occ_enable_visible_hocbf=True crowd_mode=forced_emergence
[RUN] show_animation=False, save_animation=False
Restricted license - for non-production use only - expires 2027-11-29
/Users/parkcart/workspace/occlusion-cbf/.venv/lib/python3.10/site-packages/cvxpy/problems/problem.py:1539: UserWarning: Solution may be inaccurate. Try another solver, adjusting the solver settings, or solve with verbose=True for more information.
  warnings.warn(
Restricted license - for non-production use only - expires 2027-11-29
/Users/parkcart/workspace/occlusion-cbf/.venv/lib/python3.10/site-packages/cvxpy/problems/problem.py:1539: UserWarning: Solution may be inaccurate. Try another solver, adjusting the solver settings, or solve with verbose=True for more information.
  warnings.warn(
Restricted license - for non-production use only - expires 2027-11-29
/Users/parkcart/workspace/occlusion-cbf/.venv/lib/python3.10/site-packages/cvxpy/problems/problem.py:1539: UserWarning: Solution may be inaccurate. Try another solver, adjusting the solver settings, or solve with verbose=True for more information.
  warnings.warn(
Restricted license - for non-production use only - expires 2027-11-29
/Users/parkcart/workspace/occlusion-cbf/.venv/lib/python3.10/site-packages/cvxpy/problems/problem.py:1539: UserWarning: Solution may be inaccurate. Try another solver, adjusting the solver settings, or solve with verbose=True for more information.
  warnings.warn(
/Users/parkcart/workspace/occlusion-cbf/.venv/lib/python3.10/site-packages/cvxpy/problems/problem.py:1545: UserWarning: 
    The problem is either infeasible or unbounded, but the solver
    cannot tell which. Disable any solver-specific presolve methods
    and re-solve to determine the precise problem status.

    For GUROBI and CPLEX you can automatically perform this re-solve
    with the keyword argument prob.solve(reoptimize=True, ...).
    
  warnings.warn(INF_OR_UNB_MESSAGE)
[001/100] idx=  1 -> infeasible (raw=infeasible, compute_ms=12.752802116823325, intv=1.1476572184556542)
Restricted license - for non-production use only - expires 2027-11-29
/Users/parkcart/workspace/occlusion-cbf/.venv/lib/python3.10/site-packages/cvxpy/problems/problem.py:1539: UserWarning: Solution may be inaccurate. Try another solver, adjusting the solver settings, or solve with verbose=True for more information.
  warnings.warn(
[002/100] idx=  7 -> collision  (raw=collision, compute_ms=9.5188730276908, intv=0.783740808662891)
[003/100] idx=  2 -> infeasible (raw=infeasible, compute_ms=11.098177615693205, intv=0.4966936479218569)
/Users/parkcart/workspace/occlusion-cbf/.venv/lib/python3.10/site-packages/cvxpy/problems/problem.py:1539: UserWarning: Solution may be inaccurate. Try another solver, adjusting the solver settings, or solve with verbose=True for more information.
  warnings.warn(
[004/100] idx=  5 -> success    (raw=success, compute_ms=6.9268539126876005, intv=0.12426625498291531)
[005/100] idx=  8 -> collision  (raw=collision, compute_ms=8.292507085274499, intv=0.8025693115141973)
[006/100] idx=  3 -> success    (raw=success, compute_ms=7.155527752517674, intv=0.23235967342360223)
[007/100] idx=  6 -> success    (raw=success, compute_ms=8.574312602018248, intv=0.328728846345594)
[008/100] idx=  4 -> success    (raw=success, compute_ms=10.052616027229133, intv=0.2929308389295021)
[009/100] idx=  9 -> infeasible (raw=infeasible, compute_ms=7.985646780259136, intv=0.21123070244955086)
ERROR in osqp_update_data_vec: Problem data validation.
ERROR in osqp_update_data_vec: Problem data validation.
ERROR in osqp_update_data_vec: Problem data validation.
ERROR in osqp_update_data_vec: Problem data validation.
ERROR in osqp_update_data_vec: Problem data validation.
ERROR in osqp_update_data_vec: Problem data validation.
ERROR in osqp_update_data_vec: Problem data validation.
ERROR in osqp_update_data_vec: Problem data validation.
ERROR in osqp_update_data_vec: Problem data validation.
ERROR in osqp_update_data_vec: Problem data validation.
ERROR in osqp_update_data_vec: Problem data validation.
ERROR in osqp_update_data_vec: Problem data validation.
ERROR in osqp_update_data_vec: Problem data validation.
ERROR in osqp_update_data_vec: Problem data validation.
ERROR in osqp_update_data_vec: Problem data validation.
ERROR in osqp_update_data_vec: Problem data validation.
ERROR in osqp_update_data_vec: Problem data validation.
ERROR in osqp_update_data_vec: Problem data validation.
ERROR in osqp_update_data_vec: Problem data validation.
ERROR in osqp_update_data_vec: Problem data validation.
ERROR in osqp_update_data_vec: Problem data validation.
ERROR in osqp_update_data_vec: Problem data validation.
ERROR in osqp_update_data_vec: Problem data validation.
ERROR in osqp_update_data_vec: Problem data validation.
ERROR in osqp_update_data_vec: Problem data validation.
ERROR in osqp_update_data_vec: Problem data validation.
ERROR in osqp_update_data_vec: Problem data validation.
ERROR in osqp_update_data_vec: Problem data validation.
ERROR in osqp_update_data_vec: Problem data validation.
ERROR in osqp_update_data_vec: Problem data validation.
ERROR in osqp_update_data_vec: Problem data validation.
ERROR in osqp_update_data_vec: Problem data validation.
ERROR in osqp_update_data_vec: Problem data validation.
ERROR in osqp_update_data_vec: Problem data validation.
ERROR in osqp_update_data_vec: Problem data validation.
ERROR in osqp_update_data_vec: Problem data validation.
ERROR in osqp_update_data_vec: Problem data validation.
ERROR in osqp_update_data_vec: Problem data validation.
ERROR in osqp_update_data_vec: Problem data validation.
ERROR in osqp_update_data_vec: Problem data validation.
ERROR in osqp_update_data_vec: Problem data validation.
ERROR in osqp_update_data_vec: Problem data validation.
ERROR in osqp_update_data_vec: Problem data validation.
ERROR in osqp_update_data_vec: Problem data validation.
ERROR in osqp_update_data_vec: Problem data validation.
ERROR in osqp_update_data_vec: Problem data validation.
ERROR in osqp_update_data_vec: Problem data validation.
ERROR in osqp_update_data_vec: Problem data validation.
ERROR in osqp_update_data_vec: Problem data validation.
ERROR in osqp_update_data_vec: Problem data validation.
ERROR in osqp_update_data_vec: Problem data validation.
ERROR in osqp_update_data_vec: Problem data validation.
ERROR in osqp_update_data_vec: Problem data validation.
ERROR in osqp_update_data_vec: Problem data validation.
ERROR in osqp_update_data_vec: Problem data validation.
ERROR in osqp_update_data_vec: Problem data validation.
Restricted license - for non-production use only - expires 2027-11-29
/Users/parkcart/workspace/occlusion-cbf/.venv/lib/python3.10/site-packages/cvxpy/problems/problem.py:1545: UserWarning: 
    The problem is either infeasible or unbounded, but the solver
    cannot tell which. Disable any solver-specific presolve methods
    and re-solve to determine the precise problem status.

    For GUROBI and CPLEX you can automatically perform this re-solve
    with the keyword argument prob.solve(reoptimize=True, ...).
    
  warnings.warn(INF_OR_UNB_MESSAGE)
ERROR in osqp_update_data_vec: Problem data validation.
ERROR in osqp_update_data_vec: Problem data validation.
ERROR in osqp_update_data_vec: Problem data validation.
ERROR in osqp_update_data_vec: Problem data validation.
ERROR in osqp_update_data_vec: Problem data validation.
ERROR in osqp_update_data_vec: Problem data validation.
ERROR in osqp_update_data_vec: Problem data validation.
ERROR in osqp_update_data_vec: Problem data validation.
ERROR in osqp_update_data_vec: Problem data validation.
ERROR in osqp_update_data_vec: Problem data validation.
ERROR in osqp_update_data_vec: Problem data validation.
ERROR in osqp_update_data_vec: Problem data validation.
ERROR in osqp_update_data_vec: Problem data validation.
ERROR in osqp_update_data_vec: Problem data validation.
ERROR in osqp_update_data_vec: Problem data validation.
ERROR in osqp_update_data_vec: Problem data validation.
ERROR in osqp_update_data_vec: Problem data validation.
ERROR in osqp_update_data_vec: Problem data validation.
ERROR in osqp_update_data_vec: Problem data validation.
ERROR in osqp_update_data_vec: Problem data validation.
ERROR in osqp_update_data_vec: Problem data validation.
ERROR in osqp_update_data_vec: Problem data validation.
ERROR in osqp_update_data_vec: Problem data validation.
ERROR in osqp_update_data_vec: Problem data validation.
ERROR in osqp_update_data_vec: Problem data validation.
ERROR in osqp_update_data_vec: Problem data validation.
ERROR in osqp_update_data_vec: Problem data validation.
ERROR in osqp_update_data_vec: Problem data validation.
ERROR in osqp_update_data_vec: Problem data validation.
ERROR in osqp_update_data_vec: Problem data validation.
ERROR in osqp_update_data_vec: Problem data validation.
ERROR in osqp_update_data_vec: Problem data validation.
ERROR in osqp_update_data_vec: Problem data validation.
ERROR in osqp_update_data_vec: Problem data validation.
ERROR in osqp_update_data_vec: Problem data validation.
ERROR in osqp_update_data_vec: Problem data validation.
ERROR in osqp_update_data_vec: Problem data validation.
ERROR in osqp_update_data_vec: Problem data validation.
ERROR in osqp_update_data_vec: Problem data validation.
ERROR in osqp_update_data_vec: Problem data validation.
ERROR in osqp_update_data_vec: Problem data validation.
ERROR in osqp_update_data_vec: Problem data validation.
ERROR in osqp_update_data_vec: Problem data validation.
ERROR in osqp_update_data_vec: Problem data validation.
ERROR in osqp_update_data_vec: Problem data validation.
ERROR in osqp_update_data_vec: Problem data validation.
ERROR in osqp_update_data_vec: Problem data validation.
ERROR in osqp_update_data_vec: Problem data validation.
ERROR in osqp_update_data_vec: Problem data validation.
ERROR in osqp_update_data_vec: Problem data validation.
ERROR in osqp_update_data_vec: Problem data validation.
ERROR in osqp_update_data_vec: Problem data validation.
Infeasible detected!!
ERROR in osqp_update_data_vec: Problem data validation.
ERROR in osqp_update_data_vec: Problem data validation.
ERROR in osqp_update_data_vec: Problem data validation.
ERROR in osqp_update_data_vec: Problem data validation.
ERROR in osqp_update_data_vec: Problem data validation.
ERROR in osqp_update_data_vec: Problem data validation.
ERROR in osqp_update_data_vec: Problem data validation.
ERROR in osqp_update_data_vec: Problem data validation.
Collision with known obstacle detected! Obs: [ 2.61415083 11.06831903  0.39232931  0.50451505 -0.32252655 -2.
 32.          1.        ], Robot: [ 3.15204495 11.41895594] 0.25, Distance: 0.6420874770349563, True
Collision detected !!
ERROR in osqp_update_data_vec: Problem data validation.
ERROR in osqp_update_data_vec: Problem data validation.
ERROR in osqp_update_data_vec: Problem data validation.
ERROR in osqp_update_data_vec: Problem data validation.
ERROR in osqp_update_data_vec: Problem data validation.
ERROR in osqp_update_data_vec: Problem data validation.
ERROR in osqp_update_data_vec: Problem data validation.
ERROR in osqp_update_data_vec: Problem data validation.
ERROR in osqp_update_data_vec: Problem data validation.
ERROR in osqp_update_data_vec: Problem data validation.
ERROR in osqp_update_data_vec: Problem data validation.
ERROR in osqp_update_data_vec: Problem data validation.
ERROR in osqp_update_data_vec: Problem data validation.
ERROR in osqp_update_data_vec: Problem data validation.
ERROR in osqp_update_data_vec: Problem data validation.
ERROR in osqp_update_data_vec: Problem data validation.
ERROR in osqp_update_data_vec: Problem data validation.
ERROR in osqp_update_data_vec: Problem data validation.
ERROR in osqp_update_data_vec: Problem data validation.
ERROR in osqp_update_data_vec: Problem data validation.
ERROR in osqp_update_data_vec: Problem data validation.
ERROR in osqp_update_data_vec: Problem data validation.
ERROR in osqp_update_data_vec: Problem data validation.
ERROR in osqp_update_data_vec: Problem data validation.
ERROR in osqp_update_data_vec: Problem data validation.
ERROR in osqp_update_data_vec: Problem data validation.
ERROR in osqp_update_data_vec: Problem data validation.
ERROR in osqp_update_data_vec: Problem data validation.
ERROR in osqp_update_data_vec: Problem data validation.
ERROR in osqp_update_data_vec: Problem data validation.
ERROR in osqp_update_data_vec: Problem data validation.
ERROR in osqp_update_data_vec: Problem data validation.
ERROR in osqp_update_data_vec: Problem data validation.
ERROR in osqp_update_data_vec: Problem data validation.
ERROR in osqp_update_data_vec: Problem data validation.
ERROR in osqp_update_data_vec: Problem data validation.
ERROR in osqp_update_data_vec: Problem data validation.
ERROR in osqp_update_data_vec: Problem data validation.
ERROR in osqp_update_data_vec: Problem data validation.
ERROR in osqp_update_data_vec: Problem data validation.
ERROR in osqp_update_data_vec: Problem data validation.
ERROR in osqp_update_data_vec: Problem data validation.
ERROR in osqp_update_data_vec: Problem data validation.
ERROR in osqp_update_data_vec: Problem data validation.
ERROR in osqp_update_data_vec: Problem data validation.
ERROR in osqp_update_data_vec: Problem data validation.
ERROR in osqp_update_data_vec: Problem data validation.
ERROR in osqp_update_data_vec: Problem data validation.
ERROR in osqp_update_data_vec: Problem data validation.
ERROR in osqp_update_data_vec: Problem data validation.
ERROR in osqp_update_data_vec: Problem data validation.
ERROR in osqp_update_data_vec: Problem data validation.
ERROR in osqp_update_data_vec: Problem data validation.
ERROR in osqp_update_data_vec: Problem data validation.
ERROR in osqp_update_data_vec: Problem data validation.
ERROR in osqp_update_data_vec: Problem data validation.
ERROR in osqp_update_data_vec: Problem data validation.
ERROR in osqp_update_data_vec: Problem data validation.
ERROR in osqp_update_data_vec: Problem data validation.
ERROR in osqp_update_data_vec: Problem data validation.
ERROR in osqp_update_data_vec: Problem data validation.
ERROR in osqp_update_data_vec: Problem data validation.
ERROR in osqp_update_data_vec: Problem data validation.
ERROR in osqp_update_data_vec: Problem data validation.
ERROR in osqp_update_data_vec: Problem data validation.
Collision with known obstacle detected! Obs: [ 1.073628   14.76013565  0.36065377 -0.73803059 -0.3919159  -2.
 32.          1.        ], Robot: [ 0.50102104 14.54973107] 0.25, Distance: 0.6100400112066751, True
Collision detected !!
ERROR in osqp_update_data_vec: Problem data validation.
ERROR in osqp_update_data_vec: Problem data validation.
ERROR in osqp_update_data_vec: Problem data validation.
ERROR in osqp_update_data_vec: Problem data validation.
ERROR in osqp_update_data_vec: Problem data validation.
ERROR in osqp_update_data_vec: Problem data validation.
ERROR in osqp_update_data_vec: Problem data validation.
ERROR in osqp_update_data_vec: Problem data validation.
ERROR in osqp_update_data_vec: Problem data validation.
ERROR in osqp_update_data_vec: Problem data validation.
ERROR in osqp_update_data_vec: Problem data validation.
ERROR in osqp_update_data_vec: Problem data validation.
[010/100] idx= 11 -> collision  (raw=collision, compute_ms=7.604292511553845, intv=0.34241413450231023)
[011/100] idx= 10 -> success    (raw=success, compute_ms=7.539110570684745, intv=0.32231845686460076)
[012/100] idx= 14 -> collision  (raw=collision, compute_ms=10.145570693444537, intv=0.6388299033276761)
[013/100] idx= 12 -> success    (raw=success, compute_ms=7.994202525810851, intv=0.23190413630817655)
[014/100] idx= 13 -> success    (raw=success, compute_ms=7.329868323432811, intv=0.17639489501101852)
[015/100] idx= 18 -> infeasible (raw=infeasible, compute_ms=11.127088923264434, intv=0.7479618158506374)
/Users/parkcart/workspace/occlusion-cbf/.venv/lib/python3.10/site-packages/cvxpy/problems/problem.py:1545: UserWarning: 
    The problem is either infeasible or unbounded, but the solver
    cannot tell which. Disable any solver-specific presolve methods
    and re-solve to determine the precise problem status.

    For GUROBI and CPLEX you can automatically perform this re-solve
    with the keyword argument prob.solve(reoptimize=True, ...).
    
  warnings.warn(INF_OR_UNB_MESSAGE)
[016/100] idx= 15 -> success    (raw=success, compute_ms=8.351162482523833, intv=0.3292910684842935)
[017/100] idx= 16 -> success    (raw=success, compute_ms=8.65024731913604, intv=0.21515093780498715)
ERROR in osqp_update_data_vec: Problem data validation.
ERROR in osqp_update_data_vec: Problem data validation.
ERROR in osqp_update_data_vec: Problem data validation.
ERROR in osqp_update_data_vec: Problem data validation.
ERROR in osqp_update_data_vec: Problem data validation.
ERROR in osqp_update_data_vec: Problem data validation.
ERROR in osqp_update_data_vec: Problem data validation.
ERROR in osqp_update_data_vec: Problem data validation.
ERROR in osqp_update_data_vec: Problem data validation.
ERROR in osqp_update_data_vec: Problem data validation.
ERROR in osqp_update_data_vec: Problem data validation.
ERROR in osqp_update_data_vec: Problem data validation.
ERROR in osqp_update_data_vec: Problem data validation.
ERROR in osqp_update_data_vec: Problem data validation.
ERROR in osqp_update_data_vec: Problem data validation.
ERROR in osqp_update_data_vec: Problem data validation.
ERROR in osqp_update_data_vec: Problem data validation.
ERROR in osqp_update_data_vec: Problem data validation.
ERROR in osqp_update_data_vec: Problem data validation.
ERROR in osqp_update_data_vec: Problem data validation.
Collision with known obstacle detected! Obs: [22.77887151  2.38208503  0.36424987 -0.644368   -0.10172227 -2.
 32.          1.        ], Robot: [22.40824724  1.8960523 ] 0.25, Distance: 0.6112202300920487, True
Collision detected !!
ERROR in osqp_update_data_vec: Problem data validation.
ERROR in osqp_update_data_vec: Problem data validation.
ERROR in osqp_update_data_vec: Problem data validation.
ERROR in osqp_update_data_vec: Problem data validation.
ERROR in osqp_update_data_vec: Problem data validation.
ERROR in osqp_update_data_vec: Problem data validation.
ERROR in osqp_update_data_vec: Problem data validation.
ERROR in osqp_update_data_vec: Problem data validation.
ERROR in osqp_update_data_vec: Problem data validation.
ERROR in osqp_update_data_vec: Problem data validation.
ERROR in osqp_update_data_vec: Problem data validation.
ERROR in osqp_update_data_vec: Problem data validation.
ERROR in osqp_update_data_vec: Problem data validation.
ERROR in osqp_update_data_vec: Problem data validation.
ERROR in osqp_update_data_vec: Problem data validation.
ERROR in osqp_update_data_vec: Problem data validation.
ERROR in osqp_update_data_vec: Problem data validation.
ERROR in osqp_update_data_vec: Problem data validation.
ERROR in osqp_update_data_vec: Problem data validation.
ERROR in osqp_update_data_vec: Problem data validation.
ERROR in osqp_update_data_vec: Problem data validation.
ERROR in osqp_update_data_vec: Problem data validation.
ERROR in osqp_update_data_vec: Problem data validation.
ERROR in osqp_update_data_vec: Problem data validation.
ERROR in osqp_update_data_vec: Problem data validation.
ERROR in osqp_update_data_vec: Problem data validation.
ERROR in osqp_update_data_vec: Problem data validation.
ERROR in osqp_update_data_vec: Problem data validation.
ERROR in osqp_update_data_vec: Problem data validation.
ERROR in osqp_update_data_vec: Problem data validation.
ERROR in osqp_update_data_vec: Problem data validation.
ERROR in osqp_update_data_vec: Problem data validation.
ERROR in osqp_update_data_vec: Problem data validation.
ERROR in osqp_update_data_vec: Problem data validation.
ERROR in osqp_update_data_vec: Problem data validation.
ERROR in osqp_update_data_vec: Problem data validation.
ERROR in osqp_update_data_vec: Problem data validation.
ERROR in osqp_update_data_vec: Problem data validation.
ERROR in osqp_update_data_vec: Problem data validation.
ERROR in osqp_update_data_vec: Problem data validation.
ERROR in osqp_update_data_vec: Problem data validation.
ERROR in osqp_update_data_vec: Problem data validation.
ERROR in osqp_update_data_vec: Problem data validation.
ERROR in osqp_update_data_vec: Problem data validation.
ERROR in osqp_update_data_vec: Problem data validation.
ERROR in osqp_update_data_vec: Problem data validation.
ERROR in osqp_update_data_vec: Problem data validation.
ERROR in osqp_update_data_vec: Problem data validation.
ERROR in osqp_update_data_vec: Problem data validation.
ERROR in osqp_update_data_vec: Problem data validation.
ERROR in osqp_update_data_vec: Problem data validation.
ERROR in osqp_update_data_vec: Problem data validation.
ERROR in osqp_update_data_vec: Problem data validation.
ERROR in osqp_update_data_vec: Problem data validation.
ERROR in osqp_update_data_vec: Problem data validation.
ERROR in osqp_update_data_vec: Problem data validation.
ERROR in osqp_update_data_vec: Problem data validation.
ERROR in osqp_update_data_vec: Problem data validation.
ERROR in osqp_update_data_vec: Problem data validation.
ERROR in osqp_update_data_vec: Problem data validation.
ERROR in osqp_update_data_vec: Problem data validation.
ERROR in osqp_update_data_vec: Problem data validation.
ERROR in osqp_update_data_vec: Problem data validation.
ERROR in osqp_update_data_vec: Problem data validation.
ERROR in osqp_update_data_vec: Problem data validation.
ERROR in osqp_update_data_vec: Problem data validation.
ERROR in osqp_update_data_vec: Problem data validation.
ERROR in osqp_update_data_vec: Problem data validation.
ERROR in osqp_update_data_vec: Problem data validation.
ERROR in osqp_update_data_vec: Problem data validation.
ERROR in osqp_update_data_vec: Problem data validation.
ERROR in osqp_update_data_vec: Problem data validation.
ERROR in osqp_update_data_vec: Problem data validation.
ERROR in osqp_update_data_vec: Problem data validation.
ERROR in osqp_update_data_vec: Problem data validation.
ERROR in osqp_update_data_vec: Problem data validation.
ERROR in osqp_update_data_vec: Problem data validation.
ERROR in osqp_update_data_vec: Problem data validation.
ERROR in osqp_update_data_vec: Problem data validation.
ERROR in osqp_update_data_vec: Problem data validation.
ERROR in osqp_update_data_vec: Problem data validation.
ERROR in osqp_update_data_vec: Problem data validation.
ERROR in osqp_update_data_vec: Problem data validation.
ERROR in osqp_update_data_vec: Problem data validation.
ERROR in osqp_update_data_vec: Problem data validation.
ERROR in osqp_update_data_vec: Problem data validation.
ERROR in osqp_update_data_vec: Problem data validation.
ERROR in osqp_update_data_vec: Problem data validation.
ERROR in osqp_update_data_vec: Problem data validation.
ERROR in osqp_update_data_vec: Problem data validation.
ERROR in osqp_update_data_vec: Problem data validation.
ERROR in osqp_update_data_vec: Problem data validation.
ERROR in osqp_update_data_vec: Problem data validation.
ERROR in osqp_update_data_vec: Problem data validation.
ERROR in osqp_update_data_vec: Problem data validation.
ERROR in osqp_update_data_vec: Problem data validation.
ERROR in osqp_update_data_vec: Problem data validation.
ERROR in osqp_update_data_vec: Problem data validation.
ERROR in osqp_update_data_vec: Problem data validation.
ERROR in osqp_update_data_vec: Problem data validation.
ERROR in osqp_update_data_vec: Problem data validation.
ERROR in osqp_update_data_vec: Problem data validation.
ERROR in osqp_update_data_vec: Problem data validation.
ERROR in osqp_update_data_vec: Problem data validation.
ERROR in osqp_update_data_vec: Problem data validation.
ERROR in osqp_update_data_vec: Problem data validation.
ERROR in osqp_update_data_vec: Problem data validation.
ERROR in osqp_update_data_vec: Problem data validation.
ERROR in osqp_update_data_vec: Problem data validation.
ERROR in osqp_update_data_vec: Problem data validation.
ERROR in osqp_update_data_vec: Problem data validation.
ERROR in osqp_update_data_vec: Problem data validation.
ERROR in osqp_update_data_vec: Problem data validation.
ERROR in osqp_update_data_vec: Problem data validation.
ERROR in osqp_update_data_vec: Problem data validation.
ERROR in osqp_update_data_vec: Problem data validation.
ERROR in osqp_update_data_vec: Problem data validation.
ERROR in osqp_update_data_vec: Problem data validation.
ERROR in osqp_update_data_vec: Problem data validation.
ERROR in osqp_update_data_vec: Problem data validation.
ERROR in osqp_update_data_vec: Problem data validation.
ERROR in osqp_update_data_vec: Problem data validation.
[018/100] idx= 17 -> success    (raw=success, compute_ms=8.379721279360577, intv=0.36404668312119026)
[019/100] idx= 20 -> success    (raw=success, compute_ms=8.1440190281832, intv=0.27211991892020604)
[020/100] idx= 21 -> success    (raw=success, compute_ms=7.424592055609178, intv=0.1876872276595862)
[021/100] idx= 19 -> success    (raw=success, compute_ms=9.546324724044167, intv=0.3196997412832242)
[022/100] idx= 22 -> success    (raw=success, compute_ms=8.157929967918712, intv=0.23846869442527147)
[023/100] idx= 27 -> collision  (raw=collision, compute_ms=10.196129230348406, intv=0.6457170550091141)
[024/100] idx= 24 -> success    (raw=success, compute_ms=7.002871155870171, intv=0.12749676096515686)
[025/100] idx= 23 -> success    (raw=success, compute_ms=7.501204012965088, intv=0.3445367534366005)
[026/100] idx= 25 -> success    (raw=success, compute_ms=7.037393025004164, intv=0.18707796455020914)
[027/100] idx= 26 -> success    (raw=success, compute_ms=7.455486295293331, intv=0.20692157932417768)
ERROR in osqp_update_data_vec: Problem data validation.
ERROR in osqp_update_data_vec: Problem data validation.
ERROR in osqp_update_data_vec: Problem data validation.
ERROR in osqp_update_data_vec: Problem data validation.
ERROR in osqp_update_data_vec: Problem data validation.
ERROR in osqp_update_data_vec: Problem data validation.
ERROR in osqp_update_data_vec: Problem data validation.
ERROR in osqp_update_data_vec: Problem data validation.
ERROR in osqp_update_data_vec: Problem data validation.
ERROR in osqp_update_data_vec: Problem data validation.
ERROR in osqp_update_data_vec: Problem data validation.
ERROR in osqp_update_data_vec: Problem data validation.
ERROR in osqp_update_data_vec: Problem data validation.
ERROR in osqp_update_data_vec: Problem data validation.
ERROR in osqp_update_data_vec: Problem data validation.
ERROR in osqp_update_data_vec: Problem data validation.
ERROR in osqp_update_data_vec: Problem data validation.
ERROR in osqp_update_data_vec: Problem data validation.
ERROR in osqp_update_data_vec: Problem data validation.
ERROR in osqp_update_data_vec: Problem data validation.
ERROR in osqp_update_data_vec: Problem data validation.
ERROR in osqp_update_data_vec: Problem data validation.
ERROR in osqp_update_data_vec: Problem data validation.
ERROR in osqp_update_data_vec: Problem data validation.
ERROR in osqp_update_data_vec: Problem data validation.
ERROR in osqp_update_data_vec: Problem data validation.
ERROR in osqp_update_data_vec: Problem data validation.
ERROR in osqp_update_data_vec: Problem data validation.
ERROR in osqp_update_data_vec: Problem data validation.
ERROR in osqp_update_data_vec: Problem data validation.
ERROR in osqp_update_data_vec: Problem data validation.
ERROR in osqp_update_data_vec: Problem data validation.
ERROR in osqp_update_data_vec: Problem data validation.
ERROR in osqp_update_data_vec: Problem data validation.
ERROR in osqp_update_data_vec: Problem data validation.
ERROR in osqp_update_data_vec: Problem data validation.
ERROR in osqp_update_data_vec: Problem data validation.
ERROR in osqp_update_data_vec: Problem data validation.
ERROR in osqp_update_data_vec: Problem data validation.
ERROR in osqp_update_data_vec: Problem data validation.
ERROR in osqp_update_data_vec: Problem data validation.
ERROR in osqp_update_data_vec: Problem data validation.
ERROR in osqp_update_data_vec: Problem data validation.
ERROR in osqp_update_data_vec: Problem data validation.
ERROR in osqp_update_data_vec: Problem data validation.
ERROR in osqp_update_data_vec: Problem data validation.
ERROR in osqp_update_data_vec: Problem data validation.
ERROR in osqp_update_data_vec: Problem data validation.
ERROR in osqp_update_data_vec: Problem data validation.
ERROR in osqp_update_data_vec: Problem data validation.
ERROR in osqp_update_data_vec: Problem data validation.
ERROR in osqp_update_data_vec: Problem data validation.
Collision with known obstacle detected! Obs: [ 2.4615972  29.12405303  0.35999535 -0.39430956  0.82611571 -2.
 32.          1.        ], Robot: [ 2.77097403 29.64687902] 0.25, Distance: 0.607503944302665, True
Collision detected !!
Infeasible detected!!
ERROR in osqp_update_data_vec: Problem data validation.
ERROR in osqp_update_data_vec: Problem data validation.
ERROR in osqp_update_data_vec: Problem data validation.
ERROR in osqp_update_data_vec: Problem data validation.
ERROR in osqp_update_data_vec: Problem data validation.
ERROR in osqp_update_data_vec: Problem data validation.
ERROR in osqp_update_data_vec: Problem data validation.
ERROR in osqp_update_data_vec: Problem data validation.
ERROR in osqp_update_data_vec: Problem data validation.
ERROR in osqp_update_data_vec: Problem data validation.
ERROR in osqp_update_data_vec: Problem data validation.
ERROR in osqp_update_data_vec: Problem data validation.
ERROR in osqp_update_data_vec: Problem data validation.
ERROR in osqp_update_data_vec: Problem data validation.
ERROR in osqp_update_data_vec: Problem data validation.
ERROR in osqp_update_data_vec: Problem data validation.
ERROR in osqp_update_data_vec: Problem data validation.
ERROR in osqp_update_data_vec: Problem data validation.
ERROR in osqp_update_data_vec: Problem data validation.
ERROR in osqp_update_data_vec: Problem data validation.
ERROR in osqp_update_data_vec: Problem data validation.
ERROR in osqp_update_data_vec: Problem data validation.
ERROR in osqp_update_data_vec: Problem data validation.
ERROR in osqp_update_data_vec: Problem data validation.
ERROR in osqp_update_data_vec: Problem data validation.
ERROR in osqp_update_data_vec: Problem data validation.
ERROR in osqp_update_data_vec: Problem data validation.
ERROR in osqp_update_data_vec: Problem data validation.
ERROR in osqp_update_data_vec: Problem data validation.
ERROR in osqp_update_data_vec: Problem data validation.
ERROR in osqp_update_data_vec: Problem data validation.
ERROR in osqp_update_data_vec: Problem data validation.
ERROR in osqp_update_data_vec: Problem data validation.
ERROR in osqp_update_data_vec: Problem data validation.
ERROR in osqp_update_data_vec: Problem data validation.
ERROR in osqp_update_data_vec: Problem data validation.
ERROR in osqp_update_data_vec: Problem data validation.
ERROR in osqp_update_data_vec: Problem data validation.
ERROR in osqp_update_data_vec: Problem data validation.
ERROR in osqp_update_data_vec: Problem data validation.
ERROR in osqp_update_data_vec: Problem data validation.
ERROR in osqp_update_data_vec: Problem data validation.
ERROR in osqp_update_data_vec: Problem data validation.
ERROR in osqp_update_data_vec: Problem data validation.
ERROR in osqp_update_data_vec: Problem data validation.
ERROR in osqp_update_data_vec: Problem data validation.
ERROR in osqp_update_data_vec: Problem data validation.
ERROR in osqp_update_data_vec: Problem data validation.
ERROR in osqp_update_data_vec: Problem data validation.
ERROR in osqp_update_data_vec: Problem data validation.
ERROR in osqp_update_data_vec: Problem data validation.
ERROR in osqp_update_data_vec: Problem data validation.
ERROR in osqp_update_data_vec: Problem data validation.
ERROR in osqp_update_data_vec: Problem data validation.
ERROR in osqp_update_data_vec: Problem data validation.
ERROR in osqp_update_data_vec: Problem data validation.
ERROR in osqp_update_data_vec: Problem data validation.
ERROR in osqp_update_data_vec: Problem data validation.
ERROR in osqp_update_data_vec: Problem data validation.
ERROR in osqp_update_data_vec: Problem data validation.
ERROR in osqp_update_data_vec: Problem data validation.
ERROR in osqp_update_data_vec: Problem data validation.
ERROR in osqp_update_data_vec: Problem data validation.
ERROR in osqp_update_data_vec: Problem data validation.
ERROR in osqp_update_data_vec: Problem data validation.
ERROR in osqp_update_data_vec: Problem data validation.
ERROR in osqp_update_data_vec: Problem data validation.
ERROR in osqp_update_data_vec: Problem data validation.
ERROR in osqp_update_data_vec: Problem data validation.
ERROR in osqp_update_data_vec: Problem data validation.
ERROR in osqp_update_data_vec: Problem data validation.
ERROR in osqp_update_data_vec: Problem data validation.
ERROR in osqp_update_data_vec: Problem data validation.
ERROR in osqp_update_data_vec: Problem data validation.
ERROR in osqp_update_data_vec: Problem data validation.
ERROR in osqp_update_data_vec: Problem data validation.
ERROR in osqp_update_data_vec: Problem data validation.
ERROR in osqp_update_data_vec: Problem data validation.
ERROR in osqp_update_data_vec: Problem data validation.
ERROR in osqp_update_data_vec: Problem data validation.
ERROR in osqp_update_data_vec: Problem data validation.
ERROR in osqp_update_data_vec: Problem data validation.
ERROR in osqp_update_data_vec: Problem data validation.
ERROR in osqp_update_data_vec: Problem data validation.
ERROR in osqp_update_data_vec: Problem data validation.
ERROR in osqp_update_data_vec: Problem data validation.
ERROR in osqp_update_data_vec: Problem data validation.
ERROR in osqp_update_data_vec: Problem data validation.
ERROR in osqp_update_data_vec: Problem data validation.
[028/100] idx= 28 -> success    (raw=success, compute_ms=7.960934578850222, intv=0.1353215760169282)
[029/100] idx= 33 -> collision  (raw=collision, compute_ms=9.635489626998002, intv=0.8104070512244392)
[030/100] idx= 29 -> success    (raw=success, compute_ms=7.210535200100813, intv=0.12499685787319469)
[031/100] idx= 31 -> success    (raw=success, compute_ms=7.750897141432716, intv=0.16997670273529744)
[032/100] idx= 32 -> success    (raw=success, compute_ms=7.816280551000988, intv=0.21335125498679186)
[033/100] idx= 30 -> success    (raw=success, compute_ms=8.083717730413092, intv=0.33513126041649405)
ERROR in osqp_update_data_vec: Problem data validation.
ERROR in osqp_update_data_vec: Problem data validation.
ERROR in osqp_update_data_vec: Problem data validation.
ERROR in osqp_update_data_vec: Problem data validation.
ERROR in osqp_update_data_vec: Problem data validation.
ERROR in osqp_update_data_vec: Problem data validation.
ERROR in osqp_update_data_vec: Problem data validation.
ERROR in osqp_update_data_vec: Problem data validation.
ERROR in osqp_update_data_vec: Problem data validation.
ERROR in osqp_update_data_vec: Problem data validation.
ERROR in osqp_update_data_vec: Problem data validation.
ERROR in osqp_update_data_vec: Problem data validation.
Infeasible detected!!
ERROR in osqp_update_data_vec: Problem data validation.
ERROR in osqp_update_data_vec: Problem data validation.
ERROR in osqp_update_data_vec: Problem data validation.
ERROR in osqp_update_data_vec: Problem data validation.
ERROR in osqp_update_data_vec: Problem data validation.
ERROR in osqp_update_data_vec: Problem data validation.
ERROR in osqp_update_data_vec: Problem data validation.
ERROR in osqp_update_data_vec: Problem data validation.
Infeasible detected!!
ERROR in osqp_update_data_vec: Problem data validation.
ERROR in osqp_update_data_vec: Problem data validation.
ERROR in osqp_update_data_vec: Problem data validation.
ERROR in osqp_update_data_vec: Problem data validation.
ERROR in osqp_update_data_vec: Problem data validation.
ERROR in osqp_update_data_vec: Problem data validation.
ERROR in osqp_update_data_vec: Problem data validation.
ERROR in osqp_update_data_vec: Problem data validation.
ERROR in osqp_update_data_vec: Problem data validation.
ERROR in osqp_update_data_vec: Problem data validation.
ERROR in osqp_update_data_vec: Problem data validation.
ERROR in osqp_update_data_vec: Problem data validation.
ERROR in osqp_update_data_vec: Problem data validation.
ERROR in osqp_update_data_vec: Problem data validation.
ERROR in osqp_update_data_vec: Problem data validation.
ERROR in osqp_update_data_vec: Problem data validation.
ERROR in osqp_update_data_vec: Problem data validation.
ERROR in osqp_update_data_vec: Problem data validation.
ERROR in osqp_update_data_vec: Problem data validation.
ERROR in osqp_update_data_vec: Problem data validation.
ERROR in osqp_update_data_vec: Problem data validation.
ERROR in osqp_update_data_vec: Problem data validation.
ERROR in osqp_update_data_vec: Problem data validation.
ERROR in osqp_update_data_vec: Problem data validation.
ERROR in osqp_update_data_vec: Problem data validation.
ERROR in osqp_update_data_vec: Problem data validation.
ERROR in osqp_update_data_vec: Problem data validation.
ERROR in osqp_update_data_vec: Problem data validation.
ERROR in osqp_update_data_vec: Problem data validation.
ERROR in osqp_update_data_vec: Problem data validation.
ERROR in osqp_update_data_vec: Problem data validation.
ERROR in osqp_update_data_vec: Problem data validation.
ERROR in osqp_update_data_vec: Problem data validation.
ERROR in osqp_update_data_vec: Problem data validation.
ERROR in osqp_update_data_vec: Problem data validation.
ERROR in osqp_update_data_vec: Problem data validation.
ERROR in osqp_update_data_vec: Problem data validation.
ERROR in osqp_update_data_vec: Problem data validation.
ERROR in osqp_update_data_vec: Problem data validation.
ERROR in osqp_update_data_vec: Problem data validation.
ERROR in osqp_update_data_vec: Problem data validation.
ERROR in osqp_update_data_vec: Problem data validation.
ERROR in osqp_update_data_vec: Problem data validation.
ERROR in osqp_update_data_vec: Problem data validation.
ERROR in osqp_update_data_vec: Problem data validation.
ERROR in osqp_update_data_vec: Problem data validation.
ERROR in osqp_update_data_vec: Problem data validation.
ERROR in osqp_update_data_vec: Problem data validation.
ERROR in osqp_update_data_vec: Problem data validation.
ERROR in osqp_update_data_vec: Problem data validation.
ERROR in osqp_update_data_vec: Problem data validation.
ERROR in osqp_update_data_vec: Problem data validation.
ERROR in osqp_update_data_vec: Problem data validation.
ERROR in osqp_update_data_vec: Problem data validation.
ERROR in osqp_update_data_vec: Problem data validation.
ERROR in osqp_update_data_vec: Problem data validation.
ERROR in osqp_update_data_vec: Problem data validation.
ERROR in osqp_update_data_vec: Problem data validation.
ERROR in osqp_update_data_vec: Problem data validation.
ERROR in osqp_update_data_vec: Problem data validation.
ERROR in osqp_update_data_vec: Problem data validation.
ERROR in osqp_update_data_vec: Problem data validation.
ERROR in osqp_update_data_vec: Problem data validation.
ERROR in osqp_update_data_vec: Problem data validation.
ERROR in osqp_update_data_vec: Problem data validation.
ERROR in osqp_update_data_vec: Problem data validation.
ERROR in osqp_update_data_vec: Problem data validation.
ERROR in osqp_update_data_vec: Problem data validation.
ERROR in osqp_update_data_vec: Problem data validation.
ERROR in osqp_update_data_vec: Problem data validation.
ERROR in osqp_update_data_vec: Problem data validation.
ERROR in osqp_update_data_vec: Problem data validation.
ERROR in osqp_update_data_vec: Problem data validation.
ERROR in osqp_update_data_vec: Problem data validation.
ERROR in osqp_update_data_vec: Problem data validation.
ERROR in osqp_update_data_vec: Problem data validation.
ERROR in osqp_update_data_vec: Problem data validation.
ERROR in osqp_update_data_vec: Problem data validation.
ERROR in osqp_update_data_vec: Problem data validation.
ERROR in osqp_update_data_vec: Problem data validation.
ERROR in osqp_update_data_vec: Problem data validation.
ERROR in osqp_update_data_vec: Problem data validation.
ERROR in osqp_update_data_vec: Problem data validation.
ERROR in osqp_update_data_vec: Problem data validation.
ERROR in osqp_update_data_vec: Problem data validation.
ERROR in osqp_update_data_vec: Problem data validation.
ERROR in osqp_update_data_vec: Problem data validation.
ERROR in osqp_update_data_vec: Problem data validation.
ERROR in osqp_update_data_vec: Problem data validation.
ERROR in osqp_update_data_vec: Problem data validation.
ERROR in osqp_update_data_vec: Problem data validation.
ERROR in osqp_update_data_vec: Problem data validation.
ERROR in osqp_update_data_vec: Problem data validation.
ERROR in osqp_update_data_vec: Problem data validation.
ERROR in osqp_update_data_vec: Problem data validation.
ERROR in osqp_update_data_vec: Problem data validation.
ERROR in osqp_update_data_vec: Problem data validation.
ERROR in osqp_update_data_vec: Problem data validation.
ERROR in osqp_update_data_vec: Problem data validation.
ERROR in osqp_update_data_vec: Problem data validation.
ERROR in osqp_update_data_vec: Problem data validation.
ERROR in osqp_update_data_vec: Problem data validation.
ERROR in osqp_update_data_vec: Problem data validation.
ERROR in osqp_update_data_vec: Problem data validation.
ERROR in osqp_update_data_vec: Problem data validation.
ERROR in osqp_update_data_vec: Problem data validation.
ERROR in osqp_update_data_vec: Problem data validation.
ERROR in osqp_update_data_vec: Problem data validation.
ERROR in osqp_update_data_vec: Problem data validation.
ERROR in osqp_update_data_vec: Problem data validation.
ERROR in osqp_update_data_vec: Problem data validation.
ERROR in osqp_update_data_vec: Problem data validation.
ERROR in osqp_update_data_vec: Problem data validation.
ERROR in osqp_update_data_vec: Problem data validation.
ERROR in osqp_update_data_vec: Problem data validation.
ERROR in osqp_update_data_vec: Problem data validation.
ERROR in osqp_update_data_vec: Problem data validation.
ERROR in osqp_update_data_vec: Problem data validation.
ERROR in osqp_update_data_vec: Problem data validation.
ERROR in osqp_update_data_vec: Problem data validation.
ERROR in osqp_update_data_vec: Problem data validation.
ERROR in osqp_update_data_vec: Problem data validation.
ERROR in osqp_update_data_vec: Problem data validation.
ERROR in osqp_update_data_vec: Problem data validation.
ERROR in osqp_update_data_vec: Problem data validation.
[034/100] idx= 36 -> success    (raw=success, compute_ms=7.289616092196708, intv=0.13920104882564824)
ERROR in osqp_update_data_vec: Problem data validation.
ERROR in osqp_update_data_vec: Problem data validation.
ERROR in osqp_update_data_vec: Problem data validation.
ERROR in osqp_update_data_vec: Problem data validation.
ERROR in osqp_update_data_vec: Problem data validation.
ERROR in osqp_update_data_vec: Problem data validation.
ERROR in osqp_update_data_vec: Problem data validation.
ERROR in osqp_update_data_vec: Problem data validation.
ERROR in osqp_update_data_vec: Problem data validation.
ERROR in osqp_update_data_vec: Problem data validation.
ERROR in osqp_update_data_vec: Problem data validation.
ERROR in osqp_update_data_vec: Problem data validation.
ERROR in osqp_update_data_vec: Problem data validation.
ERROR in osqp_update_data_vec: Problem data validation.
ERROR in osqp_update_data_vec: Problem data validation.
ERROR in osqp_update_data_vec: Problem data validation.
ERROR in osqp_update_data_vec: Problem data validation.
ERROR in osqp_update_data_vec: Problem data validation.
ERROR in osqp_update_data_vec: Problem data validation.
ERROR in osqp_update_data_vec: Problem data validation.
ERROR in osqp_update_data_vec: Problem data validation.
ERROR in osqp_update_data_vec: Problem data validation.
ERROR in osqp_update_data_vec: Problem data validation.
ERROR in osqp_update_data_vec: Problem data validation.
ERROR in osqp_update_data_vec: Problem data validation.
ERROR in osqp_update_data_vec: Problem data validation.
ERROR in osqp_update_data_vec: Problem data validation.
ERROR in osqp_update_data_vec: Problem data validation.
ERROR in osqp_update_data_vec: Problem data validation.
ERROR in osqp_update_data_vec: Problem data validation.
ERROR in osqp_update_data_vec: Problem data validation.
ERROR in osqp_update_data_vec: Problem data validation.
ERROR in osqp_update_data_vec: Problem data validation.
ERROR in osqp_update_data_vec: Problem data validation.
ERROR in osqp_update_data_vec: Problem data validation.
ERROR in osqp_update_data_vec: Problem data validation.
ERROR in osqp_update_data_vec: Problem data validation.
ERROR in osqp_update_data_vec: Problem data validation.
ERROR in osqp_update_data_vec: Problem data validation.
ERROR in osqp_update_data_vec: Problem data validation.
ERROR in osqp_update_data_vec: Problem data validation.
ERROR in osqp_update_data_vec: Problem data validation.
ERROR in osqp_update_data_vec: Problem data validation.
ERROR in osqp_update_data_vec: Problem data validation.
ERROR in osqp_update_data_vec: Problem data validation.
ERROR in osqp_update_data_vec: Problem data validation.
ERROR in osqp_update_data_vec: Problem data validation.
ERROR in osqp_update_data_vec: Problem data validation.
ERROR in osqp_update_data_vec: Problem data validation.
ERROR in osqp_update_data_vec: Problem data validation.
ERROR in osqp_update_data_vec: Problem data validation.
ERROR in osqp_update_data_vec: Problem data validation.
ERROR in osqp_update_data_vec: Problem data validation.
ERROR in osqp_update_data_vec: Problem data validation.
ERROR in osqp_update_data_vec: Problem data validation.
ERROR in osqp_update_data_vec: Problem data validation.
ERROR in osqp_update_data_vec: Problem data validation.
ERROR in osqp_update_data_vec: Problem data validation.
ERROR in osqp_update_data_vec: Problem data validation.
ERROR in osqp_update_data_vec: Problem data validation.
ERROR in osqp_update_data_vec: Problem data validation.
ERROR in osqp_update_data_vec: Problem data validation.
ERROR in osqp_update_data_vec: Problem data validation.
ERROR in osqp_update_data_vec: Problem data validation.
ERROR in osqp_update_data_vec: Problem data validation.
ERROR in osqp_update_data_vec: Problem data validation.
ERROR in osqp_update_data_vec: Problem data validation.
ERROR in osqp_update_data_vec: Problem data validation.
ERROR in osqp_update_data_vec: Problem data validation.
ERROR in osqp_update_data_vec: Problem data validation.
ERROR in osqp_update_data_vec: Problem data validation.
ERROR in osqp_update_data_vec: Problem data validation.
ERROR in osqp_update_data_vec: Problem data validation.
ERROR in osqp_update_data_vec: Problem data validation.
ERROR in osqp_update_data_vec: Problem data validation.
ERROR in osqp_update_data_vec: Problem data validation.
ERROR in osqp_update_data_vec: Problem data validation.
ERROR in osqp_update_data_vec: Problem data validation.
ERROR in osqp_update_data_vec: Problem data validation.
ERROR in osqp_update_data_vec: Problem data validation.
ERROR in osqp_update_data_vec: Problem data validation.
ERROR in osqp_update_data_vec: Problem data validation.
ERROR in osqp_update_data_vec: Problem data validation.
ERROR in osqp_update_data_vec: Problem data validation.
ERROR in osqp_update_data_vec: Problem data validation.
ERROR in osqp_update_data_vec: Problem data validation.
ERROR in osqp_update_data_vec: Problem data validation.
ERROR in osqp_update_data_vec: Problem data validation.
ERROR in osqp_update_data_vec: Problem data validation.
ERROR in osqp_update_data_vec: Problem data validation.
ERROR in osqp_update_data_vec: Problem data validation.
ERROR in osqp_update_data_vec: Problem data validation.
ERROR in osqp_update_data_vec: Problem data validation.
ERROR in osqp_update_data_vec: Problem data validation.
ERROR in osqp_update_data_vec: Problem data validation.
ERROR in osqp_update_data_vec: Problem data validation.
ERROR in osqp_update_data_vec: Problem data validation.
ERROR in osqp_update_data_vec: Problem data validation.
ERROR in osqp_update_data_vec: Problem data validation.
ERROR in osqp_update_data_vec: Problem data validation.
ERROR in osqp_update_data_vec: Problem data validation.
ERROR in osqp_update_data_vec: Problem data validation.
ERROR in osqp_update_data_vec: Problem data validation.
ERROR in osqp_update_data_vec: Problem data validation.
ERROR in osqp_update_data_vec: Problem data validation.
ERROR in osqp_update_data_vec: Problem data validation.
ERROR in osqp_update_data_vec: Problem data validation.
ERROR in osqp_update_data_vec: Problem data validation.
ERROR in osqp_update_data_vec: Problem data validation.
ERROR in osqp_update_data_vec: Problem data validation.
ERROR in osqp_update_data_vec: Problem data validation.
ERROR in osqp_update_data_vec: Problem data validation.
ERROR in osqp_update_data_vec: Problem data validation.
ERROR in osqp_update_data_vec: Problem data validation.
ERROR in osqp_update_data_vec: Problem data validation.
ERROR in osqp_update_data_vec: Problem data validation.
ERROR in osqp_update_data_vec: Problem data validation.
ERROR in osqp_update_data_vec: Problem data validation.
ERROR in osqp_update_data_vec: Problem data validation.
ERROR in osqp_update_data_vec: Problem data validation.
ERROR in osqp_update_data_vec: Problem data validation.
ERROR in osqp_update_data_vec: Problem data validation.
ERROR in osqp_update_data_vec: Problem data validation.
ERROR in osqp_update_data_vec: Problem data validation.
ERROR in osqp_update_data_vec: Problem data validation.
ERROR in osqp_update_data_vec: Problem data validation.
ERROR in osqp_update_data_vec: Problem data validation.
ERROR in osqp_update_data_vec: Problem data validation.
ERROR in osqp_update_data_vec: Problem data validation.
ERROR in osqp_update_data_vec: Problem data validation.
ERROR in osqp_update_data_vec: Problem data validation.
ERROR in osqp_update_data_vec: Problem data validation.
ERROR in osqp_update_data_vec: Problem data validation.
ERROR in osqp_update_data_vec: Problem data validation.
ERROR in osqp_update_data_vec: Problem data validation.
ERROR in osqp_update_data_vec: Problem data validation.
ERROR in osqp_update_data_vec: Problem data validation.
ERROR in osqp_update_data_vec: Problem data validation.
ERROR in osqp_update_data_vec: Problem data validation.
ERROR in osqp_update_data_vec: Problem data validation.
ERROR in osqp_update_data_vec: Problem data validation.
ERROR in osqp_update_data_vec: Problem data validation.
ERROR in osqp_update_data_vec: Problem data validation.
ERROR in osqp_update_data_vec: Problem data validation.
ERROR in osqp_update_data_vec: Problem data validation.
ERROR in osqp_update_data_vec: Problem data validation.
[035/100] idx= 35 -> infeasible (raw=infeasible, compute_ms=9.973259239973853, intv=0.39205479098054885)
[036/100] idx= 34 -> collision  (raw=collision, compute_ms=7.562993576687912, intv=0.4847833020880647)
/Users/parkcart/workspace/occlusion-cbf/.venv/lib/python3.10/site-packages/cvxpy/problems/problem.py:1545: UserWarning: 
    The problem is either infeasible or unbounded, but the solver
    cannot tell which. Disable any solver-specific presolve methods
    and re-solve to determine the precise problem status.

    For GUROBI and CPLEX you can automatically perform this re-solve
    with the keyword argument prob.solve(reoptimize=True, ...).
    
  warnings.warn(INF_OR_UNB_MESSAGE)
[037/100] idx= 37 -> success    (raw=success, compute_ms=7.341948946935337, intv=0.2425037110776398)
ERROR in osqp_update_data_vec: Problem data validation.
ERROR in osqp_update_data_vec: Problem data validation.
ERROR in osqp_update_data_vec: Problem data validation.
ERROR in osqp_update_data_vec: Problem data validation.
ERROR in osqp_update_data_vec: Problem data validation.
Collision with known obstacle detected! Obs: [ 3.2162907  13.58433197  0.39317479  0.38762186 -0.31182569 -2.
 32.          1.        ], Robot: [ 3.82542184 13.37887383] 0.25, Distance: 0.6428481919090058, True
Collision detected !!
ERROR in osqp_update_data_vec: Problem data validation.
ERROR in osqp_update_data_vec: Problem data validation.
ERROR in osqp_update_data_vec: Problem data validation.
ERROR in osqp_update_data_vec: Problem data validation.
ERROR in osqp_update_data_vec: Problem data validation.
ERROR in osqp_update_data_vec: Problem data validation.
ERROR in osqp_update_data_vec: Problem data validation.
ERROR in osqp_update_data_vec: Problem data validation.
ERROR in osqp_update_data_vec: Problem data validation.
ERROR in osqp_update_data_vec: Problem data validation.
ERROR in osqp_update_data_vec: Problem data validation.
ERROR in osqp_update_data_vec: Problem data validation.
ERROR in osqp_update_data_vec: Problem data validation.
ERROR in osqp_update_data_vec: Problem data validation.
ERROR in osqp_update_data_vec: Problem data validation.
ERROR in osqp_update_data_vec: Problem data validation.
ERROR in osqp_update_data_vec: Problem data validation.
ERROR in osqp_update_data_vec: Problem data validation.
ERROR in osqp_update_data_vec: Problem data validation.
ERROR in osqp_update_data_vec: Problem data validation.
ERROR in osqp_update_data_vec: Problem data validation.
ERROR in osqp_update_data_vec: Problem data validation.
ERROR in osqp_update_data_vec: Problem data validation.
ERROR in osqp_update_data_vec: Problem data validation.
ERROR in osqp_update_data_vec: Problem data validation.
ERROR in osqp_update_data_vec: Problem data validation.
ERROR in osqp_update_data_vec: Problem data validation.
ERROR in osqp_update_data_vec: Problem data validation.
ERROR in osqp_update_data_vec: Problem data validation.
ERROR in osqp_update_data_vec: Problem data validation.
ERROR in osqp_update_data_vec: Problem data validation.
ERROR in osqp_update_data_vec: Problem data validation.
ERROR in osqp_update_data_vec: Problem data validation.
ERROR in osqp_update_data_vec: Problem data validation.
ERROR in osqp_update_data_vec: Problem data validation.
ERROR in osqp_update_data_vec: Problem data validation.
ERROR in osqp_update_data_vec: Problem data validation.
ERROR in osqp_update_data_vec: Problem data validation.
ERROR in osqp_update_data_vec: Problem data validation.
ERROR in osqp_update_data_vec: Problem data validation.
ERROR in osqp_update_data_vec: Problem data validation.
ERROR in osqp_update_data_vec: Problem data validation.
ERROR in osqp_update_data_vec: Problem data validation.
ERROR in osqp_update_data_vec: Problem data validation.
ERROR in osqp_update_data_vec: Problem data validation.
ERROR in osqp_update_data_vec: Problem data validation.
ERROR in osqp_update_data_vec: Problem data validation.
ERROR in osqp_update_data_vec: Problem data validation.
ERROR in osqp_update_data_vec: Problem data validation.
ERROR in osqp_update_data_vec: Problem data validation.
ERROR in osqp_update_data_vec: Problem data validation.
ERROR in osqp_update_data_vec: Problem data validation.
ERROR in osqp_update_data_vec: Problem data validation.
ERROR in osqp_update_data_vec: Problem data validation.
ERROR in osqp_update_data_vec: Problem data validation.
ERROR in osqp_update_data_vec: Problem data validation.
ERROR in osqp_update_data_vec: Problem data validation.
ERROR in osqp_update_data_vec: Problem data validation.
ERROR in osqp_update_data_vec: Problem data validation.
ERROR in osqp_update_data_vec: Problem data validation.
ERROR in osqp_update_data_vec: Problem data validation.
ERROR in osqp_update_data_vec: Problem data validation.
ERROR in osqp_update_data_vec: Problem data validation.
ERROR in osqp_update_data_vec: Problem data validation.
ERROR in osqp_update_data_vec: Problem data validation.
ERROR in osqp_update_data_vec: Problem data validation.
ERROR in osqp_update_data_vec: Problem data validation.
ERROR in osqp_update_data_vec: Problem data validation.
ERROR in osqp_update_data_vec: Problem data validation.
ERROR in osqp_update_data_vec: Problem data validation.
ERROR in osqp_update_data_vec: Problem data validation.
ERROR in osqp_update_data_vec: Problem data validation.
ERROR in osqp_update_data_vec: Problem data validation.
ERROR in osqp_update_data_vec: Problem data validation.
ERROR in osqp_update_data_vec: Problem data validation.
ERROR in osqp_update_data_vec: Problem data validation.
ERROR in osqp_update_data_vec: Problem data validation.
ERROR in osqp_update_data_vec: Problem data validation.
ERROR in osqp_update_data_vec: Problem data validation.
ERROR in osqp_update_data_vec: Problem data validation.
ERROR in osqp_update_data_vec: Problem data validation.
ERROR in osqp_update_data_vec: Problem data validation.
ERROR in osqp_update_data_vec: Problem data validation.
ERROR in osqp_update_data_vec: Problem data validation.
ERROR in osqp_update_data_vec: Problem data validation.
ERROR in osqp_update_data_vec: Problem data validation.
Infeasible detected!!
ERROR in osqp_update_data_vec: Problem data validation.
ERROR in osqp_update_data_vec: Problem data validation.
ERROR in osqp_update_data_vec: Problem data validation.
ERROR in osqp_update_data_vec: Problem data validation.
ERROR in osqp_update_data_vec: Problem data validation.
ERROR in osqp_update_data_vec: Problem data validation.
ERROR in osqp_update_data_vec: Problem data validation.
ERROR in osqp_update_data_vec: Problem data validation.
ERROR in osqp_update_data_vec: Problem data validation.
ERROR in osqp_update_data_vec: Problem data validation.
ERROR in osqp_update_data_vec: Problem data validation.
ERROR in osqp_update_data_vec: Problem data validation.
ERROR in osqp_update_data_vec: Problem data validation.
ERROR in osqp_update_data_vec: Problem data validation.
ERROR in osqp_update_data_vec: Problem data validation.
ERROR in osqp_update_data_vec: Problem data validation.
ERROR in osqp_update_data_vec: Problem data validation.
ERROR in osqp_update_data_vec: Problem data validation.
ERROR in osqp_update_data_vec: Problem data validation.
ERROR in osqp_update_data_vec: Problem data validation.
ERROR in osqp_update_data_vec: Problem data validation.
ERROR in osqp_update_data_vec: Problem data validation.
ERROR in osqp_update_data_vec: Problem data validation.
ERROR in osqp_update_data_vec: Problem data validation.
ERROR in osqp_update_data_vec: Problem data validation.
ERROR in osqp_update_data_vec: Problem data validation.
ERROR in osqp_update_data_vec: Problem data validation.
ERROR in osqp_update_data_vec: Problem data validation.
ERROR in osqp_update_data_vec: Problem data validation.
ERROR in osqp_update_data_vec: Problem data validation.
ERROR in osqp_update_data_vec: Problem data validation.
ERROR in osqp_update_data_vec: Problem data validation.
ERROR in osqp_update_data_vec: Problem data validation.
ERROR in osqp_update_data_vec: Problem data validation.
ERROR in osqp_update_data_vec: Problem data validation.
ERROR in osqp_update_data_vec: Problem data validation.
ERROR in osqp_update_data_vec: Problem data validation.
ERROR in osqp_update_data_vec: Problem data validation.
ERROR in osqp_update_data_vec: Problem data validation.
ERROR in osqp_update_data_vec: Problem data validation.
ERROR in osqp_update_data_vec: Problem data validation.
ERROR in osqp_update_data_vec: Problem data validation.
ERROR in osqp_update_data_vec: Problem data validation.
ERROR in osqp_update_data_vec: Problem data validation.
ERROR in osqp_update_data_vec: Problem data validation.
ERROR in osqp_update_data_vec: Problem data validation.
ERROR in osqp_update_data_vec: Problem data validation.
ERROR in osqp_update_data_vec: Problem data validation.
ERROR in osqp_update_data_vec: Problem data validation.
ERROR in osqp_update_data_vec: Problem data validation.
ERROR in osqp_update_data_vec: Problem data validation.
ERROR in osqp_update_data_vec: Problem data validation.
ERROR in osqp_update_data_vec: Problem data validation.
ERROR in osqp_update_data_vec: Problem data validation.
ERROR in osqp_update_data_vec: Problem data validation.
ERROR in osqp_update_data_vec: Problem data validation.
ERROR in osqp_update_data_vec: Problem data validation.
ERROR in osqp_update_data_vec: Problem data validation.
ERROR in osqp_update_data_vec: Problem data validation.
ERROR in osqp_update_data_vec: Problem data validation.
ERROR in osqp_update_data_vec: Problem data validation.
ERROR in osqp_update_data_vec: Problem data validation.
ERROR in osqp_update_data_vec: Problem data validation.
ERROR in osqp_update_data_vec: Problem data validation.
ERROR in osqp_update_data_vec: Problem data validation.
ERROR in osqp_update_data_vec: Problem data validation.
ERROR in osqp_update_data_vec: Problem data validation.
ERROR in osqp_update_data_vec: Problem data validation.
ERROR in osqp_update_data_vec: Problem data validation.
ERROR in osqp_update_data_vec: Problem data validation.
ERROR in osqp_update_data_vec: Problem data validation.
ERROR in osqp_update_data_vec: Problem data validation.
ERROR in osqp_update_data_vec: Problem data validation.
ERROR in osqp_update_data_vec: Problem data validation.
ERROR in osqp_update_data_vec: Problem data validation.
ERROR in osqp_update_data_vec: Problem data validation.
ERROR in osqp_update_data_vec: Problem data validation.
ERROR in osqp_update_data_vec: Problem data validation.
ERROR in osqp_update_data_vec: Problem data validation.
ERROR in osqp_update_data_vec: Problem data validation.
ERROR in osqp_update_data_vec: Problem data validation.
ERROR in osqp_update_data_vec: Problem data validation.
ERROR in osqp_update_data_vec: Problem data validation.
ERROR in osqp_update_data_vec: Problem data validation.
ERROR in osqp_update_data_vec: Problem data validation.
ERROR in osqp_update_data_vec: Problem data validation.
ERROR in osqp_update_data_vec: Problem data validation.
ERROR in osqp_update_data_vec: Problem data validation.
ERROR in osqp_update_data_vec: Problem data validation.
ERROR in osqp_update_data_vec: Problem data validation.
ERROR in osqp_update_data_vec: Problem data validation.
ERROR in osqp_update_data_vec: Problem data validation.
ERROR in osqp_update_data_vec: Problem data validation.
ERROR in osqp_update_data_vec: Problem data validation.
ERROR in osqp_update_data_vec: Problem data validation.
ERROR in osqp_update_data_vec: Problem data validation.
ERROR in osqp_update_data_vec: Problem data validation.
ERROR in osqp_update_data_vec: Problem data validation.
ERROR in osqp_update_data_vec: Problem data validation.
ERROR in osqp_update_data_vec: Problem data validation.
ERROR in osqp_update_data_vec: Problem data validation.
ERROR in osqp_update_data_vec: Problem data validation.
ERROR in osqp_update_data_vec: Problem data validation.
ERROR in osqp_update_data_vec: Problem data validation.
ERROR in osqp_update_data_vec: Problem data validation.
ERROR in osqp_update_data_vec: Problem data validation.
ERROR in osqp_update_data_vec: Problem data validation.
ERROR in osqp_update_data_vec: Problem data validation.
ERROR in osqp_update_data_vec: Problem data validation.
ERROR in osqp_update_data_vec: Problem data validation.
ERROR in osqp_update_data_vec: Problem data validation.
ERROR in osqp_update_data_vec: Problem data validation.
ERROR in osqp_update_data_vec: Problem data validation.
ERROR in osqp_update_data_vec: Problem data validation.
ERROR in osqp_update_data_vec: Problem data validation.
ERROR in osqp_update_data_vec: Problem data validation.
ERROR in osqp_update_data_vec: Problem data validation.
ERROR in osqp_update_data_vec: Problem data validation.
ERROR in osqp_update_data_vec: Problem data validation.
ERROR in osqp_update_data_vec: Problem data validation.
ERROR in osqp_update_data_vec: Problem data validation.
ERROR in osqp_update_data_vec: Problem data validation.
ERROR in osqp_update_data_vec: Problem data validation.
ERROR in osqp_update_data_vec: Problem data validation.
ERROR in osqp_update_data_vec: Problem data validation.
ERROR in osqp_update_data_vec: Problem data validation.
ERROR in osqp_update_data_vec: Problem data validation.
ERROR in osqp_update_data_vec: Problem data validation.
ERROR in osqp_update_data_vec: Problem data validation.
ERROR in osqp_update_data_vec: Problem data validation.
ERROR in osqp_update_data_vec: Problem data validation.
ERROR in osqp_update_data_vec: Problem data validation.
ERROR in osqp_update_data_vec: Problem data validation.
ERROR in osqp_update_data_vec: Problem data validation.
ERROR in osqp_update_data_vec: Problem data validation.
ERROR in osqp_update_data_vec: Problem data validation.
ERROR in osqp_update_data_vec: Problem data validation.
ERROR in osqp_update_data_vec: Problem data validation.
ERROR in osqp_update_data_vec: Problem data validation.
ERROR in osqp_update_data_vec: Problem data validation.
ERROR in osqp_update_data_vec: Problem data validation.
ERROR in osqp_update_data_vec: Problem data validation.
ERROR in osqp_update_data_vec: Problem data validation.
ERROR in osqp_update_data_vec: Problem data validation.
ERROR in osqp_update_data_vec: Problem data validation.
ERROR in osqp_update_data_vec: Problem data validation.
ERROR in osqp_update_data_vec: Problem data validation.
ERROR in osqp_update_data_vec: Problem data validation.
ERROR in osqp_update_data_vec: Problem data validation.
ERROR in osqp_update_data_vec: Problem data validation.
ERROR in osqp_update_data_vec: Problem data validation.
ERROR in osqp_update_data_vec: Problem data validation.
ERROR in osqp_update_data_vec: Problem data validation.
ERROR in osqp_update_data_vec: Problem data validation.
ERROR in osqp_update_data_vec: Problem data validation.
ERROR in osqp_update_data_vec: Problem data validation.
ERROR in osqp_update_data_vec: Problem data validation.
ERROR in osqp_update_data_vec: Problem data validation.
ERROR in osqp_update_data_vec: Problem data validation.
ERROR in osqp_update_data_vec: Problem data validation.
ERROR in osqp_update_data_vec: Problem data validation.
ERROR in osqp_update_data_vec: Problem data validation.
ERROR in osqp_update_data_vec: Problem data validation.
ERROR in osqp_update_data_vec: Problem data validation.
ERROR in osqp_update_data_vec: Problem data validation.
ERROR in osqp_update_data_vec: Problem data validation.
ERROR in osqp_update_data_vec: Problem data validation.
ERROR in osqp_update_data_vec: Problem data validation.
ERROR in osqp_update_data_vec: Problem data validation.
ERROR in osqp_update_data_vec: Problem data validation.
ERROR in osqp_update_data_vec: Problem data validation.
ERROR in osqp_update_data_vec: Problem data validation.
ERROR in osqp_update_data_vec: Problem data validation.
ERROR in osqp_update_data_vec: Problem data validation.
ERROR in osqp_update_data_vec: Problem data validation.
ERROR in osqp_update_data_vec: Problem data validation.
ERROR in osqp_update_data_vec: Problem data validation.
ERROR in osqp_update_data_vec: Problem data validation.
ERROR in osqp_update_data_vec: Problem data validation.
ERROR in osqp_update_data_vec: Problem data validation.
ERROR in osqp_update_data_vec: Problem data validation.
ERROR in osqp_update_data_vec: Problem data validation.
ERROR in osqp_update_data_vec: Problem data validation.
ERROR in osqp_update_data_vec: Problem data validation.
ERROR in osqp_update_data_vec: Problem data validation.
ERROR in osqp_update_data_vec: Problem data validation.
ERROR in osqp_update_data_vec: Problem data validation.
ERROR in osqp_update_data_vec: Problem data validation.
ERROR in osqp_update_data_vec: Problem data validation.
ERROR in osqp_update_data_vec: Problem data validation.
ERROR in osqp_update_data_vec: Problem data validation.
ERROR in osqp_update_data_vec: Problem data validation.
ERROR in osqp_update_data_vec: Problem data validation.
ERROR in osqp_update_data_vec: Problem data validation.
ERROR in osqp_update_data_vec: Problem data validation.
ERROR in osqp_update_data_vec: Problem data validation.
[038/100] idx= 39 -> infeasible (raw=infeasible, compute_ms=7.559256707499554, intv=0.35423562875579334)
[039/100] idx= 38 -> success    (raw=success, compute_ms=8.529189899234892, intv=0.28229010718775593)
[040/100] idx= 40 -> success    (raw=success, compute_ms=8.82559448628506, intv=0.3706132343229777)
[041/100] idx= 41 -> collision  (raw=collision, compute_ms=7.85408903034283, intv=0.4439120976065485)
[042/100] idx= 45 -> infeasible (raw=infeasible, compute_ms=10.907969334538366, intv=0.7758866527562684)
ERROR in osqp_update_data_vec: Problem data validation.
ERROR in osqp_update_data_vec: Problem data validation.
ERROR in osqp_update_data_vec: Problem data validation.
ERROR in osqp_update_data_vec: Problem data validation.
ERROR in osqp_update_data_vec: Problem data validation.
ERROR in osqp_update_data_vec: Problem data validation.
ERROR in osqp_update_data_vec: Problem data validation.
ERROR in osqp_update_data_vec: Problem data validation.
ERROR in osqp_update_data_vec: Problem data validation.
ERROR in osqp_update_data_vec: Problem data validation.
ERROR in osqp_update_data_vec: Problem data validation.
ERROR in osqp_update_data_vec: Problem data validation.
ERROR in osqp_update_data_vec: Problem data validation.
ERROR in osqp_update_data_vec: Problem data validation.
ERROR in osqp_update_data_vec: Problem data validation.
ERROR in osqp_update_data_vec: Problem data validation.
ERROR in osqp_update_data_vec: Problem data validation.
ERROR in osqp_update_data_vec: Problem data validation.
ERROR in osqp_update_data_vec: Problem data validation.
ERROR in osqp_update_data_vec: Problem data validation.
ERROR in osqp_update_data_vec: Problem data validation.
ERROR in osqp_update_data_vec: Problem data validation.
ERROR in osqp_update_data_vec: Problem data validation.
ERROR in osqp_update_data_vec: Problem data validation.
ERROR in osqp_update_data_vec: Problem data validation.
ERROR in osqp_update_data_vec: Problem data validation.
ERROR in osqp_update_data_vec: Problem data validation.
ERROR in osqp_update_data_vec: Problem data validation.
ERROR in osqp_update_data_vec: Problem data validation.
ERROR in osqp_update_data_vec: Problem data validation.
ERROR in osqp_update_data_vec: Problem data validation.
ERROR in osqp_update_data_vec: Problem data validation.
ERROR in osqp_update_data_vec: Problem data validation.
ERROR in osqp_update_data_vec: Problem data validation.
Collision with known obstacle detected! Obs: [ 3.89543238 12.96284102  0.32662525  0.50926117 -0.47850598 -2.
 32.          1.        ], Robot: [ 4.46968231 12.98071666] 0.25, Distance: 0.5745280850850015, True
Collision detected !!
ERROR in osqp_update_data_vec: Problem data validation.
ERROR in osqp_update_data_vec: Problem data validation.
ERROR in osqp_update_data_vec: Problem data validation.
ERROR in osqp_update_data_vec: Problem data validation.
ERROR in osqp_update_data_vec: Problem data validation.
ERROR in osqp_update_data_vec: Problem data validation.
ERROR in osqp_update_data_vec: Problem data validation.
ERROR in osqp_update_data_vec: Problem data validation.
ERROR in osqp_update_data_vec: Problem data validation.
ERROR in osqp_update_data_vec: Problem data validation.
ERROR in osqp_update_data_vec: Problem data validation.
ERROR in osqp_update_data_vec: Problem data validation.
ERROR in osqp_update_data_vec: Problem data validation.
ERROR in osqp_update_data_vec: Problem data validation.
ERROR in osqp_update_data_vec: Problem data validation.
ERROR in osqp_update_data_vec: Problem data validation.
ERROR in osqp_update_data_vec: Problem data validation.
ERROR in osqp_update_data_vec: Problem data validation.
ERROR in osqp_update_data_vec: Problem data validation.
ERROR in osqp_update_data_vec: Problem data validation.
ERROR in osqp_update_data_vec: Problem data validation.
ERROR in osqp_update_data_vec: Problem data validation.
ERROR in osqp_update_data_vec: Problem data validation.
ERROR in osqp_update_data_vec: Problem data validation.
ERROR in osqp_update_data_vec: Problem data validation.
ERROR in osqp_update_data_vec: Problem data validation.
ERROR in osqp_update_data_vec: Problem data validation.
ERROR in osqp_update_data_vec: Problem data validation.
ERROR in osqp_update_data_vec: Problem data validation.
ERROR in osqp_update_data_vec: Problem data validation.
ERROR in osqp_update_data_vec: Problem data validation.
ERROR in osqp_update_data_vec: Problem data validation.
ERROR in osqp_update_data_vec: Problem data validation.
ERROR in osqp_update_data_vec: Problem data validation.
ERROR in osqp_update_data_vec: Problem data validation.
ERROR in osqp_update_data_vec: Problem data validation.
ERROR in osqp_update_data_vec: Problem data validation.
ERROR in osqp_update_data_vec: Problem data validation.
ERROR in osqp_update_data_vec: Problem data validation.
ERROR in osqp_update_data_vec: Problem data validation.
ERROR in osqp_update_data_vec: Problem data validation.
ERROR in osqp_update_data_vec: Problem data validation.
ERROR in osqp_update_data_vec: Problem data validation.
ERROR in osqp_update_data_vec: Problem data validation.
ERROR in osqp_update_data_vec: Problem data validation.
ERROR in osqp_update_data_vec: Problem data validation.
ERROR in osqp_update_data_vec: Problem data validation.
ERROR in osqp_update_data_vec: Problem data validation.
ERROR in osqp_update_data_vec: Problem data validation.
ERROR in osqp_update_data_vec: Problem data validation.
ERROR in osqp_update_data_vec: Problem data validation.
ERROR in osqp_update_data_vec: Problem data validation.
ERROR in osqp_update_data_vec: Problem data validation.
ERROR in osqp_update_data_vec: Problem data validation.
ERROR in osqp_update_data_vec: Problem data validation.
ERROR in osqp_update_data_vec: Problem data validation.
ERROR in osqp_update_data_vec: Problem data validation.
ERROR in osqp_update_data_vec: Problem data validation.
ERROR in osqp_update_data_vec: Problem data validation.
ERROR in osqp_update_data_vec: Problem data validation.
ERROR in osqp_update_data_vec: Problem data validation.
ERROR in osqp_update_data_vec: Problem data validation.
ERROR in osqp_update_data_vec: Problem data validation.
ERROR in osqp_update_data_vec: Problem data validation.
ERROR in osqp_update_data_vec: Problem data validation.
ERROR in osqp_update_data_vec: Problem data validation.
ERROR in osqp_update_data_vec: Problem data validation.
ERROR in osqp_update_data_vec: Problem data validation.
ERROR in osqp_update_data_vec: Problem data validation.
ERROR in osqp_update_data_vec: Problem data validation.
ERROR in osqp_update_data_vec: Problem data validation.
ERROR in osqp_update_data_vec: Problem data validation.
ERROR in osqp_update_data_vec: Problem data validation.
ERROR in osqp_update_data_vec: Problem data validation.
ERROR in osqp_update_data_vec: Problem data validation.
ERROR in osqp_update_data_vec: Problem data validation.
ERROR in osqp_update_data_vec: Problem data validation.
ERROR in osqp_update_data_vec: Problem data validation.
ERROR in osqp_update_data_vec: Problem data validation.
ERROR in osqp_update_data_vec: Problem data validation.
ERROR in osqp_update_data_vec: Problem data validation.
ERROR in osqp_update_data_vec: Problem data validation.
ERROR in osqp_update_data_vec: Problem data validation.
ERROR in osqp_update_data_vec: Problem data validation.
ERROR in osqp_update_data_vec: Problem data validation.
ERROR in osqp_update_data_vec: Problem data validation.
ERROR in osqp_update_data_vec: Problem data validation.
ERROR in osqp_update_data_vec: Problem data validation.
ERROR in osqp_update_data_vec: Problem data validation.
ERROR in osqp_update_data_vec: Problem data validation.
ERROR in osqp_update_data_vec: Problem data validation.
ERROR in osqp_update_data_vec: Problem data validation.
ERROR in osqp_update_data_vec: Problem data validation.
ERROR in osqp_update_data_vec: Problem data validation.
ERROR in osqp_update_data_vec: Problem data validation.
ERROR in osqp_update_data_vec: Problem data validation.
ERROR in osqp_update_data_vec: Problem data validation.
ERROR in osqp_update_data_vec: Problem data validation.
ERROR in osqp_update_data_vec: Problem data validation.
ERROR in osqp_update_data_vec: Problem data validation.
ERROR in osqp_update_data_vec: Problem data validation.
ERROR in osqp_update_data_vec: Problem data validation.
ERROR in osqp_update_data_vec: Problem data validation.
ERROR in osqp_update_data_vec: Problem data validation.
ERROR in osqp_update_data_vec: Problem data validation.
ERROR in osqp_update_data_vec: Problem data validation.
ERROR in osqp_update_data_vec: Problem data validation.
ERROR in osqp_update_data_vec: Problem data validation.
ERROR in osqp_update_data_vec: Problem data validation.
ERROR in osqp_update_data_vec: Problem data validation.
ERROR in osqp_update_data_vec: Problem data validation.
ERROR in osqp_update_data_vec: Problem data validation.
ERROR in osqp_update_data_vec: Problem data validation.
ERROR in osqp_update_data_vec: Problem data validation.
ERROR in osqp_update_data_vec: Problem data validation.
ERROR in osqp_update_data_vec: Problem data validation.
ERROR in osqp_update_data_vec: Problem data validation.
ERROR in osqp_update_data_vec: Problem data validation.
ERROR in osqp_update_data_vec: Problem data validation.
ERROR in osqp_update_data_vec: Problem data validation.
ERROR in osqp_update_data_vec: Problem data validation.
ERROR in osqp_update_data_vec: Problem data validation.
ERROR in osqp_update_data_vec: Problem data validation.
ERROR in osqp_update_data_vec: Problem data validation.
ERROR in osqp_update_data_vec: Problem data validation.
ERROR in osqp_update_data_vec: Problem data validation.
ERROR in osqp_update_data_vec: Problem data validation.
ERROR in osqp_update_data_vec: Problem data validation.
ERROR in osqp_update_data_vec: Problem data validation.
ERROR in osqp_update_data_vec: Problem data validation.
ERROR in osqp_update_data_vec: Problem data validation.
ERROR in osqp_update_data_vec: Problem data validation.
ERROR in osqp_update_data_vec: Problem data validation.
ERROR in osqp_update_data_vec: Problem data validation.
ERROR in osqp_update_data_vec: Problem data validation.
ERROR in osqp_update_data_vec: Problem data validation.
ERROR in osqp_update_data_vec: Problem data validation.
ERROR in osqp_update_data_vec: Problem data validation.
ERROR in osqp_update_data_vec: Problem data validation.
ERROR in osqp_update_data_vec: Problem data validation.
ERROR in osqp_update_data_vec: Problem data validation.
ERROR in osqp_update_data_vec: Problem data validation.
ERROR in osqp_update_data_vec: Problem data validation.
ERROR in osqp_update_data_vec: Problem data validation.
ERROR in osqp_update_data_vec: Problem data validation.
ERROR in osqp_update_data_vec: Problem data validation.
ERROR in osqp_update_data_vec: Problem data validation.
ERROR in osqp_update_data_vec: Problem data validation.
ERROR in osqp_update_data_vec: Problem data validation.
ERROR in osqp_update_data_vec: Problem data validation.
ERROR in osqp_update_data_vec: Problem data validation.
ERROR in osqp_update_data_vec: Problem data validation.
ERROR in osqp_update_data_vec: Problem data validation.
ERROR in osqp_update_data_vec: Problem data validation.
ERROR in osqp_update_data_vec: Problem data validation.
ERROR in osqp_update_data_vec: Problem data validation.
ERROR in osqp_update_data_vec: Problem data validation.
ERROR in osqp_update_data_vec: Problem data validation.
ERROR in osqp_update_data_vec: Problem data validation.
ERROR in osqp_update_data_vec: Problem data validation.
ERROR in osqp_update_data_vec: Problem data validation.
ERROR in osqp_update_data_vec: Problem data validation.
ERROR in osqp_update_data_vec: Problem data validation.
ERROR in osqp_update_data_vec: Problem data validation.
ERROR in osqp_update_data_vec: Problem data validation.
ERROR in osqp_update_data_vec: Problem data validation.
ERROR in osqp_update_data_vec: Problem data validation.
ERROR in osqp_update_data_vec: Problem data validation.
ERROR in osqp_update_data_vec: Problem data validation.
ERROR in osqp_update_data_vec: Problem data validation.
ERROR in osqp_update_data_vec: Problem data validation.
ERROR in osqp_update_data_vec: Problem data validation.
ERROR in osqp_update_data_vec: Problem data validation.
ERROR in osqp_update_data_vec: Problem data validation.
ERROR in osqp_update_data_vec: Problem data validation.
ERROR in osqp_update_data_vec: Problem data validation.
ERROR in osqp_update_data_vec: Problem data validation.
ERROR in osqp_update_data_vec: Problem data validation.
ERROR in osqp_update_data_vec: Problem data validation.
ERROR in osqp_update_data_vec: Problem data validation.
ERROR in osqp_update_data_vec: Problem data validation.
ERROR in osqp_update_data_vec: Problem data validation.
ERROR in osqp_update_data_vec: Problem data validation.
ERROR in osqp_update_data_vec: Problem data validation.
ERROR in osqp_update_data_vec: Problem data validation.
ERROR in osqp_update_data_vec: Problem data validation.
ERROR in osqp_update_data_vec: Problem data validation.
ERROR in osqp_update_data_vec: Problem data validation.
ERROR in osqp_update_data_vec: Problem data validation.
ERROR in osqp_update_data_vec: Problem data validation.
ERROR in osqp_update_data_vec: Problem data validation.
ERROR in osqp_update_data_vec: Problem data validation.
ERROR in osqp_update_data_vec: Problem data validation.
ERROR in osqp_update_data_vec: Problem data validation.
ERROR in osqp_update_data_vec: Problem data validation.
ERROR in osqp_update_data_vec: Problem data validation.
ERROR in osqp_update_data_vec: Problem data validation.
ERROR in osqp_update_data_vec: Problem data validation.
ERROR in osqp_update_data_vec: Problem data validation.
ERROR in osqp_update_data_vec: Problem data validation.
ERROR in osqp_update_data_vec: Problem data validation.
ERROR in osqp_update_data_vec: Problem data validation.
ERROR in osqp_update_data_vec: Problem data validation.
ERROR in osqp_update_data_vec: Problem data validation.
ERROR in osqp_update_data_vec: Problem data validation.
ERROR in osqp_update_data_vec: Problem data validation.
ERROR in osqp_update_data_vec: Problem data validation.
ERROR in osqp_update_data_vec: Problem data validation.
ERROR in osqp_update_data_vec: Problem data validation.
ERROR in osqp_update_data_vec: Problem data validation.
ERROR in osqp_update_data_vec: Problem data validation.
ERROR in osqp_update_data_vec: Problem data validation.
ERROR in osqp_update_data_vec: Problem data validation.
ERROR in osqp_update_data_vec: Problem data validation.
ERROR in osqp_update_data_vec: Problem data validation.
ERROR in osqp_update_data_vec: Problem data validation.
ERROR in osqp_update_data_vec: Problem data validation.
ERROR in osqp_update_data_vec: Problem data validation.
ERROR in osqp_update_data_vec: Problem data validation.
Collision with known obstacle detected! Obs: [25.47964367  4.31976671  0.33680477 -0.59256116  0.21257938 -2.
 32.          1.        ], Robot: [25.07520652  3.899103  ] 0.25, Distance: 0.5835472330053966, True
Collision detected !!
ERROR in osqp_update_data_vec: Problem data validation.
ERROR in osqp_update_data_vec: Problem data validation.
ERROR in osqp_update_data_vec: Problem data validation.
ERROR in osqp_update_data_vec: Problem data validation.
ERROR in osqp_update_data_vec: Problem data validation.
ERROR in osqp_update_data_vec: Problem data validation.
ERROR in osqp_update_data_vec: Problem data validation.
ERROR in osqp_update_data_vec: Problem data validation.
ERROR in osqp_update_data_vec: Problem data validation.
ERROR in osqp_update_data_vec: Problem data validation.
ERROR in osqp_update_data_vec: Problem data validation.
ERROR in osqp_update_data_vec: Problem data validation.
ERROR in osqp_update_data_vec: Problem data validation.
ERROR in osqp_update_data_vec: Problem data validation.
ERROR in osqp_update_data_vec: Problem data validation.
ERROR in osqp_update_data_vec: Problem data validation.
ERROR in osqp_update_data_vec: Problem data validation.
ERROR in osqp_update_data_vec: Problem data validation.
ERROR in osqp_update_data_vec: Problem data validation.
ERROR in osqp_update_data_vec: Problem data validation.
ERROR in osqp_update_data_vec: Problem data validation.
ERROR in osqp_update_data_vec: Problem data validation.
ERROR in osqp_update_data_vec: Problem data validation.
ERROR in osqp_update_data_vec: Problem data validation.
ERROR in osqp_update_data_vec: Problem data validation.
ERROR in osqp_update_data_vec: Problem data validation.
ERROR in osqp_update_data_vec: Problem data validation.
ERROR in osqp_update_data_vec: Problem data validation.
ERROR in osqp_update_data_vec: Problem data validation.
ERROR in osqp_update_data_vec: Problem data validation.
ERROR in osqp_update_data_vec: Problem data validation.
[043/100] idx= 42 -> success    (raw=success, compute_ms=8.905455995404605, intv=0.36549085373594037)
[044/100] idx= 46 -> infeasible (raw=infeasible, compute_ms=8.19150341512193, intv=0.7201512672107974)
[045/100] idx= 43 -> success    (raw=success, compute_ms=7.887170214143184, intv=0.2103520488515988)
ERROR in osqp_update_data_vec: Problem data validation.
ERROR in osqp_update_data_vec: Problem data validation.
ERROR in osqp_update_data_vec: Problem data validation.
ERROR in osqp_update_data_vec: Problem data validation.
ERROR in osqp_update_data_vec: Problem data validation.
ERROR in osqp_update_data_vec: Problem data validation.
ERROR in osqp_update_data_vec: Problem data validation.
ERROR in osqp_update_data_vec: Problem data validation.
ERROR in osqp_update_data_vec: Problem data validation.
ERROR in osqp_update_data_vec: Problem data validation.
ERROR in osqp_update_data_vec: Problem data validation.
ERROR in osqp_update_data_vec: Problem data validation.
ERROR in osqp_update_data_vec: Problem data validation.
ERROR in osqp_update_data_vec: Problem data validation.
ERROR in osqp_update_data_vec: Problem data validation.
ERROR in osqp_update_data_vec: Problem data validation.
ERROR in osqp_update_data_vec: Problem data validation.
ERROR in osqp_update_data_vec: Problem data validation.
ERROR in osqp_update_data_vec: Problem data validation.
ERROR in osqp_update_data_vec: Problem data validation.
ERROR in osqp_update_data_vec: Problem data validation.
ERROR in osqp_update_data_vec: Problem data validation.
ERROR in osqp_update_data_vec: Problem data validation.
ERROR in osqp_update_data_vec: Problem data validation.
ERROR in osqp_update_data_vec: Problem data validation.
ERROR in osqp_update_data_vec: Problem data validation.
ERROR in osqp_update_data_vec: Problem data validation.
ERROR in osqp_update_data_vec: Problem data validation.
ERROR in osqp_update_data_vec: Problem data validation.
ERROR in osqp_update_data_vec: Problem data validation.
ERROR in osqp_update_data_vec: Problem data validation.
ERROR in osqp_update_data_vec: Problem data validation.
ERROR in osqp_update_data_vec: Problem data validation.
ERROR in osqp_update_data_vec: Problem data validation.
ERROR in osqp_update_data_vec: Problem data validation.
ERROR in osqp_update_data_vec: Problem data validation.
ERROR in osqp_update_data_vec: Problem data validation.
ERROR in osqp_update_data_vec: Problem data validation.
ERROR in osqp_update_data_vec: Problem data validation.
ERROR in osqp_update_data_vec: Problem data validation.
ERROR in osqp_update_data_vec: Problem data validation.
ERROR in osqp_update_data_vec: Problem data validation.
ERROR in osqp_update_data_vec: Problem data validation.
ERROR in osqp_update_data_vec: Problem data validation.
ERROR in osqp_update_data_vec: Problem data validation.
ERROR in osqp_update_data_vec: Problem data validation.
ERROR in osqp_update_data_vec: Problem data validation.
ERROR in osqp_update_data_vec: Problem data validation.
ERROR in osqp_update_data_vec: Problem data validation.
ERROR in osqp_update_data_vec: Problem data validation.
ERROR in osqp_update_data_vec: Problem data validation.
ERROR in osqp_update_data_vec: Problem data validation.
ERROR in osqp_update_data_vec: Problem data validation.
ERROR in osqp_update_data_vec: Problem data validation.
ERROR in osqp_update_data_vec: Problem data validation.
ERROR in osqp_update_data_vec: Problem data validation.
ERROR in osqp_update_data_vec: Problem data validation.
ERROR in osqp_update_data_vec: Problem data validation.
ERROR in osqp_update_data_vec: Problem data validation.
ERROR in osqp_update_data_vec: Problem data validation.
ERROR in osqp_update_data_vec: Problem data validation.
ERROR in osqp_update_data_vec: Problem data validation.
ERROR in osqp_update_data_vec: Problem data validation.
ERROR in osqp_update_data_vec: Problem data validation.
ERROR in osqp_update_data_vec: Problem data validation.
ERROR in osqp_update_data_vec: Problem data validation.
ERROR in osqp_update_data_vec: Problem data validation.
ERROR in osqp_update_data_vec: Problem data validation.
ERROR in osqp_update_data_vec: Problem data validation.
ERROR in osqp_update_data_vec: Problem data validation.
ERROR in osqp_update_data_vec: Problem data validation.
ERROR in osqp_update_data_vec: Problem data validation.
ERROR in osqp_update_data_vec: Problem data validation.
ERROR in osqp_update_data_vec: Problem data validation.
ERROR in osqp_update_data_vec: Problem data validation.
ERROR in osqp_update_data_vec: Problem data validation.
ERROR in osqp_update_data_vec: Problem data validation.
ERROR in osqp_update_data_vec: Problem data validation.
ERROR in osqp_update_data_vec: Problem data validation.
ERROR in osqp_update_data_vec: Problem data validation.
ERROR in osqp_update_data_vec: Problem data validation.
ERROR in osqp_update_data_vec: Problem data validation.
ERROR in osqp_update_data_vec: Problem data validation.
ERROR in osqp_update_data_vec: Problem data validation.
ERROR in osqp_update_data_vec: Problem data validation.
ERROR in osqp_update_data_vec: Problem data validation.
ERROR in osqp_update_data_vec: Problem data validation.
ERROR in osqp_update_data_vec: Problem data validation.
ERROR in osqp_update_data_vec: Problem data validation.
ERROR in osqp_update_data_vec: Problem data validation.
ERROR in osqp_update_data_vec: Problem data validation.
ERROR in osqp_update_data_vec: Problem data validation.
ERROR in osqp_update_data_vec: Problem data validation.
ERROR in osqp_update_data_vec: Problem data validation.
ERROR in osqp_update_data_vec: Problem data validation.
ERROR in osqp_update_data_vec: Problem data validation.
ERROR in osqp_update_data_vec: Problem data validation.
ERROR in osqp_update_data_vec: Problem data validation.
ERROR in osqp_update_data_vec: Problem data validation.
ERROR in osqp_update_data_vec: Problem data validation.
ERROR in osqp_update_data_vec: Problem data validation.
ERROR in osqp_update_data_vec: Problem data validation.
ERROR in osqp_update_data_vec: Problem data validation.
ERROR in osqp_update_data_vec: Problem data validation.
ERROR in osqp_update_data_vec: Problem data validation.
ERROR in osqp_update_data_vec: Problem data validation.
ERROR in osqp_update_data_vec: Problem data validation.
ERROR in osqp_update_data_vec: Problem data validation.
ERROR in osqp_update_data_vec: Problem data validation.
ERROR in osqp_update_data_vec: Problem data validation.
ERROR in osqp_update_data_vec: Problem data validation.
ERROR in osqp_update_data_vec: Problem data validation.
ERROR in osqp_update_data_vec: Problem data validation.
ERROR in osqp_update_data_vec: Problem data validation.
ERROR in osqp_update_data_vec: Problem data validation.
ERROR in osqp_update_data_vec: Problem data validation.
ERROR in osqp_update_data_vec: Problem data validation.
ERROR in osqp_update_data_vec: Problem data validation.
ERROR in osqp_update_data_vec: Problem data validation.
ERROR in osqp_update_data_vec: Problem data validation.
ERROR in osqp_update_data_vec: Problem data validation.
ERROR in osqp_update_data_vec: Problem data validation.
ERROR in osqp_update_data_vec: Problem data validation.
ERROR in osqp_update_data_vec: Problem data validation.
ERROR in osqp_update_data_vec: Problem data validation.
ERROR in osqp_update_data_vec: Problem data validation.
ERROR in osqp_update_data_vec: Problem data validation.
ERROR in osqp_update_data_vec: Problem data validation.
ERROR in osqp_update_data_vec: Problem data validation.
ERROR in osqp_update_data_vec: Problem data validation.
ERROR in osqp_update_data_vec: Problem data validation.
ERROR in osqp_update_data_vec: Problem data validation.
ERROR in osqp_update_data_vec: Problem data validation.
ERROR in osqp_update_data_vec: Problem data validation.
ERROR in osqp_update_data_vec: Problem data validation.
ERROR in osqp_update_data_vec: Problem data validation.
ERROR in osqp_update_data_vec: Problem data validation.
ERROR in osqp_update_data_vec: Problem data validation.
ERROR in osqp_update_data_vec: Problem data validation.
ERROR in osqp_update_data_vec: Problem data validation.
ERROR in osqp_update_data_vec: Problem data validation.
ERROR in osqp_update_data_vec: Problem data validation.
ERROR in osqp_update_data_vec: Problem data validation.
ERROR in osqp_update_data_vec: Problem data validation.
ERROR in osqp_update_data_vec: Problem data validation.
ERROR in osqp_update_data_vec: Problem data validation.
[046/100] idx= 44 -> infeasible (raw=infeasible, compute_ms=8.331715237773498, intv=0.37660869161551574)
[047/100] idx= 47 -> infeasible (raw=infeasible, compute_ms=8.986716259753496, intv=0.46573163289682523)
[048/100] idx= 48 -> success    (raw=success, compute_ms=7.89382293849298, intv=0.27371609801636876)
[049/100] idx= 51 -> success    (raw=success, compute_ms=6.672428988150474, intv=0.17426063072100492)
[050/100] idx= 49 -> success    (raw=success, compute_ms=7.897253049409467, intv=0.19819092267525867)
[051/100] idx= 50 -> collision  (raw=collision, compute_ms=8.869672673077654, intv=0.3200235663363386)
ERROR in osqp_update_data_vec: Problem data validation.
ERROR in osqp_update_data_vec: Problem data validation.
ERROR in osqp_update_data_vec: Problem data validation.
ERROR in osqp_update_data_vec: Problem data validation.
ERROR in osqp_update_data_vec: Problem data validation.
ERROR in osqp_update_data_vec: Problem data validation.
ERROR in osqp_update_data_vec: Problem data validation.
ERROR in osqp_update_data_vec: Problem data validation.
ERROR in osqp_update_data_vec: Problem data validation.
ERROR in osqp_update_data_vec: Problem data validation.
ERROR in osqp_update_data_vec: Problem data validation.
ERROR in osqp_update_data_vec: Problem data validation.
ERROR in osqp_update_data_vec: Problem data validation.
ERROR in osqp_update_data_vec: Problem data validation.
ERROR in osqp_update_data_vec: Problem data validation.
ERROR in osqp_update_data_vec: Problem data validation.
ERROR in osqp_update_data_vec: Problem data validation.
ERROR in osqp_update_data_vec: Problem data validation.
ERROR in osqp_update_data_vec: Problem data validation.
ERROR in osqp_update_data_vec: Problem data validation.
ERROR in osqp_update_data_vec: Problem data validation.
ERROR in osqp_update_data_vec: Problem data validation.
ERROR in osqp_update_data_vec: Problem data validation.
ERROR in osqp_update_data_vec: Problem data validation.
ERROR in osqp_update_data_vec: Problem data validation.
ERROR in osqp_update_data_vec: Problem data validation.
ERROR in osqp_update_data_vec: Problem data validation.
ERROR in osqp_update_data_vec: Problem data validation.
ERROR in osqp_update_data_vec: Problem data validation.
Infeasible detected!!
ERROR in osqp_update_data_vec: Problem data validation.
ERROR in osqp_update_data_vec: Problem data validation.
ERROR in osqp_update_data_vec: Problem data validation.
ERROR in osqp_update_data_vec: Problem data validation.
ERROR in osqp_update_data_vec: Problem data validation.
ERROR in osqp_update_data_vec: Problem data validation.
ERROR in osqp_update_data_vec: Problem data validation.
ERROR in osqp_update_data_vec: Problem data validation.
ERROR in osqp_update_data_vec: Problem data validation.
ERROR in osqp_update_data_vec: Problem data validation.
ERROR in osqp_update_data_vec: Problem data validation.
ERROR in osqp_update_data_vec: Problem data validation.
ERROR in osqp_update_data_vec: Problem data validation.
ERROR in osqp_update_data_vec: Problem data validation.
ERROR in osqp_update_data_vec: Problem data validation.
ERROR in osqp_update_data_vec: Problem data validation.
ERROR in osqp_update_data_vec: Problem data validation.
ERROR in osqp_update_data_vec: Problem data validation.
ERROR in osqp_update_data_vec: Problem data validation.
ERROR in osqp_update_data_vec: Problem data validation.
ERROR in osqp_update_data_vec: Problem data validation.
ERROR in osqp_update_data_vec: Problem data validation.
ERROR in osqp_update_data_vec: Problem data validation.
ERROR in osqp_update_data_vec: Problem data validation.
ERROR in osqp_update_data_vec: Problem data validation.
ERROR in osqp_update_data_vec: Problem data validation.
ERROR in osqp_update_data_vec: Problem data validation.
ERROR in osqp_update_data_vec: Problem data validation.
ERROR in osqp_update_data_vec: Problem data validation.
ERROR in osqp_update_data_vec: Problem data validation.
ERROR in osqp_update_data_vec: Problem data validation.
ERROR in osqp_update_data_vec: Problem data validation.
ERROR in osqp_update_data_vec: Problem data validation.
ERROR in osqp_update_data_vec: Problem data validation.
ERROR in osqp_update_data_vec: Problem data validation.
ERROR in osqp_update_data_vec: Problem data validation.
ERROR in osqp_update_data_vec: Problem data validation.
ERROR in osqp_update_data_vec: Problem data validation.
ERROR in osqp_update_data_vec: Problem data validation.
ERROR in osqp_update_data_vec: Problem data validation.
ERROR in osqp_update_data_vec: Problem data validation.
ERROR in osqp_update_data_vec: Problem data validation.
ERROR in osqp_update_data_vec: Problem data validation.
ERROR in osqp_update_data_vec: Problem data validation.
ERROR in osqp_update_data_vec: Problem data validation.
ERROR in osqp_update_data_vec: Problem data validation.
ERROR in osqp_update_data_vec: Problem data validation.
ERROR in osqp_update_data_vec: Problem data validation.
ERROR in osqp_update_data_vec: Problem data validation.
ERROR in osqp_update_data_vec: Problem data validation.
ERROR in osqp_update_data_vec: Problem data validation.
ERROR in osqp_update_data_vec: Problem data validation.
ERROR in osqp_update_data_vec: Problem data validation.
ERROR in osqp_update_data_vec: Problem data validation.
ERROR in osqp_update_data_vec: Problem data validation.
ERROR in osqp_update_data_vec: Problem data validation.
ERROR in osqp_update_data_vec: Problem data validation.
ERROR in osqp_update_data_vec: Problem data validation.
ERROR in osqp_update_data_vec: Problem data validation.
ERROR in osqp_update_data_vec: Problem data validation.
ERROR in osqp_update_data_vec: Problem data validation.
ERROR in osqp_update_data_vec: Problem data validation.
ERROR in osqp_update_data_vec: Problem data validation.
ERROR in osqp_update_data_vec: Problem data validation.
ERROR in osqp_update_data_vec: Problem data validation.
ERROR in osqp_update_data_vec: Problem data validation.
ERROR in osqp_update_data_vec: Problem data validation.
ERROR in osqp_update_data_vec: Problem data validation.
ERROR in osqp_update_data_vec: Problem data validation.
ERROR in osqp_update_data_vec: Problem data validation.
ERROR in osqp_update_data_vec: Problem data validation.
ERROR in osqp_update_data_vec: Problem data validation.
ERROR in osqp_update_data_vec: Problem data validation.
ERROR in osqp_update_data_vec: Problem data validation.
ERROR in osqp_update_data_vec: Problem data validation.
ERROR in osqp_update_data_vec: Problem data validation.
ERROR in osqp_update_data_vec: Problem data validation.
ERROR in osqp_update_data_vec: Problem data validation.
ERROR in osqp_update_data_vec: Problem data validation.
ERROR in osqp_update_data_vec: Problem data validation.
ERROR in osqp_update_data_vec: Problem data validation.
ERROR in osqp_update_data_vec: Problem data validation.
ERROR in osqp_update_data_vec: Problem data validation.
ERROR in osqp_update_data_vec: Problem data validation.
Collision with known obstacle detected! Obs: [ 2.48201402e+01  1.17112234e+01  3.49221382e-01  6.64107911e-01
  2.93806225e-03 -2.00000000e+00  3.20000000e+01  1.00000000e+00], Robot: [25.33961973 12.00345233] 0.25, Distance: 0.5960341299501403, True
Collision detected !!
ERROR in osqp_update_data_vec: Problem data validation.
ERROR in osqp_update_data_vec: Problem data validation.
ERROR in osqp_update_data_vec: Problem data validation.
ERROR in osqp_update_data_vec: Problem data validation.
ERROR in osqp_update_data_vec: Problem data validation.
ERROR in osqp_update_data_vec: Problem data validation.
ERROR in osqp_update_data_vec: Problem data validation.
ERROR in osqp_update_data_vec: Problem data validation.
ERROR in osqp_update_data_vec: Problem data validation.
ERROR in osqp_update_data_vec: Problem data validation.
ERROR in osqp_update_data_vec: Problem data validation.
ERROR in osqp_update_data_vec: Problem data validation.
ERROR in osqp_update_data_vec: Problem data validation.
ERROR in osqp_update_data_vec: Problem data validation.
ERROR in osqp_update_data_vec: Problem data validation.
ERROR in osqp_update_data_vec: Problem data validation.
ERROR in osqp_update_data_vec: Problem data validation.
ERROR in osqp_update_data_vec: Problem data validation.
ERROR in osqp_update_data_vec: Problem data validation.
ERROR in osqp_update_data_vec: Problem data validation.
ERROR in osqp_update_data_vec: Problem data validation.
ERROR in osqp_update_data_vec: Problem data validation.
ERROR in osqp_update_data_vec: Problem data validation.
ERROR in osqp_update_data_vec: Problem data validation.
ERROR in osqp_update_data_vec: Problem data validation.
ERROR in osqp_update_data_vec: Problem data validation.
ERROR in osqp_update_data_vec: Problem data validation.
ERROR in osqp_update_data_vec: Problem data validation.
[052/100] idx= 56 -> infeasible (raw=infeasible, compute_ms=9.360458036054819, intv=0.46532725784908685)
[053/100] idx= 52 -> success    (raw=success, compute_ms=9.937298382404252, intv=0.318861141895381)
ERROR in osqp_update_data_vec: Problem data validation.
ERROR in osqp_update_data_vec: Problem data validation.
ERROR in osqp_update_data_vec: Problem data validation.
ERROR in osqp_update_data_vec: Problem data validation.
ERROR in osqp_update_data_vec: Problem data validation.
ERROR in osqp_update_data_vec: Problem data validation.
ERROR in osqp_update_data_vec: Problem data validation.
ERROR in osqp_update_data_vec: Problem data validation.
ERROR in osqp_update_data_vec: Problem data validation.
ERROR in osqp_update_data_vec: Problem data validation.
ERROR in osqp_update_data_vec: Problem data validation.
ERROR in osqp_update_data_vec: Problem data validation.
ERROR in osqp_update_data_vec: Problem data validation.
ERROR in osqp_update_data_vec: Problem data validation.
ERROR in osqp_update_data_vec: Problem data validation.
ERROR in osqp_update_data_vec: Problem data validation.
ERROR in osqp_update_data_vec: Problem data validation.
ERROR in osqp_update_data_vec: Problem data validation.
ERROR in osqp_update_data_vec: Problem data validation.
ERROR in osqp_update_data_vec: Problem data validation.
ERROR in osqp_update_data_vec: Problem data validation.
ERROR in osqp_update_data_vec: Problem data validation.
ERROR in osqp_update_data_vec: Problem data validation.
ERROR in osqp_update_data_vec: Problem data validation.
ERROR in osqp_update_data_vec: Problem data validation.
ERROR in osqp_update_data_vec: Problem data validation.
ERROR in osqp_update_data_vec: Problem data validation.
ERROR in osqp_update_data_vec: Problem data validation.
ERROR in osqp_update_data_vec: Problem data validation.
ERROR in osqp_update_data_vec: Problem data validation.
ERROR in osqp_update_data_vec: Problem data validation.
ERROR in osqp_update_data_vec: Problem data validation.
ERROR in osqp_update_data_vec: Problem data validation.
ERROR in osqp_update_data_vec: Problem data validation.
ERROR in osqp_update_data_vec: Problem data validation.
ERROR in osqp_update_data_vec: Problem data validation.
ERROR in osqp_update_data_vec: Problem data validation.
ERROR in osqp_update_data_vec: Problem data validation.
ERROR in osqp_update_data_vec: Problem data validation.
ERROR in osqp_update_data_vec: Problem data validation.
ERROR in osqp_update_data_vec: Problem data validation.
ERROR in osqp_update_data_vec: Problem data validation.
ERROR in osqp_update_data_vec: Problem data validation.
ERROR in osqp_update_data_vec: Problem data validation.
ERROR in osqp_update_data_vec: Problem data validation.
ERROR in osqp_update_data_vec: Problem data validation.
ERROR in osqp_update_data_vec: Problem data validation.
ERROR in osqp_update_data_vec: Problem data validation.
ERROR in osqp_update_data_vec: Problem data validation.
ERROR in osqp_update_data_vec: Problem data validation.
ERROR in osqp_update_data_vec: Problem data validation.
ERROR in osqp_update_data_vec: Problem data validation.
ERROR in osqp_update_data_vec: Problem data validation.
ERROR in osqp_update_data_vec: Problem data validation.
ERROR in osqp_update_data_vec: Problem data validation.
ERROR in osqp_update_data_vec: Problem data validation.
ERROR in osqp_update_data_vec: Problem data validation.
ERROR in osqp_update_data_vec: Problem data validation.
ERROR in osqp_update_data_vec: Problem data validation.
ERROR in osqp_update_data_vec: Problem data validation.
ERROR in osqp_update_data_vec: Problem data validation.
ERROR in osqp_update_data_vec: Problem data validation.
ERROR in osqp_update_data_vec: Problem data validation.
ERROR in osqp_update_data_vec: Problem data validation.
ERROR in osqp_update_data_vec: Problem data validation.
ERROR in osqp_update_data_vec: Problem data validation.
ERROR in osqp_update_data_vec: Problem data validation.
ERROR in osqp_update_data_vec: Problem data validation.
ERROR in osqp_update_data_vec: Problem data validation.
ERROR in osqp_update_data_vec: Problem data validation.
ERROR in osqp_update_data_vec: Problem data validation.
ERROR in osqp_update_data_vec: Problem data validation.
ERROR in osqp_update_data_vec: Problem data validation.
ERROR in osqp_update_data_vec: Problem data validation.
ERROR in osqp_update_data_vec: Problem data validation.
ERROR in osqp_update_data_vec: Problem data validation.
ERROR in osqp_update_data_vec: Problem data validation.
ERROR in osqp_update_data_vec: Problem data validation.
ERROR in osqp_update_data_vec: Problem data validation.
ERROR in osqp_update_data_vec: Problem data validation.
ERROR in osqp_update_data_vec: Problem data validation.
ERROR in osqp_update_data_vec: Problem data validation.
ERROR in osqp_update_data_vec: Problem data validation.
ERROR in osqp_update_data_vec: Problem data validation.
ERROR in osqp_update_data_vec: Problem data validation.
ERROR in osqp_update_data_vec: Problem data validation.
ERROR in osqp_update_data_vec: Problem data validation.
ERROR in osqp_update_data_vec: Problem data validation.
ERROR in osqp_update_data_vec: Problem data validation.
ERROR in osqp_update_data_vec: Problem data validation.
ERROR in osqp_update_data_vec: Problem data validation.
ERROR in osqp_update_data_vec: Problem data validation.
ERROR in osqp_update_data_vec: Problem data validation.
ERROR in osqp_update_data_vec: Problem data validation.
ERROR in osqp_update_data_vec: Problem data validation.
ERROR in osqp_update_data_vec: Problem data validation.
ERROR in osqp_update_data_vec: Problem data validation.
ERROR in osqp_update_data_vec: Problem data validation.
ERROR in osqp_update_data_vec: Problem data validation.
ERROR in osqp_update_data_vec: Problem data validation.
ERROR in osqp_update_data_vec: Problem data validation.
ERROR in osqp_update_data_vec: Problem data validation.
ERROR in osqp_update_data_vec: Problem data validation.
ERROR in osqp_update_data_vec: Problem data validation.
ERROR in osqp_update_data_vec: Problem data validation.
ERROR in osqp_update_data_vec: Problem data validation.
ERROR in osqp_update_data_vec: Problem data validation.
ERROR in osqp_update_data_vec: Problem data validation.
ERROR in osqp_update_data_vec: Problem data validation.
ERROR in osqp_update_data_vec: Problem data validation.
ERROR in osqp_update_data_vec: Problem data validation.
ERROR in osqp_update_data_vec: Problem data validation.
ERROR in osqp_update_data_vec: Problem data validation.
ERROR in osqp_update_data_vec: Problem data validation.
ERROR in osqp_update_data_vec: Problem data validation.
Infeasible detected!!
ERROR in osqp_update_data_vec: Problem data validation.
ERROR in osqp_update_data_vec: Problem data validation.
ERROR in osqp_update_data_vec: Problem data validation.
ERROR in osqp_update_data_vec: Problem data validation.
ERROR in osqp_update_data_vec: Problem data validation.
ERROR in osqp_update_data_vec: Problem data validation.
ERROR in osqp_update_data_vec: Problem data validation.
ERROR in osqp_update_data_vec: Problem data validation.
ERROR in osqp_update_data_vec: Problem data validation.
ERROR in osqp_update_data_vec: Problem data validation.
ERROR in osqp_update_data_vec: Problem data validation.
ERROR in osqp_update_data_vec: Problem data validation.
ERROR in osqp_update_data_vec: Problem data validation.
ERROR in osqp_update_data_vec: Problem data validation.
ERROR in osqp_update_data_vec: Problem data validation.
ERROR in osqp_update_data_vec: Problem data validation.
ERROR in osqp_update_data_vec: Problem data validation.
ERROR in osqp_update_data_vec: Problem data validation.
ERROR in osqp_update_data_vec: Problem data validation.
ERROR in osqp_update_data_vec: Problem data validation.
ERROR in osqp_update_data_vec: Problem data validation.
ERROR in osqp_update_data_vec: Problem data validation.
ERROR in osqp_update_data_vec: Problem data validation.
ERROR in osqp_update_data_vec: Problem data validation.
ERROR in osqp_update_data_vec: Problem data validation.
ERROR in osqp_update_data_vec: Problem data validation.
ERROR in osqp_update_data_vec: Problem data validation.
ERROR in osqp_update_data_vec: Problem data validation.
ERROR in osqp_update_data_vec: Problem data validation.
ERROR in osqp_update_data_vec: Problem data validation.
[054/100] idx= 54 -> success    (raw=success, compute_ms=7.312367316022036, intv=0.13190126226818663)
[055/100] idx= 53 -> success    (raw=success, compute_ms=8.374222513049824, intv=0.3094781855156267)
[056/100] idx= 55 -> success    (raw=success, compute_ms=8.119696845230107, intv=0.3079910044682784)
[057/100] idx= 57 -> success    (raw=success, compute_ms=9.415934097751418, intv=0.3582368760177883)
ERROR in osqp_update_data_vec: Problem data validation.
ERROR in osqp_update_data_vec: Problem data validation.
ERROR in osqp_update_data_vec: Problem data validation.
ERROR in osqp_update_data_vec: Problem data validation.
ERROR in osqp_update_data_vec: Problem data validation.
ERROR in osqp_update_data_vec: Problem data validation.
ERROR in osqp_update_data_vec: Problem data validation.
ERROR in osqp_update_data_vec: Problem data validation.
ERROR in osqp_update_data_vec: Problem data validation.
ERROR in osqp_update_data_vec: Problem data validation.
ERROR in osqp_update_data_vec: Problem data validation.
ERROR in osqp_update_data_vec: Problem data validation.
ERROR in osqp_update_data_vec: Problem data validation.
ERROR in osqp_update_data_vec: Problem data validation.
ERROR in osqp_update_data_vec: Problem data validation.
ERROR in osqp_update_data_vec: Problem data validation.
ERROR in osqp_update_data_vec: Problem data validation.
ERROR in osqp_update_data_vec: Problem data validation.
ERROR in osqp_update_data_vec: Problem data validation.
ERROR in osqp_update_data_vec: Problem data validation.
ERROR in osqp_update_data_vec: Problem data validation.
ERROR in osqp_update_data_vec: Problem data validation.
ERROR in osqp_update_data_vec: Problem data validation.
ERROR in osqp_update_data_vec: Problem data validation.
ERROR in osqp_update_data_vec: Problem data validation.
ERROR in osqp_update_data_vec: Problem data validation.
ERROR in osqp_update_data_vec: Problem data validation.
ERROR in osqp_update_data_vec: Problem data validation.
ERROR in osqp_update_data_vec: Problem data validation.
ERROR in osqp_update_data_vec: Problem data validation.
ERROR in osqp_update_data_vec: Problem data validation.
ERROR in osqp_update_data_vec: Problem data validation.
ERROR in osqp_update_data_vec: Problem data validation.
ERROR in osqp_update_data_vec: Problem data validation.
ERROR in osqp_update_data_vec: Problem data validation.
ERROR in osqp_update_data_vec: Problem data validation.
ERROR in osqp_update_data_vec: Problem data validation.
ERROR in osqp_update_data_vec: Problem data validation.
ERROR in osqp_update_data_vec: Problem data validation.
ERROR in osqp_update_data_vec: Problem data validation.
ERROR in osqp_update_data_vec: Problem data validation.
ERROR in osqp_update_data_vec: Problem data validation.
ERROR in osqp_update_data_vec: Problem data validation.
ERROR in osqp_update_data_vec: Problem data validation.
ERROR in osqp_update_data_vec: Problem data validation.
ERROR in osqp_update_data_vec: Problem data validation.
ERROR in osqp_update_data_vec: Problem data validation.
ERROR in osqp_update_data_vec: Problem data validation.
ERROR in osqp_update_data_vec: Problem data validation.
ERROR in osqp_update_data_vec: Problem data validation.
ERROR in osqp_update_data_vec: Problem data validation.
ERROR in osqp_update_data_vec: Problem data validation.
ERROR in osqp_update_data_vec: Problem data validation.
ERROR in osqp_update_data_vec: Problem data validation.
ERROR in osqp_update_data_vec: Problem data validation.
ERROR in osqp_update_data_vec: Problem data validation.
ERROR in osqp_update_data_vec: Problem data validation.
ERROR in osqp_update_data_vec: Problem data validation.
ERROR in osqp_update_data_vec: Problem data validation.
ERROR in osqp_update_data_vec: Problem data validation.
ERROR in osqp_update_data_vec: Problem data validation.
ERROR in osqp_update_data_vec: Problem data validation.
ERROR in osqp_update_data_vec: Problem data validation.
ERROR in osqp_update_data_vec: Problem data validation.
ERROR in osqp_update_data_vec: Problem data validation.
ERROR in osqp_update_data_vec: Problem data validation.
ERROR in osqp_update_data_vec: Problem data validation.
ERROR in osqp_update_data_vec: Problem data validation.
ERROR in osqp_update_data_vec: Problem data validation.
ERROR in osqp_update_data_vec: Problem data validation.
ERROR in osqp_update_data_vec: Problem data validation.
ERROR in osqp_update_data_vec: Problem data validation.
ERROR in osqp_update_data_vec: Problem data validation.
ERROR in osqp_update_data_vec: Problem data validation.
ERROR in osqp_update_data_vec: Problem data validation.
ERROR in osqp_update_data_vec: Problem data validation.
ERROR in osqp_update_data_vec: Problem data validation.
ERROR in osqp_update_data_vec: Problem data validation.
ERROR in osqp_update_data_vec: Problem data validation.
ERROR in osqp_update_data_vec: Problem data validation.
ERROR in osqp_update_data_vec: Problem data validation.
ERROR in osqp_update_data_vec: Problem data validation.
ERROR in osqp_update_data_vec: Problem data validation.
ERROR in osqp_update_data_vec: Problem data validation.
ERROR in osqp_update_data_vec: Problem data validation.
ERROR in osqp_update_data_vec: Problem data validation.
ERROR in osqp_update_data_vec: Problem data validation.
ERROR in osqp_update_data_vec: Problem data validation.
ERROR in osqp_update_data_vec: Problem data validation.
ERROR in osqp_update_data_vec: Problem data validation.
ERROR in osqp_update_data_vec: Problem data validation.
ERROR in osqp_update_data_vec: Problem data validation.
ERROR in osqp_update_data_vec: Problem data validation.
ERROR in osqp_update_data_vec: Problem data validation.
ERROR in osqp_update_data_vec: Problem data validation.
ERROR in osqp_update_data_vec: Problem data validation.
ERROR in osqp_update_data_vec: Problem data validation.
ERROR in osqp_update_data_vec: Problem data validation.
ERROR in osqp_update_data_vec: Problem data validation.
ERROR in osqp_update_data_vec: Problem data validation.
ERROR in osqp_update_data_vec: Problem data validation.
ERROR in osqp_update_data_vec: Problem data validation.
ERROR in osqp_update_data_vec: Problem data validation.
ERROR in osqp_update_data_vec: Problem data validation.
ERROR in osqp_update_data_vec: Problem data validation.
ERROR in osqp_update_data_vec: Problem data validation.
ERROR in osqp_update_data_vec: Problem data validation.
ERROR in osqp_update_data_vec: Problem data validation.
ERROR in osqp_update_data_vec: Problem data validation.
ERROR in osqp_update_data_vec: Problem data validation.
ERROR in osqp_update_data_vec: Problem data validation.
ERROR in osqp_update_data_vec: Problem data validation.
ERROR in osqp_update_data_vec: Problem data validation.
ERROR in osqp_update_data_vec: Problem data validation.
ERROR in osqp_update_data_vec: Problem data validation.
ERROR in osqp_update_data_vec: Problem data validation.
ERROR in osqp_update_data_vec: Problem data validation.
ERROR in osqp_update_data_vec: Problem data validation.
ERROR in osqp_update_data_vec: Problem data validation.
ERROR in osqp_update_data_vec: Problem data validation.
ERROR in osqp_update_data_vec: Problem data validation.
ERROR in osqp_update_data_vec: Problem data validation.
ERROR in osqp_update_data_vec: Problem data validation.
ERROR in osqp_update_data_vec: Problem data validation.
ERROR in osqp_update_data_vec: Problem data validation.
ERROR in osqp_update_data_vec: Problem data validation.
ERROR in osqp_update_data_vec: Problem data validation.
ERROR in osqp_update_data_vec: Problem data validation.
ERROR in osqp_update_data_vec: Problem data validation.
ERROR in osqp_update_data_vec: Problem data validation.
ERROR in osqp_update_data_vec: Problem data validation.
ERROR in osqp_update_data_vec: Problem data validation.
ERROR in osqp_update_data_vec: Problem data validation.
ERROR in osqp_update_data_vec: Problem data validation.
ERROR in osqp_update_data_vec: Problem data validation.
ERROR in osqp_update_data_vec: Problem data validation.
ERROR in osqp_update_data_vec: Problem data validation.
ERROR in osqp_update_data_vec: Problem data validation.
ERROR in osqp_update_data_vec: Problem data validation.
ERROR in osqp_update_data_vec: Problem data validation.
ERROR in osqp_update_data_vec: Problem data validation.
ERROR in osqp_update_data_vec: Problem data validation.
ERROR in osqp_update_data_vec: Problem data validation.
ERROR in osqp_update_data_vec: Problem data validation.
ERROR in osqp_update_data_vec: Problem data validation.
ERROR in osqp_update_data_vec: Problem data validation.
[058/100] idx= 58 -> success    (raw=success, compute_ms=9.702370460663733, intv=0.25287514927081206)
[059/100] idx= 60 -> success    (raw=success, compute_ms=7.48414222281809, intv=0.17970457771470558)
[060/100] idx= 61 -> success    (raw=success, compute_ms=7.109338013280249, intv=0.15061163745534392)
/Users/parkcart/workspace/occlusion-cbf/.venv/lib/python3.10/site-packages/cvxpy/problems/problem.py:1545: UserWarning: 
    The problem is either infeasible or unbounded, but the solver
    cannot tell which. Disable any solver-specific presolve methods
    and re-solve to determine the precise problem status.

    For GUROBI and CPLEX you can automatically perform this re-solve
    with the keyword argument prob.solve(reoptimize=True, ...).
    
  warnings.warn(INF_OR_UNB_MESSAGE)
[061/100] idx= 59 -> success    (raw=success, compute_ms=7.705615427428693, intv=0.3200313924285631)
[062/100] idx= 65 -> infeasible (raw=infeasible, compute_ms=9.268630234620776, intv=0.44328568460219386)
ERROR in osqp_update_data_vec: Problem data validation.
ERROR in osqp_update_data_vec: Problem data validation.
ERROR in osqp_update_data_vec: Problem data validation.
ERROR in osqp_update_data_vec: Problem data validation.
ERROR in osqp_update_data_vec: Problem data validation.
ERROR in osqp_update_data_vec: Problem data validation.
ERROR in osqp_update_data_vec: Problem data validation.
ERROR in osqp_update_data_vec: Problem data validation.
ERROR in osqp_update_data_vec: Problem data validation.
ERROR in osqp_update_data_vec: Problem data validation.
ERROR in osqp_update_data_vec: Problem data validation.
ERROR in osqp_update_data_vec: Problem data validation.
ERROR in osqp_update_data_vec: Problem data validation.
ERROR in osqp_update_data_vec: Problem data validation.
ERROR in osqp_update_data_vec: Problem data validation.
ERROR in osqp_update_data_vec: Problem data validation.
ERROR in osqp_update_data_vec: Problem data validation.
ERROR in osqp_update_data_vec: Problem data validation.
ERROR in osqp_update_data_vec: Problem data validation.
ERROR in osqp_update_data_vec: Problem data validation.
ERROR in osqp_update_data_vec: Problem data validation.
ERROR in osqp_update_data_vec: Problem data validation.
ERROR in osqp_update_data_vec: Problem data validation.
ERROR in osqp_update_data_vec: Problem data validation.
ERROR in osqp_update_data_vec: Problem data validation.
ERROR in osqp_update_data_vec: Problem data validation.
ERROR in osqp_update_data_vec: Problem data validation.
ERROR in osqp_update_data_vec: Problem data validation.
ERROR in osqp_update_data_vec: Problem data validation.
ERROR in osqp_update_data_vec: Problem data validation.
ERROR in osqp_update_data_vec: Problem data validation.
ERROR in osqp_update_data_vec: Problem data validation.
ERROR in osqp_update_data_vec: Problem data validation.
ERROR in osqp_update_data_vec: Problem data validation.
ERROR in osqp_update_data_vec: Problem data validation.
ERROR in osqp_update_data_vec: Problem data validation.
ERROR in osqp_update_data_vec: Problem data validation.
ERROR in osqp_update_data_vec: Problem data validation.
ERROR in osqp_update_data_vec: Problem data validation.
ERROR in osqp_update_data_vec: Problem data validation.
ERROR in osqp_update_data_vec: Problem data validation.
ERROR in osqp_update_data_vec: Problem data validation.
ERROR in osqp_update_data_vec: Problem data validation.
ERROR in osqp_update_data_vec: Problem data validation.
ERROR in osqp_update_data_vec: Problem data validation.
ERROR in osqp_update_data_vec: Problem data validation.
ERROR in osqp_update_data_vec: Problem data validation.
ERROR in osqp_update_data_vec: Problem data validation.
ERROR in osqp_update_data_vec: Problem data validation.
ERROR in osqp_update_data_vec: Problem data validation.
ERROR in osqp_update_data_vec: Problem data validation.
ERROR in osqp_update_data_vec: Problem data validation.
ERROR in osqp_update_data_vec: Problem data validation.
ERROR in osqp_update_data_vec: Problem data validation.
ERROR in osqp_update_data_vec: Problem data validation.
ERROR in osqp_update_data_vec: Problem data validation.
ERROR in osqp_update_data_vec: Problem data validation.
ERROR in osqp_update_data_vec: Problem data validation.
ERROR in osqp_update_data_vec: Problem data validation.
ERROR in osqp_update_data_vec: Problem data validation.
ERROR in osqp_update_data_vec: Problem data validation.
ERROR in osqp_update_data_vec: Problem data validation.
ERROR in osqp_update_data_vec: Problem data validation.
ERROR in osqp_update_data_vec: Problem data validation.
ERROR in osqp_update_data_vec: Problem data validation.
ERROR in osqp_update_data_vec: Problem data validation.
ERROR in osqp_update_data_vec: Problem data validation.
ERROR in osqp_update_data_vec: Problem data validation.
ERROR in osqp_update_data_vec: Problem data validation.
ERROR in osqp_update_data_vec: Problem data validation.
ERROR in osqp_update_data_vec: Problem data validation.
ERROR in osqp_update_data_vec: Problem data validation.
ERROR in osqp_update_data_vec: Problem data validation.
ERROR in osqp_update_data_vec: Problem data validation.
ERROR in osqp_update_data_vec: Problem data validation.
ERROR in osqp_update_data_vec: Problem data validation.
ERROR in osqp_update_data_vec: Problem data validation.
ERROR in osqp_update_data_vec: Problem data validation.
ERROR in osqp_update_data_vec: Problem data validation.
ERROR in osqp_update_data_vec: Problem data validation.
ERROR in osqp_update_data_vec: Problem data validation.
ERROR in osqp_update_data_vec: Problem data validation.
ERROR in osqp_update_data_vec: Problem data validation.
ERROR in osqp_update_data_vec: Problem data validation.
ERROR in osqp_update_data_vec: Problem data validation.
ERROR in osqp_update_data_vec: Problem data validation.
ERROR in osqp_update_data_vec: Problem data validation.
ERROR in osqp_update_data_vec: Problem data validation.
ERROR in osqp_update_data_vec: Problem data validation.
ERROR in osqp_update_data_vec: Problem data validation.
ERROR in osqp_update_data_vec: Problem data validation.
ERROR in osqp_update_data_vec: Problem data validation.
ERROR in osqp_update_data_vec: Problem data validation.
ERROR in osqp_update_data_vec: Problem data validation.
ERROR in osqp_update_data_vec: Problem data validation.
ERROR in osqp_update_data_vec: Problem data validation.
ERROR in osqp_update_data_vec: Problem data validation.
ERROR in osqp_update_data_vec: Problem data validation.
ERROR in osqp_update_data_vec: Problem data validation.
ERROR in osqp_update_data_vec: Problem data validation.
ERROR in osqp_update_data_vec: Problem data validation.
ERROR in osqp_update_data_vec: Problem data validation.
ERROR in osqp_update_data_vec: Problem data validation.
ERROR in osqp_update_data_vec: Problem data validation.
ERROR in osqp_update_data_vec: Problem data validation.
ERROR in osqp_update_data_vec: Problem data validation.
ERROR in osqp_update_data_vec: Problem data validation.
ERROR in osqp_update_data_vec: Problem data validation.
ERROR in osqp_update_data_vec: Problem data validation.
ERROR in osqp_update_data_vec: Problem data validation.
ERROR in osqp_update_data_vec: Problem data validation.
ERROR in osqp_update_data_vec: Problem data validation.
ERROR in osqp_update_data_vec: Problem data validation.
ERROR in osqp_update_data_vec: Problem data validation.
ERROR in osqp_update_data_vec: Problem data validation.
ERROR in osqp_update_data_vec: Problem data validation.
ERROR in osqp_update_data_vec: Problem data validation.
ERROR in osqp_update_data_vec: Problem data validation.
ERROR in osqp_update_data_vec: Problem data validation.
ERROR in osqp_update_data_vec: Problem data validation.
ERROR in osqp_update_data_vec: Problem data validation.
ERROR in osqp_update_data_vec: Problem data validation.
ERROR in osqp_update_data_vec: Problem data validation.
ERROR in osqp_update_data_vec: Problem data validation.
ERROR in osqp_update_data_vec: Problem data validation.
ERROR in osqp_update_data_vec: Problem data validation.
ERROR in osqp_update_data_vec: Problem data validation.
ERROR in osqp_update_data_vec: Problem data validation.
ERROR in osqp_update_data_vec: Problem data validation.
ERROR in osqp_update_data_vec: Problem data validation.
ERROR in osqp_update_data_vec: Problem data validation.
ERROR in osqp_update_data_vec: Problem data validation.
ERROR in osqp_update_data_vec: Problem data validation.
ERROR in osqp_update_data_vec: Problem data validation.
ERROR in osqp_update_data_vec: Problem data validation.
ERROR in osqp_update_data_vec: Problem data validation.
ERROR in osqp_update_data_vec: Problem data validation.
ERROR in osqp_update_data_vec: Problem data validation.
ERROR in osqp_update_data_vec: Problem data validation.
ERROR in osqp_update_data_vec: Problem data validation.
ERROR in osqp_update_data_vec: Problem data validation.
ERROR in osqp_update_data_vec: Problem data validation.
ERROR in osqp_update_data_vec: Problem data validation.
ERROR in osqp_update_data_vec: Problem data validation.
ERROR in osqp_update_data_vec: Problem data validation.
ERROR in osqp_update_data_vec: Problem data validation.
ERROR in osqp_update_data_vec: Problem data validation.
ERROR in osqp_update_data_vec: Problem data validation.
ERROR in osqp_update_data_vec: Problem data validation.
ERROR in osqp_update_data_vec: Problem data validation.
ERROR in osqp_update_data_vec: Problem data validation.
ERROR in osqp_update_data_vec: Problem data validation.
ERROR in osqp_update_data_vec: Problem data validation.
ERROR in osqp_update_data_vec: Problem data validation.
ERROR in osqp_update_data_vec: Problem data validation.
ERROR in osqp_update_data_vec: Problem data validation.
ERROR in osqp_update_data_vec: Problem data validation.
ERROR in osqp_update_data_vec: Problem data validation.
ERROR in osqp_update_data_vec: Problem data validation.
ERROR in osqp_update_data_vec: Problem data validation.
ERROR in osqp_update_data_vec: Problem data validation.
ERROR in osqp_update_data_vec: Problem data validation.
ERROR in osqp_update_data_vec: Problem data validation.
ERROR in osqp_update_data_vec: Problem data validation.
ERROR in osqp_update_data_vec: Problem data validation.
ERROR in osqp_update_data_vec: Problem data validation.
ERROR in osqp_update_data_vec: Problem data validation.
ERROR in osqp_update_data_vec: Problem data validation.
ERROR in osqp_update_data_vec: Problem data validation.
ERROR in osqp_update_data_vec: Problem data validation.
ERROR in osqp_update_data_vec: Problem data validation.
ERROR in osqp_update_data_vec: Problem data validation.
ERROR in osqp_update_data_vec: Problem data validation.
ERROR in osqp_update_data_vec: Problem data validation.
ERROR in osqp_update_data_vec: Problem data validation.
ERROR in osqp_update_data_vec: Problem data validation.
ERROR in osqp_update_data_vec: Problem data validation.
ERROR in osqp_update_data_vec: Problem data validation.
ERROR in osqp_update_data_vec: Problem data validation.
ERROR in osqp_update_data_vec: Problem data validation.
ERROR in osqp_update_data_vec: Problem data validation.
ERROR in osqp_update_data_vec: Problem data validation.
ERROR in osqp_update_data_vec: Problem data validation.
ERROR in osqp_update_data_vec: Problem data validation.
ERROR in osqp_update_data_vec: Problem data validation.
ERROR in osqp_update_data_vec: Problem data validation.
ERROR in osqp_update_data_vec: Problem data validation.
ERROR in osqp_update_data_vec: Problem data validation.
ERROR in osqp_update_data_vec: Problem data validation.
ERROR in osqp_update_data_vec: Problem data validation.
ERROR in osqp_update_data_vec: Problem data validation.
ERROR in osqp_update_data_vec: Problem data validation.
ERROR in osqp_update_data_vec: Problem data validation.
ERROR in osqp_update_data_vec: Problem data validation.
ERROR in osqp_update_data_vec: Problem data validation.
ERROR in osqp_update_data_vec: Problem data validation.
ERROR in osqp_update_data_vec: Problem data validation.
ERROR in osqp_update_data_vec: Problem data validation.
ERROR in osqp_update_data_vec: Problem data validation.
ERROR in osqp_update_data_vec: Problem data validation.
ERROR in osqp_update_data_vec: Problem data validation.
ERROR in osqp_update_data_vec: Problem data validation.
ERROR in osqp_update_data_vec: Problem data validation.
ERROR in osqp_update_data_vec: Problem data validation.
ERROR in osqp_update_data_vec: Problem data validation.
ERROR in osqp_update_data_vec: Problem data validation.
ERROR in osqp_update_data_vec: Problem data validation.
ERROR in osqp_update_data_vec: Problem data validation.
ERROR in osqp_update_data_vec: Problem data validation.
ERROR in osqp_update_data_vec: Problem data validation.
ERROR in osqp_update_data_vec: Problem data validation.
ERROR in osqp_update_data_vec: Problem data validation.
ERROR in osqp_update_data_vec: Problem data validation.
ERROR in osqp_update_data_vec: Problem data validation.
ERROR in osqp_update_data_vec: Problem data validation.
ERROR in osqp_update_data_vec: Problem data validation.
ERROR in osqp_update_data_vec: Problem data validation.
ERROR in osqp_update_data_vec: Problem data validation.
ERROR in osqp_update_data_vec: Problem data validation.
ERROR in osqp_update_data_vec: Problem data validation.
ERROR in osqp_update_data_vec: Problem data validation.
ERROR in osqp_update_data_vec: Problem data validation.
ERROR in osqp_update_data_vec: Problem data validation.
ERROR in osqp_update_data_vec: Problem data validation.
ERROR in osqp_update_data_vec: Problem data validation.
ERROR in osqp_update_data_vec: Problem data validation.
ERROR in osqp_update_data_vec: Problem data validation.
ERROR in osqp_update_data_vec: Problem data validation.
ERROR in osqp_update_data_vec: Problem data validation.
ERROR in osqp_update_data_vec: Problem data validation.
ERROR in osqp_update_data_vec: Problem data validation.
ERROR in osqp_update_data_vec: Problem data validation.
ERROR in osqp_update_data_vec: Problem data validation.
ERROR in osqp_update_data_vec: Problem data validation.
ERROR in osqp_update_data_vec: Problem data validation.
ERROR in osqp_update_data_vec: Problem data validation.
ERROR in osqp_update_data_vec: Problem data validation.
ERROR in osqp_update_data_vec: Problem data validation.
ERROR in osqp_update_data_vec: Problem data validation.
ERROR in osqp_update_data_vec: Problem data validation.
ERROR in osqp_update_data_vec: Problem data validation.
ERROR in osqp_update_data_vec: Problem data validation.
ERROR in osqp_update_data_vec: Problem data validation.
ERROR in osqp_update_data_vec: Problem data validation.
ERROR in osqp_update_data_vec: Problem data validation.
ERROR in osqp_update_data_vec: Problem data validation.
ERROR in osqp_update_data_vec: Problem data validation.
ERROR in osqp_update_data_vec: Problem data validation.
ERROR in osqp_update_data_vec: Problem data validation.
ERROR in osqp_update_data_vec: Problem data validation.
ERROR in osqp_update_data_vec: Problem data validation.
ERROR in osqp_update_data_vec: Problem data validation.
ERROR in osqp_update_data_vec: Problem data validation.
ERROR in osqp_update_data_vec: Problem data validation.
ERROR in osqp_update_data_vec: Problem data validation.
ERROR in osqp_update_data_vec: Problem data validation.
ERROR in osqp_update_data_vec: Problem data validation.
Infeasible detected!!
ERROR in osqp_update_data_vec: Problem data validation.
ERROR in osqp_update_data_vec: Problem data validation.
ERROR in osqp_update_data_vec: Problem data validation.
ERROR in osqp_update_data_vec: Problem data validation.
ERROR in osqp_update_data_vec: Problem data validation.
ERROR in osqp_update_data_vec: Problem data validation.
ERROR in osqp_update_data_vec: Problem data validation.
ERROR in osqp_update_data_vec: Problem data validation.
ERROR in osqp_update_data_vec: Problem data validation.
ERROR in osqp_update_data_vec: Problem data validation.
ERROR in osqp_update_data_vec: Problem data validation.
ERROR in osqp_update_data_vec: Problem data validation.
ERROR in osqp_update_data_vec: Problem data validation.
ERROR in osqp_update_data_vec: Problem data validation.
ERROR in osqp_update_data_vec: Problem data validation.
ERROR in osqp_update_data_vec: Problem data validation.
ERROR in osqp_update_data_vec: Problem data validation.
ERROR in osqp_update_data_vec: Problem data validation.
ERROR in osqp_update_data_vec: Problem data validation.
Infeasible detected!!
ERROR in osqp_update_data_vec: Problem data validation.
ERROR in osqp_update_data_vec: Problem data validation.
ERROR in osqp_update_data_vec: Problem data validation.
ERROR in osqp_update_data_vec: Problem data validation.
ERROR in osqp_update_data_vec: Problem data validation.
ERROR in osqp_update_data_vec: Problem data validation.
ERROR in osqp_update_data_vec: Problem data validation.
ERROR in osqp_update_data_vec: Problem data validation.
ERROR in osqp_update_data_vec: Problem data validation.
ERROR in osqp_update_data_vec: Problem data validation.
ERROR in osqp_update_data_vec: Problem data validation.
ERROR in osqp_update_data_vec: Problem data validation.
ERROR in osqp_update_data_vec: Problem data validation.
ERROR in osqp_update_data_vec: Problem data validation.
ERROR in osqp_update_data_vec: Problem data validation.
[063/100] idx= 67 -> infeasible (raw=infeasible, compute_ms=8.63577119640555, intv=0.3718307714231089)
[064/100] idx= 63 -> success    (raw=success, compute_ms=7.751209746511949, intv=0.2501822277453322)
[065/100] idx= 64 -> collision  (raw=collision, compute_ms=7.782365323960925, intv=0.26993459638057277)
[066/100] idx= 62 -> success    (raw=success, compute_ms=8.244939289374228, intv=0.3343296767020236)
[067/100] idx= 66 -> success    (raw=success, compute_ms=7.757382968184979, intv=0.24672920176879742)
[068/100] idx= 68 -> success    (raw=success, compute_ms=7.78260879055608, intv=0.24740219641284558)
[069/100] idx= 69 -> infeasible (raw=infeasible, compute_ms=8.633115431693277, intv=0.40451053638414103)
[070/100] idx= 72 -> infeasible (raw=infeasible, compute_ms=12.615671448065717, intv=0.4355464133580892)
[071/100] idx= 70 -> success    (raw=success, compute_ms=8.189885390138738, intv=0.23266893427752194)
[072/100] idx= 71 -> success    (raw=success, compute_ms=8.209002912190375, intv=0.311774909215782)
ERROR in osqp_update_data_vec: Problem data validation.
ERROR in osqp_update_data_vec: Problem data validation.
ERROR in osqp_update_data_vec: Problem data validation.
ERROR in osqp_update_data_vec: Problem data validation.
ERROR in osqp_update_data_vec: Problem data validation.
ERROR in osqp_update_data_vec: Problem data validation.
ERROR in osqp_update_data_vec: Problem data validation.
ERROR in osqp_update_data_vec: Problem data validation.
ERROR in osqp_update_data_vec: Problem data validation.
ERROR in osqp_update_data_vec: Problem data validation.
ERROR in osqp_update_data_vec: Problem data validation.
ERROR in osqp_update_data_vec: Problem data validation.
ERROR in osqp_update_data_vec: Problem data validation.
ERROR in osqp_update_data_vec: Problem data validation.
ERROR in osqp_update_data_vec: Problem data validation.
ERROR in osqp_update_data_vec: Problem data validation.
ERROR in osqp_update_data_vec: Problem data validation.
ERROR in osqp_update_data_vec: Problem data validation.
ERROR in osqp_update_data_vec: Problem data validation.
ERROR in osqp_update_data_vec: Problem data validation.
ERROR in osqp_update_data_vec: Problem data validation.
ERROR in osqp_update_data_vec: Problem data validation.
ERROR in osqp_update_data_vec: Problem data validation.
ERROR in osqp_update_data_vec: Problem data validation.
ERROR in osqp_update_data_vec: Problem data validation.
ERROR in osqp_update_data_vec: Problem data validation.
ERROR in osqp_update_data_vec: Problem data validation.
ERROR in osqp_update_data_vec: Problem data validation.
ERROR in osqp_update_data_vec: Problem data validation.
ERROR in osqp_update_data_vec: Problem data validation.
ERROR in osqp_update_data_vec: Problem data validation.
ERROR in osqp_update_data_vec: Problem data validation.
ERROR in osqp_update_data_vec: Problem data validation.
ERROR in osqp_update_data_vec: Problem data validation.
ERROR in osqp_update_data_vec: Problem data validation.
ERROR in osqp_update_data_vec: Problem data validation.
ERROR in osqp_update_data_vec: Problem data validation.
ERROR in osqp_update_data_vec: Problem data validation.
ERROR in osqp_update_data_vec: Problem data validation.
ERROR in osqp_update_data_vec: Problem data validation.
ERROR in osqp_update_data_vec: Problem data validation.
ERROR in osqp_update_data_vec: Problem data validation.
ERROR in osqp_update_data_vec: Problem data validation.
ERROR in osqp_update_data_vec: Problem data validation.
ERROR in osqp_update_data_vec: Problem data validation.
ERROR in osqp_update_data_vec: Problem data validation.
ERROR in osqp_update_data_vec: Problem data validation.
ERROR in osqp_update_data_vec: Problem data validation.
ERROR in osqp_update_data_vec: Problem data validation.
ERROR in osqp_update_data_vec: Problem data validation.
ERROR in osqp_update_data_vec: Problem data validation.
ERROR in osqp_update_data_vec: Problem data validation.
ERROR in osqp_update_data_vec: Problem data validation.
ERROR in osqp_update_data_vec: Problem data validation.
ERROR in osqp_update_data_vec: Problem data validation.
ERROR in osqp_update_data_vec: Problem data validation.
ERROR in osqp_update_data_vec: Problem data validation.
ERROR in osqp_update_data_vec: Problem data validation.
ERROR in osqp_update_data_vec: Problem data validation.
ERROR in osqp_update_data_vec: Problem data validation.
ERROR in osqp_update_data_vec: Problem data validation.
ERROR in osqp_update_data_vec: Problem data validation.
ERROR in osqp_update_data_vec: Problem data validation.
ERROR in osqp_update_data_vec: Problem data validation.
ERROR in osqp_update_data_vec: Problem data validation.
ERROR in osqp_update_data_vec: Problem data validation.
ERROR in osqp_update_data_vec: Problem data validation.
ERROR in osqp_update_data_vec: Problem data validation.
ERROR in osqp_update_data_vec: Problem data validation.
ERROR in osqp_update_data_vec: Problem data validation.
ERROR in osqp_update_data_vec: Problem data validation.
ERROR in osqp_update_data_vec: Problem data validation.
ERROR in osqp_update_data_vec: Problem data validation.
ERROR in osqp_update_data_vec: Problem data validation.
ERROR in osqp_update_data_vec: Problem data validation.
ERROR in osqp_update_data_vec: Problem data validation.
ERROR in osqp_update_data_vec: Problem data validation.
ERROR in osqp_update_data_vec: Problem data validation.
ERROR in osqp_update_data_vec: Problem data validation.
ERROR in osqp_update_data_vec: Problem data validation.
ERROR in osqp_update_data_vec: Problem data validation.
ERROR in osqp_update_data_vec: Problem data validation.
ERROR in osqp_update_data_vec: Problem data validation.
ERROR in osqp_update_data_vec: Problem data validation.
ERROR in osqp_update_data_vec: Problem data validation.
ERROR in osqp_update_data_vec: Problem data validation.
ERROR in osqp_update_data_vec: Problem data validation.
ERROR in osqp_update_data_vec: Problem data validation.
ERROR in osqp_update_data_vec: Problem data validation.
ERROR in osqp_update_data_vec: Problem data validation.
ERROR in osqp_update_data_vec: Problem data validation.
ERROR in osqp_update_data_vec: Problem data validation.
ERROR in osqp_update_data_vec: Problem data validation.
ERROR in osqp_update_data_vec: Problem data validation.
ERROR in osqp_update_data_vec: Problem data validation.
ERROR in osqp_update_data_vec: Problem data validation.
ERROR in osqp_update_data_vec: Problem data validation.
ERROR in osqp_update_data_vec: Problem data validation.
ERROR in osqp_update_data_vec: Problem data validation.
ERROR in osqp_update_data_vec: Problem data validation.
ERROR in osqp_update_data_vec: Problem data validation.
ERROR in osqp_update_data_vec: Problem data validation.
ERROR in osqp_update_data_vec: Problem data validation.
ERROR in osqp_update_data_vec: Problem data validation.
ERROR in osqp_update_data_vec: Problem data validation.
ERROR in osqp_update_data_vec: Problem data validation.
ERROR in osqp_update_data_vec: Problem data validation.
ERROR in osqp_update_data_vec: Problem data validation.
ERROR in osqp_update_data_vec: Problem data validation.
ERROR in osqp_update_data_vec: Problem data validation.
ERROR in osqp_update_data_vec: Problem data validation.
ERROR in osqp_update_data_vec: Problem data validation.
ERROR in osqp_update_data_vec: Problem data validation.
ERROR in osqp_update_data_vec: Problem data validation.
ERROR in osqp_update_data_vec: Problem data validation.
ERROR in osqp_update_data_vec: Problem data validation.
ERROR in osqp_update_data_vec: Problem data validation.
ERROR in osqp_update_data_vec: Problem data validation.
ERROR in osqp_update_data_vec: Problem data validation.
ERROR in osqp_update_data_vec: Problem data validation.
ERROR in osqp_update_data_vec: Problem data validation.
ERROR in osqp_update_data_vec: Problem data validation.
ERROR in osqp_update_data_vec: Problem data validation.
ERROR in osqp_update_data_vec: Problem data validation.
ERROR in osqp_update_data_vec: Problem data validation.
ERROR in osqp_update_data_vec: Problem data validation.
ERROR in osqp_update_data_vec: Problem data validation.
ERROR in osqp_update_data_vec: Problem data validation.
ERROR in osqp_update_data_vec: Problem data validation.
ERROR in osqp_update_data_vec: Problem data validation.
ERROR in osqp_update_data_vec: Problem data validation.
ERROR in osqp_update_data_vec: Problem data validation.
ERROR in osqp_update_data_vec: Problem data validation.
ERROR in osqp_update_data_vec: Problem data validation.
ERROR in osqp_update_data_vec: Problem data validation.
ERROR in osqp_update_data_vec: Problem data validation.
ERROR in osqp_update_data_vec: Problem data validation.
ERROR in osqp_update_data_vec: Problem data validation.
ERROR in osqp_update_data_vec: Problem data validation.
ERROR in osqp_update_data_vec: Problem data validation.
ERROR in osqp_update_data_vec: Problem data validation.
ERROR in osqp_update_data_vec: Problem data validation.
ERROR in osqp_update_data_vec: Problem data validation.
ERROR in osqp_update_data_vec: Problem data validation.
ERROR in osqp_update_data_vec: Problem data validation.
ERROR in osqp_update_data_vec: Problem data validation.
[073/100] idx= 73 -> success    (raw=success, compute_ms=7.643265676724493, intv=0.2524090670104014)
[074/100] idx= 76 -> success    (raw=success, compute_ms=7.214781414557855, intv=0.2054266916785247)
ERROR in osqp_update_data_vec: Problem data validation.
ERROR in osqp_update_data_vec: Problem data validation.
ERROR in osqp_update_data_vec: Problem data validation.
ERROR in osqp_update_data_vec: Problem data validation.
ERROR in osqp_update_data_vec: Problem data validation.
ERROR in osqp_update_data_vec: Problem data validation.
ERROR in osqp_update_data_vec: Problem data validation.
ERROR in osqp_update_data_vec: Problem data validation.
ERROR in osqp_update_data_vec: Problem data validation.
Collision with known obstacle detected! Obs: [20.42964263 10.6589369   0.38985957 -0.06210002  0.659674   -2.
 32.          1.        ], Robot: [20.57827635 11.27885227] 0.25, Distance: 0.6374849400119638, True
Collision detected !!
ERROR in osqp_update_data_vec: Problem data validation.
ERROR in osqp_update_data_vec: Problem data validation.
ERROR in osqp_update_data_vec: Problem data validation.
ERROR in osqp_update_data_vec: Problem data validation.
ERROR in osqp_update_data_vec: Problem data validation.
ERROR in osqp_update_data_vec: Problem data validation.
ERROR in osqp_update_data_vec: Problem data validation.
ERROR in osqp_update_data_vec: Problem data validation.
ERROR in osqp_update_data_vec: Problem data validation.
ERROR in osqp_update_data_vec: Problem data validation.
ERROR in osqp_update_data_vec: Problem data validation.
ERROR in osqp_update_data_vec: Problem data validation.
ERROR in osqp_update_data_vec: Problem data validation.
ERROR in osqp_update_data_vec: Problem data validation.
ERROR in osqp_update_data_vec: Problem data validation.
ERROR in osqp_update_data_vec: Problem data validation.
ERROR in osqp_update_data_vec: Problem data validation.
ERROR in osqp_update_data_vec: Problem data validation.
ERROR in osqp_update_data_vec: Problem data validation.
ERROR in osqp_update_data_vec: Problem data validation.
ERROR in osqp_update_data_vec: Problem data validation.
ERROR in osqp_update_data_vec: Problem data validation.
ERROR in osqp_update_data_vec: Problem data validation.
ERROR in osqp_update_data_vec: Problem data validation.
ERROR in osqp_update_data_vec: Problem data validation.
ERROR in osqp_update_data_vec: Problem data validation.
ERROR in osqp_update_data_vec: Problem data validation.
Infeasible detected!!
ERROR in osqp_update_data_vec: Problem data validation.
ERROR in osqp_update_data_vec: Problem data validation.
ERROR in osqp_update_data_vec: Problem data validation.
ERROR in osqp_update_data_vec: Problem data validation.
ERROR in osqp_update_data_vec: Problem data validation.
ERROR in osqp_update_data_vec: Problem data validation.
ERROR in osqp_update_data_vec: Problem data validation.
ERROR in osqp_update_data_vec: Problem data validation.
ERROR in osqp_update_data_vec: Problem data validation.
ERROR in osqp_update_data_vec: Problem data validation.
ERROR in osqp_update_data_vec: Problem data validation.
ERROR in osqp_update_data_vec: Problem data validation.
ERROR in osqp_update_data_vec: Problem data validation.
ERROR in osqp_update_data_vec: Problem data validation.
ERROR in osqp_update_data_vec: Problem data validation.
ERROR in osqp_update_data_vec: Problem data validation.
ERROR in osqp_update_data_vec: Problem data validation.
ERROR in osqp_update_data_vec: Problem data validation.
ERROR in osqp_update_data_vec: Problem data validation.
ERROR in osqp_update_data_vec: Problem data validation.
ERROR in osqp_update_data_vec: Problem data validation.
ERROR in osqp_update_data_vec: Problem data validation.
ERROR in osqp_update_data_vec: Problem data validation.
ERROR in osqp_update_data_vec: Problem data validation.
ERROR in osqp_update_data_vec: Problem data validation.
ERROR in osqp_update_data_vec: Problem data validation.
ERROR in osqp_update_data_vec: Problem data validation.
ERROR in osqp_update_data_vec: Problem data validation.
ERROR in osqp_update_data_vec: Problem data validation.
ERROR in osqp_update_data_vec: Problem data validation.
ERROR in osqp_update_data_vec: Problem data validation.
ERROR in osqp_update_data_vec: Problem data validation.
ERROR in osqp_update_data_vec: Problem data validation.
ERROR in osqp_update_data_vec: Problem data validation.
ERROR in osqp_update_data_vec: Problem data validation.
ERROR in osqp_update_data_vec: Problem data validation.
ERROR in osqp_update_data_vec: Problem data validation.
ERROR in osqp_update_data_vec: Problem data validation.
ERROR in osqp_update_data_vec: Problem data validation.
ERROR in osqp_update_data_vec: Problem data validation.
ERROR in osqp_update_data_vec: Problem data validation.
ERROR in osqp_update_data_vec: Problem data validation.
ERROR in osqp_update_data_vec: Problem data validation.
ERROR in osqp_update_data_vec: Problem data validation.
ERROR in osqp_update_data_vec: Problem data validation.
ERROR in osqp_update_data_vec: Problem data validation.
ERROR in osqp_update_data_vec: Problem data validation.
ERROR in osqp_update_data_vec: Problem data validation.
ERROR in osqp_update_data_vec: Problem data validation.
ERROR in osqp_update_data_vec: Problem data validation.
ERROR in osqp_update_data_vec: Problem data validation.
ERROR in osqp_update_data_vec: Problem data validation.
ERROR in osqp_update_data_vec: Problem data validation.
ERROR in osqp_update_data_vec: Problem data validation.
ERROR in osqp_update_data_vec: Problem data validation.
ERROR in osqp_update_data_vec: Problem data validation.
ERROR in osqp_update_data_vec: Problem data validation.
ERROR in osqp_update_data_vec: Problem data validation.
ERROR in osqp_update_data_vec: Problem data validation.
ERROR in osqp_update_data_vec: Problem data validation.
ERROR in osqp_update_data_vec: Problem data validation.
ERROR in osqp_update_data_vec: Problem data validation.
ERROR in osqp_update_data_vec: Problem data validation.
ERROR in osqp_update_data_vec: Problem data validation.
ERROR in osqp_update_data_vec: Problem data validation.
Collision with known obstacle detected! Obs: [ 2.83233467e+01  2.20083518e+00  3.29790593e-01 -4.89326096e-01
  3.06187447e-02 -2.00000000e+00  3.20000000e+01  1.00000000e+00], Robot: [27.76768245  2.03895131] 0.25, Distance: 0.5787651801471824, True
Collision detected !!
ERROR in osqp_update_data_vec: Problem data validation.
ERROR in osqp_update_data_vec: Problem data validation.
ERROR in osqp_update_data_vec: Problem data validation.
ERROR in osqp_update_data_vec: Problem data validation.
ERROR in osqp_update_data_vec: Problem data validation.
ERROR in osqp_update_data_vec: Problem data validation.
ERROR in osqp_update_data_vec: Problem data validation.
ERROR in osqp_update_data_vec: Problem data validation.
ERROR in osqp_update_data_vec: Problem data validation.
ERROR in osqp_update_data_vec: Problem data validation.
ERROR in osqp_update_data_vec: Problem data validation.
ERROR in osqp_update_data_vec: Problem data validation.
ERROR in osqp_update_data_vec: Problem data validation.
ERROR in osqp_update_data_vec: Problem data validation.
ERROR in osqp_update_data_vec: Problem data validation.
ERROR in osqp_update_data_vec: Problem data validation.
ERROR in osqp_update_data_vec: Problem data validation.
ERROR in osqp_update_data_vec: Problem data validation.
ERROR in osqp_update_data_vec: Problem data validation.
ERROR in osqp_update_data_vec: Problem data validation.
ERROR in osqp_update_data_vec: Problem data validation.
ERROR in osqp_update_data_vec: Problem data validation.
ERROR in osqp_update_data_vec: Problem data validation.
ERROR in osqp_update_data_vec: Problem data validation.
ERROR in osqp_update_data_vec: Problem data validation.
ERROR in osqp_update_data_vec: Problem data validation.
ERROR in osqp_update_data_vec: Problem data validation.
ERROR in osqp_update_data_vec: Problem data validation.
ERROR in osqp_update_data_vec: Problem data validation.
ERROR in osqp_update_data_vec: Problem data validation.
ERROR in osqp_update_data_vec: Problem data validation.
ERROR in osqp_update_data_vec: Problem data validation.
ERROR in osqp_update_data_vec: Problem data validation.
ERROR in osqp_update_data_vec: Problem data validation.
ERROR in osqp_update_data_vec: Problem data validation.
[075/100] idx= 75 -> success    (raw=success, compute_ms=8.135384737258358, intv=0.2938281935030055)
[076/100] idx= 74 -> success    (raw=success, compute_ms=8.287655470616441, intv=0.37249917406621713)
ERROR in osqp_update_data_vec: Problem data validation.
ERROR in osqp_update_data_vec: Problem data validation.
ERROR in osqp_update_data_vec: Problem data validation.
ERROR in osqp_update_data_vec: Problem data validation.
ERROR in osqp_update_data_vec: Problem data validation.
ERROR in osqp_update_data_vec: Problem data validation.
ERROR in osqp_update_data_vec: Problem data validation.
ERROR in osqp_update_data_vec: Problem data validation.
ERROR in osqp_update_data_vec: Problem data validation.
ERROR in osqp_update_data_vec: Problem data validation.
ERROR in osqp_update_data_vec: Problem data validation.
ERROR in osqp_update_data_vec: Problem data validation.
ERROR in osqp_update_data_vec: Problem data validation.
ERROR in osqp_update_data_vec: Problem data validation.
ERROR in osqp_update_data_vec: Problem data validation.
ERROR in osqp_update_data_vec: Problem data validation.
ERROR in osqp_update_data_vec: Problem data validation.
ERROR in osqp_update_data_vec: Problem data validation.
ERROR in osqp_update_data_vec: Problem data validation.
ERROR in osqp_update_data_vec: Problem data validation.
ERROR in osqp_update_data_vec: Problem data validation.
ERROR in osqp_update_data_vec: Problem data validation.
ERROR in osqp_update_data_vec: Problem data validation.
ERROR in osqp_update_data_vec: Problem data validation.
ERROR in osqp_update_data_vec: Problem data validation.
ERROR in osqp_update_data_vec: Problem data validation.
ERROR in osqp_update_data_vec: Problem data validation.
ERROR in osqp_update_data_vec: Problem data validation.
ERROR in osqp_update_data_vec: Problem data validation.
ERROR in osqp_update_data_vec: Problem data validation.
Infeasible detected!!
Infeasible detected!!
ERROR in osqp_update_data_vec: Problem data validation.
ERROR in osqp_update_data_vec: Problem data validation.
ERROR in osqp_update_data_vec: Problem data validation.
ERROR in osqp_update_data_vec: Problem data validation.
ERROR in osqp_update_data_vec: Problem data validation.
ERROR in osqp_update_data_vec: Problem data validation.
ERROR in osqp_update_data_vec: Problem data validation.
ERROR in osqp_update_data_vec: Problem data validation.
ERROR in osqp_update_data_vec: Problem data validation.
ERROR in osqp_update_data_vec: Problem data validation.
ERROR in osqp_update_data_vec: Problem data validation.
ERROR in osqp_update_data_vec: Problem data validation.
ERROR in osqp_update_data_vec: Problem data validation.
ERROR in osqp_update_data_vec: Problem data validation.
ERROR in osqp_update_data_vec: Problem data validation.
ERROR in osqp_update_data_vec: Problem data validation.
ERROR in osqp_update_data_vec: Problem data validation.
ERROR in osqp_update_data_vec: Problem data validation.
ERROR in osqp_update_data_vec: Problem data validation.
ERROR in osqp_update_data_vec: Problem data validation.
ERROR in osqp_update_data_vec: Problem data validation.
ERROR in osqp_update_data_vec: Problem data validation.
ERROR in osqp_update_data_vec: Problem data validation.
ERROR in osqp_update_data_vec: Problem data validation.
ERROR in osqp_update_data_vec: Problem data validation.
ERROR in osqp_update_data_vec: Problem data validation.
ERROR in osqp_update_data_vec: Problem data validation.
ERROR in osqp_update_data_vec: Problem data validation.
ERROR in osqp_update_data_vec: Problem data validation.
ERROR in osqp_update_data_vec: Problem data validation.
ERROR in osqp_update_data_vec: Problem data validation.
ERROR in osqp_update_data_vec: Problem data validation.
ERROR in osqp_update_data_vec: Problem data validation.
ERROR in osqp_update_data_vec: Problem data validation.
ERROR in osqp_update_data_vec: Problem data validation.
ERROR in osqp_update_data_vec: Problem data validation.
ERROR in osqp_update_data_vec: Problem data validation.
ERROR in osqp_update_data_vec: Problem data validation.
ERROR in osqp_update_data_vec: Problem data validation.
ERROR in osqp_update_data_vec: Problem data validation.
ERROR in osqp_update_data_vec: Problem data validation.
ERROR in osqp_update_data_vec: Problem data validation.
ERROR in osqp_update_data_vec: Problem data validation.
ERROR in osqp_update_data_vec: Problem data validation.
ERROR in osqp_update_data_vec: Problem data validation.
ERROR in osqp_update_data_vec: Problem data validation.
ERROR in osqp_update_data_vec: Problem data validation.
ERROR in osqp_update_data_vec: Problem data validation.
ERROR in osqp_update_data_vec: Problem data validation.
ERROR in osqp_update_data_vec: Problem data validation.
ERROR in osqp_update_data_vec: Problem data validation.
ERROR in osqp_update_data_vec: Problem data validation.
ERROR in osqp_update_data_vec: Problem data validation.
ERROR in osqp_update_data_vec: Problem data validation.
ERROR in osqp_update_data_vec: Problem data validation.
ERROR in osqp_update_data_vec: Problem data validation.
ERROR in osqp_update_data_vec: Problem data validation.
ERROR in osqp_update_data_vec: Problem data validation.
ERROR in osqp_update_data_vec: Problem data validation.
ERROR in osqp_update_data_vec: Problem data validation.
ERROR in osqp_update_data_vec: Problem data validation.
ERROR in osqp_update_data_vec: Problem data validation.
ERROR in osqp_update_data_vec: Problem data validation.
ERROR in osqp_update_data_vec: Problem data validation.
ERROR in osqp_update_data_vec: Problem data validation.
ERROR in osqp_update_data_vec: Problem data validation.
ERROR in osqp_update_data_vec: Problem data validation.
ERROR in osqp_update_data_vec: Problem data validation.
ERROR in osqp_update_data_vec: Problem data validation.
ERROR in osqp_update_data_vec: Problem data validation.
ERROR in osqp_update_data_vec: Problem data validation.
ERROR in osqp_update_data_vec: Problem data validation.
ERROR in osqp_update_data_vec: Problem data validation.
ERROR in osqp_update_data_vec: Problem data validation.
ERROR in osqp_update_data_vec: Problem data validation.
ERROR in osqp_update_data_vec: Problem data validation.
ERROR in osqp_update_data_vec: Problem data validation.
ERROR in osqp_update_data_vec: Problem data validation.
ERROR in osqp_update_data_vec: Problem data validation.
Infeasible detected!!
ERROR in osqp_update_data_vec: Problem data validation.
ERROR in osqp_update_data_vec: Problem data validation.
ERROR in osqp_update_data_vec: Problem data validation.
ERROR in osqp_update_data_vec: Problem data validation.
ERROR in osqp_update_data_vec: Problem data validation.
ERROR in osqp_update_data_vec: Problem data validation.
ERROR in osqp_update_data_vec: Problem data validation.
ERROR in osqp_update_data_vec: Problem data validation.
ERROR in osqp_update_data_vec: Problem data validation.
ERROR in osqp_update_data_vec: Problem data validation.
ERROR in osqp_update_data_vec: Problem data validation.
ERROR in osqp_update_data_vec: Problem data validation.
ERROR in osqp_update_data_vec: Problem data validation.
ERROR in osqp_update_data_vec: Problem data validation.
ERROR in osqp_update_data_vec: Problem data validation.
Infeasible detected!!
ERROR in osqp_update_data_vec: Problem data validation.
ERROR in osqp_update_data_vec: Problem data validation.
ERROR in osqp_update_data_vec: Problem data validation.
ERROR in osqp_update_data_vec: Problem data validation.
ERROR in osqp_update_data_vec: Problem data validation.
ERROR in osqp_update_data_vec: Problem data validation.
ERROR in osqp_update_data_vec: Problem data validation.
ERROR in osqp_update_data_vec: Problem data validation.
ERROR in osqp_update_data_vec: Problem data validation.
ERROR in osqp_update_data_vec: Problem data validation.
ERROR in osqp_update_data_vec: Problem data validation.
ERROR in osqp_update_data_vec: Problem data validation.
ERROR in osqp_update_data_vec: Problem data validation.
ERROR in osqp_update_data_vec: Problem data validation.
ERROR in osqp_update_data_vec: Problem data validation.
ERROR in osqp_update_data_vec: Problem data validation.
ERROR in osqp_update_data_vec: Problem data validation.
ERROR in osqp_update_data_vec: Problem data validation.
ERROR in osqp_update_data_vec: Problem data validation.
ERROR in osqp_update_data_vec: Problem data validation.
[077/100] idx= 77 -> success    (raw=success, compute_ms=7.836086180876686, intv=0.24298068725171595)
[078/100] idx= 81 -> infeasible (raw=infeasible, compute_ms=13.157887275543846, intv=1.1017308403987758)
[079/100] idx= 78 -> success    (raw=success, compute_ms=7.697088221193824, intv=0.36562659421465926)
ERROR in osqp_update_data_vec: Problem data validation.
ERROR in osqp_update_data_vec: Problem data validation.
ERROR in osqp_update_data_vec: Problem data validation.
ERROR in osqp_update_data_vec: Problem data validation.
ERROR in osqp_update_data_vec: Problem data validation.
ERROR in osqp_update_data_vec: Problem data validation.
ERROR in osqp_update_data_vec: Problem data validation.
ERROR in osqp_update_data_vec: Problem data validation.
ERROR in osqp_update_data_vec: Problem data validation.
ERROR in osqp_update_data_vec: Problem data validation.
ERROR in osqp_update_data_vec: Problem data validation.
ERROR in osqp_update_data_vec: Problem data validation.
ERROR in osqp_update_data_vec: Problem data validation.
ERROR in osqp_update_data_vec: Problem data validation.
ERROR in osqp_update_data_vec: Problem data validation.
ERROR in osqp_update_data_vec: Problem data validation.
ERROR in osqp_update_data_vec: Problem data validation.
ERROR in osqp_update_data_vec: Problem data validation.
ERROR in osqp_update_data_vec: Problem data validation.
ERROR in osqp_update_data_vec: Problem data validation.
ERROR in osqp_update_data_vec: Problem data validation.
ERROR in osqp_update_data_vec: Problem data validation.
ERROR in osqp_update_data_vec: Problem data validation.
ERROR in osqp_update_data_vec: Problem data validation.
ERROR in osqp_update_data_vec: Problem data validation.
ERROR in osqp_update_data_vec: Problem data validation.
ERROR in osqp_update_data_vec: Problem data validation.
ERROR in osqp_update_data_vec: Problem data validation.
ERROR in osqp_update_data_vec: Problem data validation.
ERROR in osqp_update_data_vec: Problem data validation.
ERROR in osqp_update_data_vec: Problem data validation.
ERROR in osqp_update_data_vec: Problem data validation.
ERROR in osqp_update_data_vec: Problem data validation.
ERROR in osqp_update_data_vec: Problem data validation.
ERROR in osqp_update_data_vec: Problem data validation.
ERROR in osqp_update_data_vec: Problem data validation.
ERROR in osqp_update_data_vec: Problem data validation.
ERROR in osqp_update_data_vec: Problem data validation.
ERROR in osqp_update_data_vec: Problem data validation.
ERROR in osqp_update_data_vec: Problem data validation.
ERROR in osqp_update_data_vec: Problem data validation.
ERROR in osqp_update_data_vec: Problem data validation.
ERROR in osqp_update_data_vec: Problem data validation.
ERROR in osqp_update_data_vec: Problem data validation.
ERROR in osqp_update_data_vec: Problem data validation.
ERROR in osqp_update_data_vec: Problem data validation.
ERROR in osqp_update_data_vec: Problem data validation.
ERROR in osqp_update_data_vec: Problem data validation.
ERROR in osqp_update_data_vec: Problem data validation.
ERROR in osqp_update_data_vec: Problem data validation.
ERROR in osqp_update_data_vec: Problem data validation.
ERROR in osqp_update_data_vec: Problem data validation.
ERROR in osqp_update_data_vec: Problem data validation.
ERROR in osqp_update_data_vec: Problem data validation.
ERROR in osqp_update_data_vec: Problem data validation.
ERROR in osqp_update_data_vec: Problem data validation.
ERROR in osqp_update_data_vec: Problem data validation.
ERROR in osqp_update_data_vec: Problem data validation.
ERROR in osqp_update_data_vec: Problem data validation.
ERROR in osqp_update_data_vec: Problem data validation.
ERROR in osqp_update_data_vec: Problem data validation.
ERROR in osqp_update_data_vec: Problem data validation.
ERROR in osqp_update_data_vec: Problem data validation.
ERROR in osqp_update_data_vec: Problem data validation.
ERROR in osqp_update_data_vec: Problem data validation.
ERROR in osqp_update_data_vec: Problem data validation.
ERROR in osqp_update_data_vec: Problem data validation.
ERROR in osqp_update_data_vec: Problem data validation.
ERROR in osqp_update_data_vec: Problem data validation.
ERROR in osqp_update_data_vec: Problem data validation.
ERROR in osqp_update_data_vec: Problem data validation.
ERROR in osqp_update_data_vec: Problem data validation.
ERROR in osqp_update_data_vec: Problem data validation.
ERROR in osqp_update_data_vec: Problem data validation.
ERROR in osqp_update_data_vec: Problem data validation.
ERROR in osqp_update_data_vec: Problem data validation.
ERROR in osqp_update_data_vec: Problem data validation.
ERROR in osqp_update_data_vec: Problem data validation.
ERROR in osqp_update_data_vec: Problem data validation.
ERROR in osqp_update_data_vec: Problem data validation.
ERROR in osqp_update_data_vec: Problem data validation.
ERROR in osqp_update_data_vec: Problem data validation.
ERROR in osqp_update_data_vec: Problem data validation.
ERROR in osqp_update_data_vec: Problem data validation.
ERROR in osqp_update_data_vec: Problem data validation.
ERROR in osqp_update_data_vec: Problem data validation.
ERROR in osqp_update_data_vec: Problem data validation.
ERROR in osqp_update_data_vec: Problem data validation.
ERROR in osqp_update_data_vec: Problem data validation.
ERROR in osqp_update_data_vec: Problem data validation.
ERROR in osqp_update_data_vec: Problem data validation.
ERROR in osqp_update_data_vec: Problem data validation.
ERROR in osqp_update_data_vec: Problem data validation.
ERROR in osqp_update_data_vec: Problem data validation.
ERROR in osqp_update_data_vec: Problem data validation.
ERROR in osqp_update_data_vec: Problem data validation.
ERROR in osqp_update_data_vec: Problem data validation.
ERROR in osqp_update_data_vec: Problem data validation.
ERROR in osqp_update_data_vec: Problem data validation.
ERROR in osqp_update_data_vec: Problem data validation.
ERROR in osqp_update_data_vec: Problem data validation.
ERROR in osqp_update_data_vec: Problem data validation.
ERROR in osqp_update_data_vec: Problem data validation.
ERROR in osqp_update_data_vec: Problem data validation.
ERROR in osqp_update_data_vec: Problem data validation.
ERROR in osqp_update_data_vec: Problem data validation.
ERROR in osqp_update_data_vec: Problem data validation.
ERROR in osqp_update_data_vec: Problem data validation.
ERROR in osqp_update_data_vec: Problem data validation.
ERROR in osqp_update_data_vec: Problem data validation.
ERROR in osqp_update_data_vec: Problem data validation.
ERROR in osqp_update_data_vec: Problem data validation.
ERROR in osqp_update_data_vec: Problem data validation.
ERROR in osqp_update_data_vec: Problem data validation.
ERROR in osqp_update_data_vec: Problem data validation.
ERROR in osqp_update_data_vec: Problem data validation.
ERROR in osqp_update_data_vec: Problem data validation.
ERROR in osqp_update_data_vec: Problem data validation.
ERROR in osqp_update_data_vec: Problem data validation.
ERROR in osqp_update_data_vec: Problem data validation.
ERROR in osqp_update_data_vec: Problem data validation.
ERROR in osqp_update_data_vec: Problem data validation.
ERROR in osqp_update_data_vec: Problem data validation.
ERROR in osqp_update_data_vec: Problem data validation.
ERROR in osqp_update_data_vec: Problem data validation.
ERROR in osqp_update_data_vec: Problem data validation.
ERROR in osqp_update_data_vec: Problem data validation.
ERROR in osqp_update_data_vec: Problem data validation.
ERROR in osqp_update_data_vec: Problem data validation.
ERROR in osqp_update_data_vec: Problem data validation.
ERROR in osqp_update_data_vec: Problem data validation.
ERROR in osqp_update_data_vec: Problem data validation.
ERROR in osqp_update_data_vec: Problem data validation.
ERROR in osqp_update_data_vec: Problem data validation.
ERROR in osqp_update_data_vec: Problem data validation.
ERROR in osqp_update_data_vec: Problem data validation.
ERROR in osqp_update_data_vec: Problem data validation.
ERROR in osqp_update_data_vec: Problem data validation.
ERROR in osqp_update_data_vec: Problem data validation.
ERROR in osqp_update_data_vec: Problem data validation.
ERROR in osqp_update_data_vec: Problem data validation.
ERROR in osqp_update_data_vec: Problem data validation.
ERROR in osqp_update_data_vec: Problem data validation.
ERROR in osqp_update_data_vec: Problem data validation.
ERROR in osqp_update_data_vec: Problem data validation.
ERROR in osqp_update_data_vec: Problem data validation.
[080/100] idx= 79 -> success    (raw=success, compute_ms=9.724786256430683, intv=0.29679738643775455)
[081/100] idx= 86 -> infeasible (raw=infeasible, compute_ms=7.290890559864541, intv=0.6211585435800927)
[082/100] idx= 80 -> success    (raw=success, compute_ms=8.760421425859986, intv=0.323986114407243)
[083/100] idx= 83 -> success    (raw=success, compute_ms=6.934621300710697, intv=0.16629720807625709)
[084/100] idx= 84 -> success    (raw=success, compute_ms=7.147713509487307, intv=0.18708137660286472)
[085/100] idx= 85 -> success    (raw=success, compute_ms=8.244364155211596, intv=0.21850582148589742)
[086/100] idx= 82 -> success    (raw=success, compute_ms=9.153388080862978, intv=0.4308396671293121)
[087/100] idx= 91 -> collision  (raw=collision, compute_ms=6.43666196798145, intv=0.644483759247558)
ERROR in osqp_update_data_vec: Problem data validation.
ERROR in osqp_update_data_vec: Problem data validation.
ERROR in osqp_update_data_vec: Problem data validation.
ERROR in osqp_update_data_vec: Problem data validation.
ERROR in osqp_update_data_vec: Problem data validation.
ERROR in osqp_update_data_vec: Problem data validation.
ERROR in osqp_update_data_vec: Problem data validation.
ERROR in osqp_update_data_vec: Problem data validation.
ERROR in osqp_update_data_vec: Problem data validation.
ERROR in osqp_update_data_vec: Problem data validation.
ERROR in osqp_update_data_vec: Problem data validation.
ERROR in osqp_update_data_vec: Problem data validation.
ERROR in osqp_update_data_vec: Problem data validation.
ERROR in osqp_update_data_vec: Problem data validation.
ERROR in osqp_update_data_vec: Problem data validation.
ERROR in osqp_update_data_vec: Problem data validation.
ERROR in osqp_update_data_vec: Problem data validation.
ERROR in osqp_update_data_vec: Problem data validation.
ERROR in osqp_update_data_vec: Problem data validation.
ERROR in osqp_update_data_vec: Problem data validation.
ERROR in osqp_update_data_vec: Problem data validation.
ERROR in osqp_update_data_vec: Problem data validation.
ERROR in osqp_update_data_vec: Problem data validation.
ERROR in osqp_update_data_vec: Problem data validation.
ERROR in osqp_update_data_vec: Problem data validation.
ERROR in osqp_update_data_vec: Problem data validation.
ERROR in osqp_update_data_vec: Problem data validation.
ERROR in osqp_update_data_vec: Problem data validation.
ERROR in osqp_update_data_vec: Problem data validation.
ERROR in osqp_update_data_vec: Problem data validation.
ERROR in osqp_update_data_vec: Problem data validation.
ERROR in osqp_update_data_vec: Problem data validation.
ERROR in osqp_update_data_vec: Problem data validation.
ERROR in osqp_update_data_vec: Problem data validation.
ERROR in osqp_update_data_vec: Problem data validation.
ERROR in osqp_update_data_vec: Problem data validation.
ERROR in osqp_update_data_vec: Problem data validation.
ERROR in osqp_update_data_vec: Problem data validation.
ERROR in osqp_update_data_vec: Problem data validation.
ERROR in osqp_update_data_vec: Problem data validation.
ERROR in osqp_update_data_vec: Problem data validation.
ERROR in osqp_update_data_vec: Problem data validation.
ERROR in osqp_update_data_vec: Problem data validation.
ERROR in osqp_update_data_vec: Problem data validation.
ERROR in osqp_update_data_vec: Problem data validation.
ERROR in osqp_update_data_vec: Problem data validation.
ERROR in osqp_update_data_vec: Problem data validation.
ERROR in osqp_update_data_vec: Problem data validation.
ERROR in osqp_update_data_vec: Problem data validation.
ERROR in osqp_update_data_vec: Problem data validation.
ERROR in osqp_update_data_vec: Problem data validation.
ERROR in osqp_update_data_vec: Problem data validation.
ERROR in osqp_update_data_vec: Problem data validation.
ERROR in osqp_update_data_vec: Problem data validation.
ERROR in osqp_update_data_vec: Problem data validation.
ERROR in osqp_update_data_vec: Problem data validation.
ERROR in osqp_update_data_vec: Problem data validation.
ERROR in osqp_update_data_vec: Problem data validation.
ERROR in osqp_update_data_vec: Problem data validation.
ERROR in osqp_update_data_vec: Problem data validation.
ERROR in osqp_update_data_vec: Problem data validation.
ERROR in osqp_update_data_vec: Problem data validation.
ERROR in osqp_update_data_vec: Problem data validation.
ERROR in osqp_update_data_vec: Problem data validation.
ERROR in osqp_update_data_vec: Problem data validation.
ERROR in osqp_update_data_vec: Problem data validation.
ERROR in osqp_update_data_vec: Problem data validation.
ERROR in osqp_update_data_vec: Problem data validation.
ERROR in osqp_update_data_vec: Problem data validation.
ERROR in osqp_update_data_vec: Problem data validation.
ERROR in osqp_update_data_vec: Problem data validation.
ERROR in osqp_update_data_vec: Problem data validation.
ERROR in osqp_update_data_vec: Problem data validation.
ERROR in osqp_update_data_vec: Problem data validation.
ERROR in osqp_update_data_vec: Problem data validation.
ERROR in osqp_update_data_vec: Problem data validation.
ERROR in osqp_update_data_vec: Problem data validation.
ERROR in osqp_update_data_vec: Problem data validation.
ERROR in osqp_update_data_vec: Problem data validation.
ERROR in osqp_update_data_vec: Problem data validation.
ERROR in osqp_update_data_vec: Problem data validation.
ERROR in osqp_update_data_vec: Problem data validation.
ERROR in osqp_update_data_vec: Problem data validation.
ERROR in osqp_update_data_vec: Problem data validation.
ERROR in osqp_update_data_vec: Problem data validation.
ERROR in osqp_update_data_vec: Problem data validation.
ERROR in osqp_update_data_vec: Problem data validation.
ERROR in osqp_update_data_vec: Problem data validation.
ERROR in osqp_update_data_vec: Problem data validation.
ERROR in osqp_update_data_vec: Problem data validation.
ERROR in osqp_update_data_vec: Problem data validation.
ERROR in osqp_update_data_vec: Problem data validation.
ERROR in osqp_update_data_vec: Problem data validation.
ERROR in osqp_update_data_vec: Problem data validation.
ERROR in osqp_update_data_vec: Problem data validation.
ERROR in osqp_update_data_vec: Problem data validation.
ERROR in osqp_update_data_vec: Problem data validation.
ERROR in osqp_update_data_vec: Problem data validation.
ERROR in osqp_update_data_vec: Problem data validation.
ERROR in osqp_update_data_vec: Problem data validation.
ERROR in osqp_update_data_vec: Problem data validation.
ERROR in osqp_update_data_vec: Problem data validation.
ERROR in osqp_update_data_vec: Problem data validation.
ERROR in osqp_update_data_vec: Problem data validation.
ERROR in osqp_update_data_vec: Problem data validation.
ERROR in osqp_update_data_vec: Problem data validation.
ERROR in osqp_update_data_vec: Problem data validation.
ERROR in osqp_update_data_vec: Problem data validation.
ERROR in osqp_update_data_vec: Problem data validation.
ERROR in osqp_update_data_vec: Problem data validation.
ERROR in osqp_update_data_vec: Problem data validation.
ERROR in osqp_update_data_vec: Problem data validation.
ERROR in osqp_update_data_vec: Problem data validation.
ERROR in osqp_update_data_vec: Problem data validation.
ERROR in osqp_update_data_vec: Problem data validation.
ERROR in osqp_update_data_vec: Problem data validation.
ERROR in osqp_update_data_vec: Problem data validation.
ERROR in osqp_update_data_vec: Problem data validation.
ERROR in osqp_update_data_vec: Problem data validation.
ERROR in osqp_update_data_vec: Problem data validation.
ERROR in osqp_update_data_vec: Problem data validation.
ERROR in osqp_update_data_vec: Problem data validation.
ERROR in osqp_update_data_vec: Problem data validation.
ERROR in osqp_update_data_vec: Problem data validation.
ERROR in osqp_update_data_vec: Problem data validation.
ERROR in osqp_update_data_vec: Problem data validation.
ERROR in osqp_update_data_vec: Problem data validation.
ERROR in osqp_update_data_vec: Problem data validation.
ERROR in osqp_update_data_vec: Problem data validation.
ERROR in osqp_update_data_vec: Problem data validation.
ERROR in osqp_update_data_vec: Problem data validation.
ERROR in osqp_update_data_vec: Problem data validation.
ERROR in osqp_update_data_vec: Problem data validation.
ERROR in osqp_update_data_vec: Problem data validation.
ERROR in osqp_update_data_vec: Problem data validation.
ERROR in osqp_update_data_vec: Problem data validation.
ERROR in osqp_update_data_vec: Problem data validation.
ERROR in osqp_update_data_vec: Problem data validation.
ERROR in osqp_update_data_vec: Problem data validation.
ERROR in osqp_update_data_vec: Problem data validation.
ERROR in osqp_update_data_vec: Problem data validation.
ERROR in osqp_update_data_vec: Problem data validation.
ERROR in osqp_update_data_vec: Problem data validation.
ERROR in osqp_update_data_vec: Problem data validation.
ERROR in osqp_update_data_vec: Problem data validation.
ERROR in osqp_update_data_vec: Problem data validation.
[088/100] idx= 93 -> infeasible (raw=infeasible, compute_ms=9.472819164511748, intv=0.45882717481168755)
[089/100] idx= 87 -> infeasible (raw=infeasible, compute_ms=8.240574950626915, intv=0.2566579560739158)
[090/100] idx= 88 -> infeasible (raw=infeasible, compute_ms=7.1264986845667355, intv=0.2619205391957693)
[091/100] idx= 89 -> success    (raw=success, compute_ms=7.158209138714671, intv=0.23099403401474639)
[092/100] idx= 90 -> success    (raw=success, compute_ms=9.045874440550469, intv=0.2134093400745248)
[093/100] idx= 96 -> infeasible (raw=infeasible, compute_ms=8.429510204232093, intv=0.5667673495384686)
ERROR in osqp_update_data_vec: Problem data validation.
ERROR in osqp_update_data_vec: Problem data validation.
ERROR in osqp_update_data_vec: Problem data validation.
ERROR in osqp_update_data_vec: Problem data validation.
ERROR in osqp_update_data_vec: Problem data validation.
ERROR in osqp_update_data_vec: Problem data validation.
ERROR in osqp_update_data_vec: Problem data validation.
ERROR in osqp_update_data_vec: Problem data validation.
Infeasible detected!!
ERROR in osqp_update_data_vec: Problem data validation.
ERROR in osqp_update_data_vec: Problem data validation.
ERROR in osqp_update_data_vec: Problem data validation.
ERROR in osqp_update_data_vec: Problem data validation.
ERROR in osqp_update_data_vec: Problem data validation.
ERROR in osqp_update_data_vec: Problem data validation.
ERROR in osqp_update_data_vec: Problem data validation.
ERROR in osqp_update_data_vec: Problem data validation.
ERROR in osqp_update_data_vec: Problem data validation.
ERROR in osqp_update_data_vec: Problem data validation.
ERROR in osqp_update_data_vec: Problem data validation.
ERROR in osqp_update_data_vec: Problem data validation.
ERROR in osqp_update_data_vec: Problem data validation.
ERROR in osqp_update_data_vec: Problem data validation.
ERROR in osqp_update_data_vec: Problem data validation.
ERROR in osqp_update_data_vec: Problem data validation.
ERROR in osqp_update_data_vec: Problem data validation.
ERROR in osqp_update_data_vec: Problem data validation.
ERROR in osqp_update_data_vec: Problem data validation.
ERROR in osqp_update_data_vec: Problem data validation.
ERROR in osqp_update_data_vec: Problem data validation.
ERROR in osqp_update_data_vec: Problem data validation.
ERROR in osqp_update_data_vec: Problem data validation.
ERROR in osqp_update_data_vec: Problem data validation.
ERROR in osqp_update_data_vec: Problem data validation.
ERROR in osqp_update_data_vec: Problem data validation.
ERROR in osqp_update_data_vec: Problem data validation.
ERROR in osqp_update_data_vec: Problem data validation.
ERROR in osqp_update_data_vec: Problem data validation.
ERROR in osqp_update_data_vec: Problem data validation.
ERROR in osqp_update_data_vec: Problem data validation.
ERROR in osqp_update_data_vec: Problem data validation.
ERROR in osqp_update_data_vec: Problem data validation.
ERROR in osqp_update_data_vec: Problem data validation.
ERROR in osqp_update_data_vec: Problem data validation.
ERROR in osqp_update_data_vec: Problem data validation.
ERROR in osqp_update_data_vec: Problem data validation.
ERROR in osqp_update_data_vec: Problem data validation.
ERROR in osqp_update_data_vec: Problem data validation.
ERROR in osqp_update_data_vec: Problem data validation.
ERROR in osqp_update_data_vec: Problem data validation.
ERROR in osqp_update_data_vec: Problem data validation.
ERROR in osqp_update_data_vec: Problem data validation.
ERROR in osqp_update_data_vec: Problem data validation.
ERROR in osqp_update_data_vec: Problem data validation.
ERROR in osqp_update_data_vec: Problem data validation.
ERROR in osqp_update_data_vec: Problem data validation.
ERROR in osqp_update_data_vec: Problem data validation.
ERROR in osqp_update_data_vec: Problem data validation.
ERROR in osqp_update_data_vec: Problem data validation.
ERROR in osqp_update_data_vec: Problem data validation.
ERROR in osqp_update_data_vec: Problem data validation.
ERROR in osqp_update_data_vec: Problem data validation.
ERROR in osqp_update_data_vec: Problem data validation.
ERROR in osqp_update_data_vec: Problem data validation.
ERROR in osqp_update_data_vec: Problem data validation.
ERROR in osqp_update_data_vec: Problem data validation.
ERROR in osqp_update_data_vec: Problem data validation.
ERROR in osqp_update_data_vec: Problem data validation.
ERROR in osqp_update_data_vec: Problem data validation.
ERROR in osqp_update_data_vec: Problem data validation.
ERROR in osqp_update_data_vec: Problem data validation.
ERROR in osqp_update_data_vec: Problem data validation.
ERROR in osqp_update_data_vec: Problem data validation.
ERROR in osqp_update_data_vec: Problem data validation.
ERROR in osqp_update_data_vec: Problem data validation.
ERROR in osqp_update_data_vec: Problem data validation.
ERROR in osqp_update_data_vec: Problem data validation.
ERROR in osqp_update_data_vec: Problem data validation.
ERROR in osqp_update_data_vec: Problem data validation.
ERROR in osqp_update_data_vec: Problem data validation.
ERROR in osqp_update_data_vec: Problem data validation.
ERROR in osqp_update_data_vec: Problem data validation.
ERROR in osqp_update_data_vec: Problem data validation.
ERROR in osqp_update_data_vec: Problem data validation.
ERROR in osqp_update_data_vec: Problem data validation.
ERROR in osqp_update_data_vec: Problem data validation.
ERROR in osqp_update_data_vec: Problem data validation.
ERROR in osqp_update_data_vec: Problem data validation.
ERROR in osqp_update_data_vec: Problem data validation.
ERROR in osqp_update_data_vec: Problem data validation.
ERROR in osqp_update_data_vec: Problem data validation.
ERROR in osqp_update_data_vec: Problem data validation.
ERROR in osqp_update_data_vec: Problem data validation.
ERROR in osqp_update_data_vec: Problem data validation.
ERROR in osqp_update_data_vec: Problem data validation.
ERROR in osqp_update_data_vec: Problem data validation.
ERROR in osqp_update_data_vec: Problem data validation.
ERROR in osqp_update_data_vec: Problem data validation.
ERROR in osqp_update_data_vec: Problem data validation.
ERROR in osqp_update_data_vec: Problem data validation.
ERROR in osqp_update_data_vec: Problem data validation.
ERROR in osqp_update_data_vec: Problem data validation.
ERROR in osqp_update_data_vec: Problem data validation.
ERROR in osqp_update_data_vec: Problem data validation.
ERROR in osqp_update_data_vec: Problem data validation.
ERROR in osqp_update_data_vec: Problem data validation.
ERROR in osqp_update_data_vec: Problem data validation.
ERROR in osqp_update_data_vec: Problem data validation.
ERROR in osqp_update_data_vec: Problem data validation.
ERROR in osqp_update_data_vec: Problem data validation.
ERROR in osqp_update_data_vec: Problem data validation.
ERROR in osqp_update_data_vec: Problem data validation.
ERROR in osqp_update_data_vec: Problem data validation.
ERROR in osqp_update_data_vec: Problem data validation.
ERROR in osqp_update_data_vec: Problem data validation.
ERROR in osqp_update_data_vec: Problem data validation.
ERROR in osqp_update_data_vec: Problem data validation.
ERROR in osqp_update_data_vec: Problem data validation.
ERROR in osqp_update_data_vec: Problem data validation.
ERROR in osqp_update_data_vec: Problem data validation.
ERROR in osqp_update_data_vec: Problem data validation.
ERROR in osqp_update_data_vec: Problem data validation.
ERROR in osqp_update_data_vec: Problem data validation.
ERROR in osqp_update_data_vec: Problem data validation.
ERROR in osqp_update_data_vec: Problem data validation.
ERROR in osqp_update_data_vec: Problem data validation.
ERROR in osqp_update_data_vec: Problem data validation.
ERROR in osqp_update_data_vec: Problem data validation.
ERROR in osqp_update_data_vec: Problem data validation.
ERROR in osqp_update_data_vec: Problem data validation.
ERROR in osqp_update_data_vec: Problem data validation.
ERROR in osqp_update_data_vec: Problem data validation.
ERROR in osqp_update_data_vec: Problem data validation.
ERROR in osqp_update_data_vec: Problem data validation.
ERROR in osqp_update_data_vec: Problem data validation.
ERROR in osqp_update_data_vec: Problem data validation.
ERROR in osqp_update_data_vec: Problem data validation.
ERROR in osqp_update_data_vec: Problem data validation.
ERROR in osqp_update_data_vec: Problem data validation.
ERROR in osqp_update_data_vec: Problem data validation.
ERROR in osqp_update_data_vec: Problem data validation.
ERROR in osqp_update_data_vec: Problem data validation.
ERROR in osqp_update_data_vec: Problem data validation.
ERROR in osqp_update_data_vec: Problem data validation.
ERROR in osqp_update_data_vec: Problem data validation.
ERROR in osqp_update_data_vec: Problem data validation.
/Users/parkcart/workspace/occlusion-cbf/.venv/lib/python3.10/site-packages/cvxpy/problems/problem.py:1545: UserWarning: 
    The problem is either infeasible or unbounded, but the solver
    cannot tell which. Disable any solver-specific presolve methods
    and re-solve to determine the precise problem status.

    For GUROBI and CPLEX you can automatically perform this re-solve
    with the keyword argument prob.solve(reoptimize=True, ...).
    
  warnings.warn(INF_OR_UNB_MESSAGE)
[094/100] idx= 92 -> success    (raw=success, compute_ms=7.75100358055524, intv=0.3143222130249947)
[095/100] idx= 97 -> success    (raw=success, compute_ms=6.499801153672014, intv=0.19207501538848495)
[096/100] idx= 95 -> success    (raw=success, compute_ms=7.8388850575539175, intv=0.2537747882936631)
[097/100] idx= 94 -> success    (raw=success, compute_ms=9.266450934254092, intv=0.32976890080368926)
ERROR in osqp_update_data_vec: Problem data validation.
ERROR in osqp_update_data_vec: Problem data validation.
ERROR in osqp_update_data_vec: Problem data validation.
ERROR in osqp_update_data_vec: Problem data validation.
ERROR in osqp_update_data_vec: Problem data validation.
ERROR in osqp_update_data_vec: Problem data validation.
ERROR in osqp_update_data_vec: Problem data validation.
ERROR in osqp_update_data_vec: Problem data validation.
ERROR in osqp_update_data_vec: Problem data validation.
ERROR in osqp_update_data_vec: Problem data validation.
ERROR in osqp_update_data_vec: Problem data validation.
ERROR in osqp_update_data_vec: Problem data validation.
ERROR in osqp_update_data_vec: Problem data validation.
ERROR in osqp_update_data_vec: Problem data validation.
ERROR in osqp_update_data_vec: Problem data validation.
ERROR in osqp_update_data_vec: Problem data validation.
ERROR in osqp_update_data_vec: Problem data validation.
ERROR in osqp_update_data_vec: Problem data validation.
ERROR in osqp_update_data_vec: Problem data validation.
ERROR in osqp_update_data_vec: Problem data validation.
ERROR in osqp_update_data_vec: Problem data validation.
ERROR in osqp_update_data_vec: Problem data validation.
ERROR in osqp_update_data_vec: Problem data validation.
ERROR in osqp_update_data_vec: Problem data validation.
ERROR in osqp_update_data_vec: Problem data validation.
ERROR in osqp_update_data_vec: Problem data validation.
ERROR in osqp_update_data_vec: Problem data validation.
ERROR in osqp_update_data_vec: Problem data validation.
ERROR in osqp_update_data_vec: Problem data validation.
ERROR in osqp_update_data_vec: Problem data validation.
ERROR in osqp_update_data_vec: Problem data validation.
ERROR in osqp_update_data_vec: Problem data validation.
ERROR in osqp_update_data_vec: Problem data validation.
ERROR in osqp_update_data_vec: Problem data validation.
ERROR in osqp_update_data_vec: Problem data validation.
ERROR in osqp_update_data_vec: Problem data validation.
ERROR in osqp_update_data_vec: Problem data validation.
ERROR in osqp_update_data_vec: Problem data validation.
ERROR in osqp_update_data_vec: Problem data validation.
ERROR in osqp_update_data_vec: Problem data validation.
ERROR in osqp_update_data_vec: Problem data validation.
ERROR in osqp_update_data_vec: Problem data validation.
ERROR in osqp_update_data_vec: Problem data validation.
ERROR in osqp_update_data_vec: Problem data validation.
ERROR in osqp_update_data_vec: Problem data validation.
ERROR in osqp_update_data_vec: Problem data validation.
ERROR in osqp_update_data_vec: Problem data validation.
ERROR in osqp_update_data_vec: Problem data validation.
ERROR in osqp_update_data_vec: Problem data validation.
ERROR in osqp_update_data_vec: Problem data validation.
ERROR in osqp_update_data_vec: Problem data validation.
ERROR in osqp_update_data_vec: Problem data validation.
ERROR in osqp_update_data_vec: Problem data validation.
ERROR in osqp_update_data_vec: Problem data validation.
ERROR in osqp_update_data_vec: Problem data validation.
ERROR in osqp_update_data_vec: Problem data validation.
ERROR in osqp_update_data_vec: Problem data validation.
ERROR in osqp_update_data_vec: Problem data validation.
ERROR in osqp_update_data_vec: Problem data validation.
ERROR in osqp_update_data_vec: Problem data validation.
ERROR in osqp_update_data_vec: Problem data validation.
ERROR in osqp_update_data_vec: Problem data validation.
Infeasible detected!!
ERROR in osqp_update_data_vec: Problem data validation.
ERROR in osqp_update_data_vec: Problem data validation.
ERROR in osqp_update_data_vec: Problem data validation.
ERROR in osqp_update_data_vec: Problem data validation.
ERROR in osqp_update_data_vec: Problem data validation.
ERROR in osqp_update_data_vec: Problem data validation.
ERROR in osqp_update_data_vec: Problem data validation.
ERROR in osqp_update_data_vec: Problem data validation.
ERROR in osqp_update_data_vec: Problem data validation.
ERROR in osqp_update_data_vec: Problem data validation.
ERROR in osqp_update_data_vec: Problem data validation.
ERROR in osqp_update_data_vec: Problem data validation.
ERROR in osqp_update_data_vec: Problem data validation.
ERROR in osqp_update_data_vec: Problem data validation.
ERROR in osqp_update_data_vec: Problem data validation.
ERROR in osqp_update_data_vec: Problem data validation.
ERROR in osqp_update_data_vec: Problem data validation.
ERROR in osqp_update_data_vec: Problem data validation.
ERROR in osqp_update_data_vec: Problem data validation.
ERROR in osqp_update_data_vec: Problem data validation.
ERROR in osqp_update_data_vec: Problem data validation.
ERROR in osqp_update_data_vec: Problem data validation.
ERROR in osqp_update_data_vec: Problem data validation.
ERROR in osqp_update_data_vec: Problem data validation.
ERROR in osqp_update_data_vec: Problem data validation.
ERROR in osqp_update_data_vec: Problem data validation.
ERROR in osqp_update_data_vec: Problem data validation.
ERROR in osqp_update_data_vec: Problem data validation.
ERROR in osqp_update_data_vec: Problem data validation.
ERROR in osqp_update_data_vec: Problem data validation.
ERROR in osqp_update_data_vec: Problem data validation.
ERROR in osqp_update_data_vec: Problem data validation.
ERROR in osqp_update_data_vec: Problem data validation.
Infeasible detected!!
ERROR in osqp_update_data_vec: Problem data validation.
ERROR in osqp_update_data_vec: Problem data validation.
ERROR in osqp_update_data_vec: Problem data validation.
ERROR in osqp_update_data_vec: Problem data validation.
ERROR in osqp_update_data_vec: Problem data validation.
ERROR in osqp_update_data_vec: Problem data validation.
ERROR in osqp_update_data_vec: Problem data validation.
ERROR in osqp_update_data_vec: Problem data validation.
ERROR in osqp_update_data_vec: Problem data validation.
ERROR in osqp_update_data_vec: Problem data validation.
ERROR in osqp_update_data_vec: Problem data validation.
ERROR in osqp_update_data_vec: Problem data validation.
ERROR in osqp_update_data_vec: Problem data validation.
ERROR in osqp_update_data_vec: Problem data validation.
ERROR in osqp_update_data_vec: Problem data validation.
ERROR in osqp_update_data_vec: Problem data validation.
ERROR in osqp_update_data_vec: Problem data validation.
ERROR in osqp_update_data_vec: Problem data validation.
ERROR in osqp_update_data_vec: Problem data validation.
ERROR in osqp_update_data_vec: Problem data validation.
Infeasible detected!!
ERROR in osqp_update_data_vec: Problem data validation.
ERROR in osqp_update_data_vec: Problem data validation.
ERROR in osqp_update_data_vec: Problem data validation.
ERROR in osqp_update_data_vec: Problem data validation.
ERROR in osqp_update_data_vec: Problem data validation.
ERROR in osqp_update_data_vec: Problem data validation.
ERROR in osqp_update_data_vec: Problem data validation.
ERROR in osqp_update_data_vec: Problem data validation.
ERROR in osqp_update_data_vec: Problem data validation.
ERROR in osqp_update_data_vec: Problem data validation.
ERROR in osqp_update_data_vec: Problem data validation.
ERROR in osqp_update_data_vec: Problem data validation.
ERROR in osqp_update_data_vec: Problem data validation.
ERROR in osqp_update_data_vec: Problem data validation.
ERROR in osqp_update_data_vec: Problem data validation.
ERROR in osqp_update_data_vec: Problem data validation.
ERROR in osqp_update_data_vec: Problem data validation.
ERROR in osqp_update_data_vec: Problem data validation.
ERROR in osqp_update_data_vec: Problem data validation.
ERROR in osqp_update_data_vec: Problem data validation.
ERROR in osqp_update_data_vec: Problem data validation.
ERROR in osqp_update_data_vec: Problem data validation.
ERROR in osqp_update_data_vec: Problem data validation.
ERROR in osqp_update_data_vec: Problem data validation.
ERROR in osqp_update_data_vec: Problem data validation.
ERROR in osqp_update_data_vec: Problem data validation.
ERROR in osqp_update_data_vec: Problem data validation.
ERROR in osqp_update_data_vec: Problem data validation.
ERROR in osqp_update_data_vec: Problem data validation.
ERROR in osqp_update_data_vec: Problem data validation.
[098/100] idx= 99 -> success    (raw=success, compute_ms=7.051117757939078, intv=0.2722876206175565)
[099/100] idx= 98 -> collision  (raw=collision, compute_ms=10.491337728132763, intv=0.5303263418834112)
[100/100] idx=100 -> success    (raw=success, compute_ms=8.37826081328954, intv=0.37796826136501044)
ERROR in osqp_update_data_vec: Problem data validation.
ERROR in osqp_update_data_vec: Problem data validation.
ERROR in osqp_update_data_vec: Problem data validation.
ERROR in osqp_update_data_vec: Problem data validation.
ERROR in osqp_update_data_vec: Problem data validation.
ERROR in osqp_update_data_vec: Problem data validation.
ERROR in osqp_update_data_vec: Problem data validation.
ERROR in osqp_update_data_vec: Problem data validation.
ERROR in osqp_update_data_vec: Problem data validation.
Infeasible detected!!
Infeasible detected!!
ERROR in osqp_update_data_vec: Problem data validation.
ERROR in osqp_update_data_vec: Problem data validation.
ERROR in osqp_update_data_vec: Problem data validation.
ERROR in osqp_update_data_vec: Problem data validation.
ERROR in osqp_update_data_vec: Problem data validation.
ERROR in osqp_update_data_vec: Problem data validation.
ERROR in osqp_update_data_vec: Problem data validation.
ERROR in osqp_update_data_vec: Problem data validation.
ERROR in osqp_update_data_vec: Problem data validation.
ERROR in osqp_update_data_vec: Problem data validation.
ERROR in osqp_update_data_vec: Problem data validation.
ERROR in osqp_update_data_vec: Problem data validation.
ERROR in osqp_update_data_vec: Problem data validation.
ERROR in osqp_update_data_vec: Problem data validation.
ERROR in osqp_update_data_vec: Problem data validation.
ERROR in osqp_update_data_vec: Problem data validation.
ERROR in osqp_update_data_vec: Problem data validation.
ERROR in osqp_update_data_vec: Problem data validation.
ERROR in osqp_update_data_vec: Problem data validation.
ERROR in osqp_update_data_vec: Problem data validation.
ERROR in osqp_update_data_vec: Problem data validation.
ERROR in osqp_update_data_vec: Problem data validation.
ERROR in osqp_update_data_vec: Problem data validation.
ERROR in osqp_update_data_vec: Problem data validation.
ERROR in osqp_update_data_vec: Problem data validation.
ERROR in osqp_update_data_vec: Problem data validation.
ERROR in osqp_update_data_vec: Problem data validation.
ERROR in osqp_update_data_vec: Problem data validation.
ERROR in osqp_update_data_vec: Problem data validation.
ERROR in osqp_update_data_vec: Problem data validation.
ERROR in osqp_update_data_vec: Problem data validation.
ERROR in osqp_update_data_vec: Problem data validation.
ERROR in osqp_update_data_vec: Problem data validation.
ERROR in osqp_update_data_vec: Problem data validation.
ERROR in osqp_update_data_vec: Problem data validation.
ERROR in osqp_update_data_vec: Problem data validation.
ERROR in osqp_update_data_vec: Problem data validation.
ERROR in osqp_update_data_vec: Problem data validation.
ERROR in osqp_update_data_vec: Problem data validation.
ERROR in osqp_update_data_vec: Problem data validation.
ERROR in osqp_update_data_vec: Problem data validation.
ERROR in osqp_update_data_vec: Problem data validation.
ERROR in osqp_update_data_vec: Problem data validation.
ERROR in osqp_update_data_vec: Problem data validation.
ERROR in osqp_update_data_vec: Problem data validation.
ERROR in osqp_update_data_vec: Problem data validation.
ERROR in osqp_update_data_vec: Problem data validation.
ERROR in osqp_update_data_vec: Problem data validation.
ERROR in osqp_update_data_vec: Problem data validation.
ERROR in osqp_update_data_vec: Problem data validation.
ERROR in osqp_update_data_vec: Problem data validation.
ERROR in osqp_update_data_vec: Problem data validation.
ERROR in osqp_update_data_vec: Problem data validation.
ERROR in osqp_update_data_vec: Problem data validation.
ERROR in osqp_update_data_vec: Problem data validation.
ERROR in osqp_update_data_vec: Problem data validation.
ERROR in osqp_update_data_vec: Problem data validation.
ERROR in osqp_update_data_vec: Problem data validation.
ERROR in osqp_update_data_vec: Problem data validation.
ERROR in osqp_update_data_vec: Problem data validation.
ERROR in osqp_update_data_vec: Problem data validation.
ERROR in osqp_update_data_vec: Problem data validation.
ERROR in osqp_update_data_vec: Problem data validation.
ERROR in osqp_update_data_vec: Problem data validation.
ERROR in osqp_update_data_vec: Problem data validation.
ERROR in osqp_update_data_vec: Problem data validation.
ERROR in osqp_update_data_vec: Problem data validation.
ERROR in osqp_update_data_vec: Problem data validation.
ERROR in osqp_update_data_vec: Problem data validation.
ERROR in osqp_update_data_vec: Problem data validation.
ERROR in osqp_update_data_vec: Problem data validation.
ERROR in osqp_update_data_vec: Problem data validation.
ERROR in osqp_update_data_vec: Problem data validation.
ERROR in osqp_update_data_vec: Problem data validation.
ERROR in osqp_update_data_vec: Problem data validation.
ERROR in osqp_update_data_vec: Problem data validation.
ERROR in osqp_update_data_vec: Problem data validation.
ERROR in osqp_update_data_vec: Problem data validation.
ERROR in osqp_update_data_vec: Problem data validation.
ERROR in osqp_update_data_vec: Problem data validation.
ERROR in osqp_update_data_vec: Problem data validation.
ERROR in osqp_update_data_vec: Problem data validation.
ERROR in osqp_update_data_vec: Problem data validation.
ERROR in osqp_update_data_vec: Problem data validation.
ERROR in osqp_update_data_vec: Problem data validation.
ERROR in osqp_update_data_vec: Problem data validation.
ERROR in osqp_update_data_vec: Problem data validation.
ERROR in osqp_update_data_vec: Problem data validation.
ERROR in osqp_update_data_vec: Problem data validation.
ERROR in osqp_update_data_vec: Problem data validation.
ERROR in osqp_update_data_vec: Problem data validation.
ERROR in osqp_update_data_vec: Problem data validation.
ERROR in osqp_update_data_vec: Problem data validation.
ERROR in osqp_update_data_vec: Problem data validation.
ERROR in osqp_update_data_vec: Problem data validation.
ERROR in osqp_update_data_vec: Problem data validation.
ERROR in osqp_update_data_vec: Problem data validation.
ERROR in osqp_update_data_vec: Problem data validation.
ERROR in osqp_update_data_vec: Problem data validation.
ERROR in osqp_update_data_vec: Problem data validation.
ERROR in osqp_update_data_vec: Problem data validation.
ERROR in osqp_update_data_vec: Problem data validation.
ERROR in osqp_update_data_vec: Problem data validation.
ERROR in osqp_update_data_vec: Problem data validation.
ERROR in osqp_update_data_vec: Problem data validation.
ERROR in osqp_update_data_vec: Problem data validation.
ERROR in osqp_update_data_vec: Problem data validation.
ERROR in osqp_update_data_vec: Problem data validation.
ERROR in osqp_update_data_vec: Problem data validation.
ERROR in osqp_update_data_vec: Problem data validation.
ERROR in osqp_update_data_vec: Problem data validation.
ERROR in osqp_update_data_vec: Problem data validation.
ERROR in osqp_update_data_vec: Problem data validation.
ERROR in osqp_update_data_vec: Problem data validation.
ERROR in osqp_update_data_vec: Problem data validation.
ERROR in osqp_update_data_vec: Problem data validation.
ERROR in osqp_update_data_vec: Problem data validation.
ERROR in osqp_update_data_vec: Problem data validation.
ERROR in osqp_update_data_vec: Problem data validation.
ERROR in osqp_update_data_vec: Problem data validation.
ERROR in osqp_update_data_vec: Problem data validation.
ERROR in osqp_update_data_vec: Problem data validation.
ERROR in osqp_update_data_vec: Problem data validation.
ERROR in osqp_update_data_vec: Problem data validation.
ERROR in osqp_update_data_vec: Problem data validation.
ERROR in osqp_update_data_vec: Problem data validation.
ERROR in osqp_update_data_vec: Problem data validation.
ERROR in osqp_update_data_vec: Problem data validation.
ERROR in osqp_update_data_vec: Problem data validation.
ERROR in osqp_update_data_vec: Problem data validation.
ERROR in osqp_update_data_vec: Problem data validation.
ERROR in osqp_update_data_vec: Problem data validation.
ERROR in osqp_update_data_vec: Problem data validation.
ERROR in osqp_update_data_vec: Problem data validation.
ERROR in osqp_update_data_vec: Problem data validation.
ERROR in osqp_update_data_vec: Problem data validation.
ERROR in osqp_update_data_vec: Problem data validation.
ERROR in osqp_update_data_vec: Problem data validation.
ERROR in osqp_update_data_vec: Problem data validation.
ERROR in osqp_update_data_vec: Problem data validation.
ERROR in osqp_update_data_vec: Problem data validation.
ERROR in osqp_update_data_vec: Problem data validation.
ERROR in osqp_update_data_vec: Problem data validation.
ERROR in osqp_update_data_vec: Problem data validation.
ERROR in osqp_update_data_vec: Problem data validation.
ERROR in osqp_update_data_vec: Problem data validation.
ERROR in osqp_update_data_vec: Problem data validation.
ERROR in osqp_update_data_vec: Problem data validation.
ERROR in osqp_update_data_vec: Problem data validation.
ERROR in osqp_update_data_vec: Problem data validation.
ERROR in osqp_update_data_vec: Problem data validation.
ERROR in osqp_update_data_vec: Problem data validation.
ERROR in osqp_update_data_vec: Problem data validation.
ERROR in osqp_update_data_vec: Problem data validation.
ERROR in osqp_update_data_vec: Problem data validation.
ERROR in osqp_update_data_vec: Problem data validation.
ERROR in osqp_update_data_vec: Problem data validation.
ERROR in osqp_update_data_vec: Problem data validation.
ERROR in osqp_update_data_vec: Problem data validation.
ERROR in osqp_update_data_vec: Problem data validation.
ERROR in osqp_update_data_vec: Problem data validation.
ERROR in osqp_update_data_vec: Problem data validation.
ERROR in osqp_update_data_vec: Problem data validation.
ERROR in osqp_update_data_vec: Problem data validation.
ERROR in osqp_update_data_vec: Problem data validation.
ERROR in osqp_update_data_vec: Problem data validation.
ERROR in osqp_update_data_vec: Problem data validation.
ERROR in osqp_update_data_vec: Problem data validation.
ERROR in osqp_update_data_vec: Problem data validation.
ERROR in osqp_update_data_vec: Problem data validation.
ERROR in osqp_update_data_vec: Problem data validation.
ERROR in osqp_update_data_vec: Problem data validation.
ERROR in osqp_update_data_vec: Problem data validation.
ERROR in osqp_update_data_vec: Problem data validation.
ERROR in osqp_update_data_vec: Problem data validation.
ERROR in osqp_update_data_vec: Problem data validation.
ERROR in osqp_update_data_vec: Problem data validation.
ERROR in osqp_update_data_vec: Problem data validation.
ERROR in osqp_update_data_vec: Problem data validation.
ERROR in osqp_update_data_vec: Problem data validation.
ERROR in osqp_update_data_vec: Problem data validation.
ERROR in osqp_update_data_vec: Problem data validation.
ERROR in osqp_update_data_vec: Problem data validation.
ERROR in osqp_update_data_vec: Problem data validation.
ERROR in osqp_update_data_vec: Problem data validation.
ERROR in osqp_update_data_vec: Problem data validation.
ERROR in osqp_update_data_vec: Problem data validation.
ERROR in osqp_update_data_vec: Problem data validation.
ERROR in osqp_update_data_vec: Problem data validation.
ERROR in osqp_update_data_vec: Problem data validation.
ERROR in osqp_update_data_vec: Problem data validation.
ERROR in osqp_update_data_vec: Problem data validation.
ERROR in osqp_update_data_vec: Problem data validation.
ERROR in osqp_update_data_vec: Problem data validation.
ERROR in osqp_update_data_vec: Problem data validation.
ERROR in osqp_update_data_vec: Problem data validation.
ERROR in osqp_update_data_vec: Problem data validation.
ERROR in osqp_update_data_vec: Problem data validation.
ERROR in osqp_update_data_vec: Problem data validation.
ERROR in osqp_update_data_vec: Problem data validation.
ERROR in osqp_update_data_vec: Problem data validation.
ERROR in osqp_update_data_vec: Problem data validation.
ERROR in osqp_update_data_vec: Problem data validation.
ERROR in osqp_update_data_vec: Problem data validation.
ERROR in osqp_update_data_vec: Problem data validation.
ERROR in osqp_update_data_vec: Problem data validation.
ERROR in osqp_update_data_vec: Problem data validation.
ERROR in osqp_update_data_vec: Problem data validation.
ERROR in osqp_update_data_vec: Problem data validation.
ERROR in osqp_update_data_vec: Problem data validation.
ERROR in osqp_update_data_vec: Problem data validation.
ERROR in osqp_update_data_vec: Problem data validation.
ERROR in osqp_update_data_vec: Problem data validation.
ERROR in osqp_update_data_vec: Problem data validation.
ERROR in osqp_update_data_vec: Problem data validation.
ERROR in osqp_update_data_vec: Problem data validation.
ERROR in osqp_update_data_vec: Problem data validation.
ERROR in osqp_update_data_vec: Problem data validation.
ERROR in osqp_update_data_vec: Problem data validation.
ERROR in osqp_update_data_vec: Problem data validation.
ERROR in osqp_update_data_vec: Problem data validation.
ERROR in osqp_update_data_vec: Problem data validation.
ERROR in osqp_update_data_vec: Problem data validation.
ERROR in osqp_update_data_vec: Problem data validation.
ERROR in osqp_update_data_vec: Problem data validation.
ERROR in osqp_update_data_vec: Problem data validation.
ERROR in osqp_update_data_vec: Problem data validation.
ERROR in osqp_update_data_vec: Problem data validation.
ERROR in osqp_update_data_vec: Problem data validation.
ERROR in osqp_update_data_vec: Problem data validation.
ERROR in osqp_update_data_vec: Problem data validation.
ERROR in osqp_update_data_vec: Problem data validation.
ERROR in osqp_update_data_vec: Problem data validation.
ERROR in osqp_update_data_vec: Problem data validation.
ERROR in osqp_update_data_vec: Problem data validation.
ERROR in osqp_update_data_vec: Problem data validation.
ERROR in osqp_update_data_vec: Problem data validation.
ERROR in osqp_update_data_vec: Problem data validation.
ERROR in osqp_update_data_vec: Problem data validation.
ERROR in osqp_update_data_vec: Problem data validation.
ERROR in osqp_update_data_vec: Problem data validation.
ERROR in osqp_update_data_vec: Problem data validation.
ERROR in osqp_update_data_vec: Problem data validation.
ERROR in osqp_update_data_vec: Problem data validation.
ERROR in osqp_update_data_vec: Problem data validation.
ERROR in osqp_update_data_vec: Problem data validation.
ERROR in osqp_update_data_vec: Problem data validation.
ERROR in osqp_update_data_vec: Problem data validation.
ERROR in osqp_update_data_vec: Problem data validation.
ERROR in osqp_update_data_vec: Problem data validation.
ERROR in osqp_update_data_vec: Problem data validation.
ERROR in osqp_update_data_vec: Problem data validation.
ERROR in osqp_update_data_vec: Problem data validation.
ERROR in osqp_update_data_vec: Problem data validation.
ERROR in osqp_update_data_vec: Problem data validation.
ERROR in osqp_update_data_vec: Problem data validation.
ERROR in osqp_update_data_vec: Problem data validation.
ERROR in osqp_update_data_vec: Problem data validation.
ERROR in osqp_update_data_vec: Problem data validation.
ERROR in osqp_update_data_vec: Problem data validation.
ERROR in osqp_update_data_vec: Problem data validation.
ERROR in osqp_update_data_vec: Problem data validation.
ERROR in osqp_update_data_vec: Problem data validation.
ERROR in osqp_update_data_vec: Problem data validation.
ERROR in osqp_update_data_vec: Problem data validation.
ERROR in osqp_update_data_vec: Problem data validation.
ERROR in osqp_update_data_vec: Problem data validation.
ERROR in osqp_update_data_vec: Problem data validation.
ERROR in osqp_update_data_vec: Problem data validation.
ERROR in osqp_update_data_vec: Problem data validation.
ERROR in osqp_update_data_vec: Problem data validation.
ERROR in osqp_update_data_vec: Problem data validation.
ERROR in osqp_update_data_vec: Problem data validation.
ERROR in osqp_update_data_vec: Problem data validation.
ERROR in osqp_update_data_vec: Problem data validation.
ERROR in osqp_update_data_vec: Problem data validation.
ERROR in osqp_update_data_vec: Problem data validation.
ERROR in osqp_update_data_vec: Problem data validation.
ERROR in osqp_update_data_vec: Problem data validation.
ERROR in osqp_update_data_vec: Problem data validation.
ERROR in osqp_update_data_vec: Problem data validation.
ERROR in osqp_update_data_vec: Problem data validation.
ERROR in osqp_update_data_vec: Problem data validation.
ERROR in osqp_update_data_vec: Problem data validation.
ERROR in osqp_update_data_vec: Problem data validation.
ERROR in osqp_update_data_vec: Problem data validation.
ERROR in osqp_update_data_vec: Problem data validation.
ERROR in osqp_update_data_vec: Problem data validation.
ERROR in osqp_update_data_vec: Problem data validation.
ERROR in osqp_update_data_vec: Problem data validation.
ERROR in osqp_update_data_vec: Problem data validation.
ERROR in osqp_update_data_vec: Problem data validation.
ERROR in osqp_update_data_vec: Problem data validation.
ERROR in osqp_update_data_vec: Problem data validation.
ERROR in osqp_update_data_vec: Problem data validation.
ERROR in osqp_update_data_vec: Problem data validation.
ERROR in osqp_update_data_vec: Problem data validation.
ERROR in osqp_update_data_vec: Problem data validation.
ERROR in osqp_update_data_vec: Problem data validation.
ERROR in osqp_update_data_vec: Problem data validation.
ERROR in osqp_update_data_vec: Problem data validation.
ERROR in osqp_update_data_vec: Problem data validation.
ERROR in osqp_update_data_vec: Problem data validation.
ERROR in osqp_update_data_vec: Problem data validation.
ERROR in osqp_update_data_vec: Problem data validation.
ERROR in osqp_update_data_vec: Problem data validation.
ERROR in osqp_update_data_vec: Problem data validation.
ERROR in osqp_update_data_vec: Problem data validation.
ERROR in osqp_update_data_vec: Problem data validation.
ERROR in osqp_update_data_vec: Problem data validation.
ERROR in osqp_update_data_vec: Problem data validation.
ERROR in osqp_update_data_vec: Problem data validation.
ERROR in osqp_update_data_vec: Problem data validation.
ERROR in osqp_update_data_vec: Problem data validation.
ERROR in osqp_update_data_vec: Problem data validation.
ERROR in osqp_update_data_vec: Problem data validation.
ERROR in osqp_update_data_vec: Problem data validation.
ERROR in osqp_update_data_vec: Problem data validation.
ERROR in osqp_update_data_vec: Problem data validation.
ERROR in osqp_update_data_vec: Problem data validation.
ERROR in osqp_update_data_vec: Problem data validation.
ERROR in osqp_update_data_vec: Problem data validation.
ERROR in osqp_update_data_vec: Problem data validation.
ERROR in osqp_update_data_vec: Problem data validation.
ERROR in osqp_update_data_vec: Problem data validation.
ERROR in osqp_update_data_vec: Problem data validation.
ERROR in osqp_update_data_vec: Problem data validation.
ERROR in osqp_update_data_vec: Problem data validation.
ERROR in osqp_update_data_vec: Problem data validation.
ERROR in osqp_update_data_vec: Problem data validation.
ERROR in osqp_update_data_vec: Problem data validation.
ERROR in osqp_update_data_vec: Problem data validation.
ERROR in osqp_update_data_vec: Problem data validation.
ERROR in osqp_update_data_vec: Problem data validation.
ERROR in osqp_update_data_vec: Problem data validation.
ERROR in osqp_update_data_vec: Problem data validation.
ERROR in osqp_update_data_vec: Problem data validation.
ERROR in osqp_update_data_vec: Problem data validation.
ERROR in osqp_update_data_vec: Problem data validation.
ERROR in osqp_update_data_vec: Problem data validation.
ERROR in osqp_update_data_vec: Problem data validation.
ERROR in osqp_update_data_vec: Problem data validation.
ERROR in osqp_update_data_vec: Problem data validation.
ERROR in osqp_update_data_vec: Problem data validation.
ERROR in osqp_update_data_vec: Problem data validation.
ERROR in osqp_update_data_vec: Problem data validation.
ERROR in osqp_update_data_vec: Problem data validation.
ERROR in osqp_update_data_vec: Problem data validation.
ERROR in osqp_update_data_vec: Problem data validation.
ERROR in osqp_update_data_vec: Problem data validation.
ERROR in osqp_update_data_vec: Problem data validation.
ERROR in osqp_update_data_vec: Problem data validation.
ERROR in osqp_update_data_vec: Problem data validation.
ERROR in osqp_update_data_vec: Problem data validation.
ERROR in osqp_update_data_vec: Problem data validation.
ERROR in osqp_update_data_vec: Problem data validation.
ERROR in osqp_update_data_vec: Problem data validation.
ERROR in osqp_update_data_vec: Problem data validation.
ERROR in osqp_update_data_vec: Problem data validation.
ERROR in osqp_update_data_vec: Problem data validation.
ERROR in osqp_update_data_vec: Problem data validation.
ERROR in osqp_update_data_vec: Problem data validation.
ERROR in osqp_update_data_vec: Problem data validation.
ERROR in osqp_update_data_vec: Problem data validation.
ERROR in osqp_update_data_vec: Problem data validation.
ERROR in osqp_update_data_vec: Problem data validation.
ERROR in osqp_update_data_vec: Problem data validation.
ERROR in osqp_update_data_vec: Problem data validation.
ERROR in osqp_update_data_vec: Problem data validation.
ERROR in osqp_update_data_vec: Problem data validation.
ERROR in osqp_update_data_vec: Problem data validation.
ERROR in osqp_update_data_vec: Problem data validation.
ERROR in osqp_update_data_vec: Problem data validation.
ERROR in osqp_update_data_vec: Problem data validation.
ERROR in osqp_update_data_vec: Problem data validation.
ERROR in osqp_update_data_vec: Problem data validation.
ERROR in osqp_update_data_vec: Problem data validation.
ERROR in osqp_update_data_vec: Problem data validation.
ERROR in osqp_update_data_vec: Problem data validation.
ERROR in osqp_update_data_vec: Problem data validation.
ERROR in osqp_update_data_vec: Problem data validation.
ERROR in osqp_update_data_vec: Problem data validation.
ERROR in osqp_update_data_vec: Problem data validation.
ERROR in osqp_update_data_vec: Problem data validation.
ERROR in osqp_update_data_vec: Problem data validation.
ERROR in osqp_update_data_vec: Problem data validation.
ERROR in osqp_update_data_vec: Problem data validation.
ERROR in osqp_update_data_vec: Problem data validation.
ERROR in osqp_update_data_vec: Problem data validation.
ERROR in osqp_update_data_vec: Problem data validation.
ERROR in osqp_update_data_vec: Problem data validation.
ERROR in osqp_update_data_vec: Problem data validation.
ERROR in osqp_update_data_vec: Problem data validation.
ERROR in osqp_update_data_vec: Problem data validation.
ERROR in osqp_update_data_vec: Problem data validation.
ERROR in osqp_update_data_vec: Problem data validation.
ERROR in osqp_update_data_vec: Problem data validation.
ERROR in osqp_update_data_vec: Problem data validation.
ERROR in osqp_update_data_vec: Problem data validation.
ERROR in osqp_update_data_vec: Problem data validation.
ERROR in osqp_update_data_vec: Problem data validation.
ERROR in osqp_update_data_vec: Problem data validation.
Collision with known obstacle detected! Obs: [25.28907786  4.04992604  0.32251854  0.39632692  0.25899307 -2.
 32.          1.        ], Robot: [25.84109883  4.18563321] 0.25, Distance: 0.5684571986349897, True
Collision detected !!
ERROR in osqp_update_data_vec: Problem data validation.
ERROR in osqp_update_data_vec: Problem data validation.
ERROR in osqp_update_data_vec: Problem data validation.
ERROR in osqp_update_data_vec: Problem data validation.
ERROR in osqp_update_data_vec: Problem data validation.
ERROR in osqp_update_data_vec: Problem data validation.
ERROR in osqp_update_data_vec: Problem data validation.
ERROR in osqp_update_data_vec: Problem data validation.
ERROR in osqp_update_data_vec: Problem data validation.
ERROR in osqp_update_data_vec: Problem data validation.
ERROR in osqp_update_data_vec: Problem data validation.
ERROR in osqp_update_data_vec: Problem data validation.
ERROR in osqp_update_data_vec: Problem data validation.
ERROR in osqp_update_data_vec: Problem data validation.
ERROR in osqp_update_data_vec: Problem data validation.
ERROR in osqp_update_data_vec: Problem data validation.
ERROR in osqp_update_data_vec: Problem data validation.
ERROR in osqp_update_data_vec: Problem data validation.
ERROR in osqp_update_data_vec: Problem data validation.
ERROR in osqp_update_data_vec: Problem data validation.
ERROR in osqp_update_data_vec: Problem data validation.
ERROR in osqp_update_data_vec: Problem data validation.
ERROR in osqp_update_data_vec: Problem data validation.
ERROR in osqp_update_data_vec: Problem data validation.
ERROR in osqp_update_data_vec: Problem data validation.
ERROR in osqp_update_data_vec: Problem data validation.
ERROR in osqp_update_data_vec: Problem data validation.
ERROR in osqp_update_data_vec: Problem data validation.
ERROR in osqp_update_data_vec: Problem data validation.
ERROR in osqp_update_data_vec: Problem data validation.
ERROR in osqp_update_data_vec: Problem data validation.
ERROR in osqp_update_data_vec: Problem data validation.
ERROR in osqp_update_data_vec: Problem data validation.
ERROR in osqp_update_data_vec: Problem data validation.
ERROR in osqp_update_data_vec: Problem data validation.
ERROR in osqp_update_data_vec: Problem data validation.
ERROR in osqp_update_data_vec: Problem data validation.
ERROR in osqp_update_data_vec: Problem data validation.
ERROR in osqp_update_data_vec: Problem data validation.
ERROR in osqp_update_data_vec: Problem data validation.
ERROR in osqp_update_data_vec: Problem data validation.
ERROR in osqp_update_data_vec: Problem data validation.
Collision with known obstacle detected! Obs: [ 2.45921583  5.40319234  0.38600206 -0.40985653  0.20183803 -2.
 32.          1.        ], Robot: [1.88985935 5.68015543] 0.25, Distance: 0.6331471855959022, True
Collision detected !!
ERROR in osqp_update_data_vec: Problem data validation.
ERROR in osqp_update_data_vec: Problem data validation.
ERROR in osqp_update_data_vec: Problem data validation.
ERROR in osqp_update_data_vec: Problem data validation.
ERROR in osqp_update_data_vec: Problem data validation.
ERROR in osqp_update_data_vec: Problem data validation.
ERROR in osqp_update_data_vec: Problem data validation.
ERROR in osqp_update_data_vec: Problem data validation.
ERROR in osqp_update_data_vec: Problem data validation.
ERROR in osqp_update_data_vec: Problem data validation.
ERROR in osqp_update_data_vec: Problem data validation.
ERROR in osqp_update_data_vec: Problem data validation.
ERROR in osqp_update_data_vec: Problem data validation.
ERROR in osqp_update_data_vec: Problem data validation.
ERROR in osqp_update_data_vec: Problem data validation.
ERROR in osqp_update_data_vec: Problem data validation.
ERROR in osqp_update_data_vec: Problem data validation.
ERROR in osqp_update_data_vec: Problem data validation.
ERROR in osqp_update_data_vec: Problem data validation.
ERROR in osqp_update_data_vec: Problem data validation.
Infeasible detected!!
ERROR in osqp_update_data_vec: Problem data validation.
ERROR in osqp_update_data_vec: Problem data validation.
ERROR in osqp_update_data_vec: Problem data validation.
ERROR in osqp_update_data_vec: Problem data validation.
ERROR in osqp_update_data_vec: Problem data validation.
ERROR in osqp_update_data_vec: Problem data validation.
ERROR in osqp_update_data_vec: Problem data validation.
ERROR in osqp_update_data_vec: Problem data validation.
ERROR in osqp_update_data_vec: Problem data validation.
ERROR in osqp_update_data_vec: Problem data validation.
ERROR in osqp_update_data_vec: Problem data validation.
ERROR in osqp_update_data_vec: Problem data validation.
ERROR in osqp_update_data_vec: Problem data validation.
ERROR in osqp_update_data_vec: Problem data validation.
ERROR in osqp_update_data_vec: Problem data validation.
ERROR in osqp_update_data_vec: Problem data validation.
ERROR in osqp_update_data_vec: Problem data validation.
ERROR in osqp_update_data_vec: Problem data validation.
ERROR in osqp_update_data_vec: Problem data validation.
ERROR in osqp_update_data_vec: Problem data validation.
ERROR in osqp_update_data_vec: Problem data validation.
ERROR in osqp_update_data_vec: Problem data validation.

=== Crowd Trial Summary (3-way) ===
success=67 | collision=12 | infeasible=21 | total=100
success idx   : [3, 4, 5, 6, 10, 12, 13, 15, 16, 17, 19, 20, 21, 22, 23, 24, 25, 26, 28, 29, 30, 31, 32, 36, 37, 38, 40, 42, 43, 48, 49, 51, 52, 53, 54, 55, 57, 58, 59, 60, 61, 62, 63, 66, 68, 70, 71, 73, 74, 75, 76, 77, 78, 79, 80, 82, 83, 84, 85, 89, 90, 92, 94, 95, 97, 99, 100]
collision idx : [7, 8, 11, 14, 27, 33, 34, 41, 50, 64, 91, 98]
infeasible idx: [1, 2, 9, 18, 35, 39, 44, 45, 46, 47, 56, 65, 67, 69, 72, 81, 86, 87, 88, 93, 96]
avg controller compute time over idx [ms]: 8.396894078466453
avg control intervention over idx: 0.3502337031177861
avg terminal slack L1 over idx: 0.0
avg terminal slack max over idx: 0.0
avg terminal slack active ratio over idx: 0.0
avg sim time over idx [s]: 97.185
avg wall time per idx [s]: 19.065020828753475
avg forced initially occluded over idx: 5.86
avg forced revealed over idx: 4.78
avg forced corridor conflict over idx: 1.0
forced reveal-positive trial rate: 1.0
saved rows    : debug_logs/uni_ocbf_nrand10_T025_slack_noslack_w6_20260626_113413/nrand10_noslack_T1p5_top3_k20_gated/crowd_trials_occlusion_cbf_42_1_100_20260626_131605.csv
saved summary : debug_logs/uni_ocbf_nrand10_T025_slack_noslack_w6_20260626_113413/nrand10_noslack_T1p5_top3_k20_gated/crowd_trials_occlusion_cbf_42_1_100_20260626_131605.json

