[RUN] scenario=crowd2 label=occlusion_cbf baseline=occlusion_cbf pos=occlusion_cbf_qp model=uni seed=42 idx=1..100 n_rand=10 tf=500.0 wmax=default oa_allow_solver_fallback=None oa_dynamic_occluders=None oa_dsafe=None oa_visible_reach_mode=None oa_use_nominal_tracking_cost=None oa_dt=None occ_version=v2 occ_visible_scale=None occ_enable_visible_hocbf=True crowd_mode=forced_emergence
[RUN] show_animation=False, save_animation=False
Restricted license - for non-production use only - expires 2027-11-29
/Users/parkcart/workspace/occlusion-cbf/.venv/lib/python3.10/site-packages/cvxpy/problems/problem.py:1539: UserWarning: Solution may be inaccurate. Try another solver, adjusting the solver settings, or solve with verbose=True for more information.
  warnings.warn(
Restricted license - for non-production use only - expires 2027-11-29
/Users/parkcart/workspace/occlusion-cbf/.venv/lib/python3.10/site-packages/cvxpy/problems/problem.py:1539: UserWarning: Solution may be inaccurate. Try another solver, adjusting the solver settings, or solve with verbose=True for more information.
  warnings.warn(
Restricted license - for non-production use only - expires 2027-11-29
/Users/parkcart/workspace/occlusion-cbf/.venv/lib/python3.10/site-packages/cvxpy/problems/problem.py:1539: UserWarning: Solution may be inaccurate. Try another solver, adjusting the solver settings, or solve with verbose=True for more information.
  warnings.warn(
ERROR in osqp_update_data_vec: Problem data validation.
ERROR in osqp_update_data_vec: Problem data validation.
ERROR in osqp_update_data_vec: Problem data validation.
Restricted license - for non-production use only - expires 2027-11-29
/Users/parkcart/workspace/occlusion-cbf/.venv/lib/python3.10/site-packages/cvxpy/problems/problem.py:1539: UserWarning: Solution may be inaccurate. Try another solver, adjusting the solver settings, or solve with verbose=True for more information.
  warnings.warn(
ERROR in osqp_update_data_vec: Problem data validation.
ERROR in osqp_update_data_vec: Problem data validation.
ERROR in osqp_update_data_vec: Problem data validation.
ERROR in osqp_update_data_vec: Problem data validation.
ERROR in osqp_update_data_vec: Problem data validation.
Restricted license - for non-production use only - expires 2027-11-29
/Users/parkcart/workspace/occlusion-cbf/.venv/lib/python3.10/site-packages/cvxpy/problems/problem.py:1539: UserWarning: Solution may be inaccurate. Try another solver, adjusting the solver settings, or solve with verbose=True for more information.
  warnings.warn(
[001/100] idx=  2 -> infeasible (raw=infeasible, compute_ms=11.205023285235143, intv=0.5799285210507314)
ERROR in osqp_update_data_vec: Problem data validation.
ERROR in osqp_update_data_vec: Problem data validation.
ERROR in osqp_update_data_vec: Problem data validation.
ERROR in osqp_update_data_vec: Problem data validation.
ERROR in osqp_update_data_vec: Problem data validation.
ERROR in osqp_update_data_vec: Problem data validation.
ERROR in osqp_update_data_vec: Problem data validation.
ERROR in osqp_update_data_vec: Problem data validation.
ERROR in osqp_update_data_vec: Problem data validation.
ERROR in osqp_update_data_vec: Problem data validation.
ERROR in osqp_update_data_vec: Problem data validation.
ERROR in osqp_update_data_vec: Problem data validation.
ERROR in osqp_update_data_vec: Problem data validation.
ERROR in osqp_update_data_vec: Problem data validation.
ERROR in osqp_update_data_vec: Problem data validation.
ERROR in osqp_update_data_vec: Problem data validation.
ERROR in osqp_update_data_vec: Problem data validation.
ERROR in osqp_update_data_vec: Problem data validation.
ERROR in osqp_update_data_vec: Problem data validation.
ERROR in osqp_update_data_vec: Problem data validation.
ERROR in osqp_update_data_vec: Problem data validation.
ERROR in osqp_update_data_vec: Problem data validation.
ERROR in osqp_update_data_vec: Problem data validation.
ERROR in osqp_update_data_vec: Problem data validation.
ERROR in osqp_update_data_vec: Problem data validation.
Restricted license - for non-production use only - expires 2027-11-29
/Users/parkcart/workspace/occlusion-cbf/.venv/lib/python3.10/site-packages/cvxpy/problems/problem.py:1539: UserWarning: Solution may be inaccurate. Try another solver, adjusting the solver settings, or solve with verbose=True for more information.
  warnings.warn(
[002/100] idx=  5 -> success    (raw=success, compute_ms=6.706173965804121, intv=0.12499232883343794)
[003/100] idx=  3 -> success    (raw=success, compute_ms=6.886826081188241, intv=0.23319041068239263)
/Users/parkcart/workspace/occlusion-cbf/.venv/lib/python3.10/site-packages/cvxpy/problems/problem.py:1545: UserWarning: 
    The problem is either infeasible or unbounded, but the solver
    cannot tell which. Disable any solver-specific presolve methods
    and re-solve to determine the precise problem status.

    For GUROBI and CPLEX you can automatically perform this re-solve
    with the keyword argument prob.solve(reoptimize=True, ...).
    
  warnings.warn(INF_OR_UNB_MESSAGE)
[004/100] idx=  6 -> success    (raw=success, compute_ms=7.949481176001037, intv=0.32752220746208516)
[005/100] idx=  4 -> success    (raw=success, compute_ms=8.029051056251891, intv=0.2957410438351452)
[006/100] idx=  9 -> infeasible (raw=infeasible, compute_ms=7.778383798817488, intv=0.2127707648224086)
[007/100] idx=  7 -> success    (raw=success, compute_ms=7.5175183307114635, intv=0.2508149475218108)
[008/100] idx=  1 -> success    (raw=success, compute_ms=9.250191604865122, intv=0.5174944640655256)
/Users/parkcart/workspace/occlusion-cbf/.venv/lib/python3.10/site-packages/cvxpy/problems/problem.py:1545: UserWarning: 
    The problem is either infeasible or unbounded, but the solver
    cannot tell which. Disable any solver-specific presolve methods
    and re-solve to determine the precise problem status.

    For GUROBI and CPLEX you can automatically perform this re-solve
    with the keyword argument prob.solve(reoptimize=True, ...).
    
  warnings.warn(INF_OR_UNB_MESSAGE)
[009/100] idx= 14 -> collision  (raw=collision, compute_ms=7.237233220386783, intv=0.7333158951823087)
[010/100] idx= 11 -> infeasible (raw=infeasible, compute_ms=8.22749123558209, intv=0.2758497871409632)
[011/100] idx=  8 -> success    (raw=success, compute_ms=15.346802772747104, intv=0.32701651304080104)
ERROR in osqp_update_data_vec: Problem data validation.
ERROR in osqp_update_data_vec: Problem data validation.
ERROR in osqp_update_data_vec: Problem data validation.
ERROR in osqp_update_data_vec: Problem data validation.
ERROR in osqp_update_data_vec: Problem data validation.
ERROR in osqp_update_data_vec: Problem data validation.
ERROR in osqp_update_data_vec: Problem data validation.
ERROR in osqp_update_data_vec: Problem data validation.
ERROR in osqp_update_data_vec: Problem data validation.
ERROR in osqp_update_data_vec: Problem data validation.
ERROR in osqp_update_data_vec: Problem data validation.
ERROR in osqp_update_data_vec: Problem data validation.
ERROR in osqp_update_data_vec: Problem data validation.
ERROR in osqp_update_data_vec: Problem data validation.
ERROR in osqp_update_data_vec: Problem data validation.
ERROR in osqp_update_data_vec: Problem data validation.
ERROR in osqp_update_data_vec: Problem data validation.
ERROR in osqp_update_data_vec: Problem data validation.
ERROR in osqp_update_data_vec: Problem data validation.
ERROR in osqp_update_data_vec: Problem data validation.
ERROR in osqp_update_data_vec: Problem data validation.
ERROR in osqp_update_data_vec: Problem data validation.
ERROR in osqp_update_data_vec: Problem data validation.
ERROR in osqp_update_data_vec: Problem data validation.
ERROR in osqp_update_data_vec: Problem data validation.
ERROR in osqp_update_data_vec: Problem data validation.
ERROR in osqp_update_data_vec: Problem data validation.
ERROR in osqp_update_data_vec: Problem data validation.
ERROR in osqp_update_data_vec: Problem data validation.
ERROR in osqp_update_data_vec: Problem data validation.
ERROR in osqp_update_data_vec: Problem data validation.
ERROR in osqp_update_data_vec: Problem data validation.
ERROR in osqp_update_data_vec: Problem data validation.
ERROR in osqp_update_data_vec: Problem data validation.
ERROR in osqp_update_data_vec: Problem data validation.
ERROR in osqp_update_data_vec: Problem data validation.
ERROR in osqp_update_data_vec: Problem data validation.
ERROR in osqp_update_data_vec: Problem data validation.
ERROR in osqp_update_data_vec: Problem data validation.
ERROR in osqp_update_data_vec: Problem data validation.
ERROR in osqp_update_data_vec: Problem data validation.
ERROR in osqp_update_data_vec: Problem data validation.
ERROR in osqp_update_data_vec: Problem data validation.
ERROR in osqp_update_data_vec: Problem data validation.
ERROR in osqp_update_data_vec: Problem data validation.
ERROR in osqp_update_data_vec: Problem data validation.
ERROR in osqp_update_data_vec: Problem data validation.
ERROR in osqp_update_data_vec: Problem data validation.
ERROR in osqp_update_data_vec: Problem data validation.
ERROR in osqp_update_data_vec: Problem data validation.
ERROR in osqp_update_data_vec: Problem data validation.
ERROR in osqp_update_data_vec: Problem data validation.
ERROR in osqp_update_data_vec: Problem data validation.
ERROR in osqp_update_data_vec: Problem data validation.
ERROR in osqp_update_data_vec: Problem data validation.
ERROR in osqp_update_data_vec: Problem data validation.
ERROR in osqp_update_data_vec: Problem data validation.
ERROR in osqp_update_data_vec: Problem data validation.
ERROR in osqp_update_data_vec: Problem data validation.
ERROR in osqp_update_data_vec: Problem data validation.
ERROR in osqp_update_data_vec: Problem data validation.
ERROR in osqp_update_data_vec: Problem data validation.
ERROR in osqp_update_data_vec: Problem data validation.
ERROR in osqp_update_data_vec: Problem data validation.
ERROR in osqp_update_data_vec: Problem data validation.
ERROR in osqp_update_data_vec: Problem data validation.
ERROR in osqp_update_data_vec: Problem data validation.
ERROR in osqp_update_data_vec: Problem data validation.
ERROR in osqp_update_data_vec: Problem data validation.
ERROR in osqp_update_data_vec: Problem data validation.
ERROR in osqp_update_data_vec: Problem data validation.
ERROR in osqp_update_data_vec: Problem data validation.
ERROR in osqp_update_data_vec: Problem data validation.
ERROR in osqp_update_data_vec: Problem data validation.
ERROR in osqp_update_data_vec: Problem data validation.
ERROR in osqp_update_data_vec: Problem data validation.
ERROR in osqp_update_data_vec: Problem data validation.
ERROR in osqp_update_data_vec: Problem data validation.
ERROR in osqp_update_data_vec: Problem data validation.
ERROR in osqp_update_data_vec: Problem data validation.
ERROR in osqp_update_data_vec: Problem data validation.
ERROR in osqp_update_data_vec: Problem data validation.
ERROR in osqp_update_data_vec: Problem data validation.
ERROR in osqp_update_data_vec: Problem data validation.
ERROR in osqp_update_data_vec: Problem data validation.
ERROR in osqp_update_data_vec: Problem data validation.
ERROR in osqp_update_data_vec: Problem data validation.
ERROR in osqp_update_data_vec: Problem data validation.
ERROR in osqp_update_data_vec: Problem data validation.
ERROR in osqp_update_data_vec: Problem data validation.
ERROR in osqp_update_data_vec: Problem data validation.
ERROR in osqp_update_data_vec: Problem data validation.
ERROR in osqp_update_data_vec: Problem data validation.
ERROR in osqp_update_data_vec: Problem data validation.
ERROR in osqp_update_data_vec: Problem data validation.
ERROR in osqp_update_data_vec: Problem data validation.
ERROR in osqp_update_data_vec: Problem data validation.
ERROR in osqp_update_data_vec: Problem data validation.
ERROR in osqp_update_data_vec: Problem data validation.
ERROR in osqp_update_data_vec: Problem data validation.
ERROR in osqp_update_data_vec: Problem data validation.
ERROR in osqp_update_data_vec: Problem data validation.
ERROR in osqp_update_data_vec: Problem data validation.
ERROR in osqp_update_data_vec: Problem data validation.
ERROR in osqp_update_data_vec: Problem data validation.
ERROR in osqp_update_data_vec: Problem data validation.
ERROR in osqp_update_data_vec: Problem data validation.
ERROR in osqp_update_data_vec: Problem data validation.
ERROR in osqp_update_data_vec: Problem data validation.
ERROR in osqp_update_data_vec: Problem data validation.
ERROR in osqp_update_data_vec: Problem data validation.
ERROR in osqp_update_data_vec: Problem data validation.
ERROR in osqp_update_data_vec: Problem data validation.
ERROR in osqp_update_data_vec: Problem data validation.
ERROR in osqp_update_data_vec: Problem data validation.
ERROR in osqp_update_data_vec: Problem data validation.
ERROR in osqp_update_data_vec: Problem data validation.
ERROR in osqp_update_data_vec: Problem data validation.
ERROR in osqp_update_data_vec: Problem data validation.
ERROR in osqp_update_data_vec: Problem data validation.
ERROR in osqp_update_data_vec: Problem data validation.
ERROR in osqp_update_data_vec: Problem data validation.
ERROR in osqp_update_data_vec: Problem data validation.
ERROR in osqp_update_data_vec: Problem data validation.
ERROR in osqp_update_data_vec: Problem data validation.
ERROR in osqp_update_data_vec: Problem data validation.
ERROR in osqp_update_data_vec: Problem data validation.
ERROR in osqp_update_data_vec: Problem data validation.
ERROR in osqp_update_data_vec: Problem data validation.
ERROR in osqp_update_data_vec: Problem data validation.
ERROR in osqp_update_data_vec: Problem data validation.
ERROR in osqp_update_data_vec: Problem data validation.
ERROR in osqp_update_data_vec: Problem data validation.
ERROR in osqp_update_data_vec: Problem data validation.
ERROR in osqp_update_data_vec: Problem data validation.
ERROR in osqp_update_data_vec: Problem data validation.
ERROR in osqp_update_data_vec: Problem data validation.
ERROR in osqp_update_data_vec: Problem data validation.
ERROR in osqp_update_data_vec: Problem data validation.
ERROR in osqp_update_data_vec: Problem data validation.
ERROR in osqp_update_data_vec: Problem data validation.
ERROR in osqp_update_data_vec: Problem data validation.
ERROR in osqp_update_data_vec: Problem data validation.
ERROR in osqp_update_data_vec: Problem data validation.
ERROR in osqp_update_data_vec: Problem data validation.
ERROR in osqp_update_data_vec: Problem data validation.
[012/100] idx= 10 -> success    (raw=success, compute_ms=8.579804955039467, intv=0.3401032543929176)
[013/100] idx= 18 -> infeasible (raw=infeasible, compute_ms=10.328359463521002, intv=0.7465812602031195)
[014/100] idx= 12 -> success    (raw=success, compute_ms=7.719994528014536, intv=0.231983197337468)
[015/100] idx= 13 -> success    (raw=success, compute_ms=6.995305340412407, intv=0.17669926477173725)
/Users/parkcart/workspace/occlusion-cbf/.venv/lib/python3.10/site-packages/cvxpy/problems/problem.py:1545: UserWarning: 
    The problem is either infeasible or unbounded, but the solver
    cannot tell which. Disable any solver-specific presolve methods
    and re-solve to determine the precise problem status.

    For GUROBI and CPLEX you can automatically perform this re-solve
    with the keyword argument prob.solve(reoptimize=True, ...).
    
  warnings.warn(INF_OR_UNB_MESSAGE)
ERROR in osqp_update_data_vec: Problem data validation.
ERROR in osqp_update_data_vec: Problem data validation.
ERROR in osqp_update_data_vec: Problem data validation.
ERROR in osqp_update_data_vec: Problem data validation.
ERROR in osqp_update_data_vec: Problem data validation.
Infeasible detected!!
ERROR in osqp_update_data_vec: Problem data validation.
ERROR in osqp_update_data_vec: Problem data validation.
ERROR in osqp_update_data_vec: Problem data validation.
ERROR in osqp_update_data_vec: Problem data validation.
ERROR in osqp_update_data_vec: Problem data validation.
ERROR in osqp_update_data_vec: Problem data validation.
ERROR in osqp_update_data_vec: Problem data validation.
ERROR in osqp_update_data_vec: Problem data validation.
ERROR in osqp_update_data_vec: Problem data validation.
ERROR in osqp_update_data_vec: Problem data validation.
ERROR in osqp_update_data_vec: Problem data validation.
ERROR in osqp_update_data_vec: Problem data validation.
ERROR in osqp_update_data_vec: Problem data validation.
ERROR in osqp_update_data_vec: Problem data validation.
ERROR in osqp_update_data_vec: Problem data validation.
ERROR in osqp_update_data_vec: Problem data validation.
ERROR in osqp_update_data_vec: Problem data validation.
ERROR in osqp_update_data_vec: Problem data validation.
ERROR in osqp_update_data_vec: Problem data validation.
ERROR in osqp_update_data_vec: Problem data validation.
ERROR in osqp_update_data_vec: Problem data validation.
ERROR in osqp_update_data_vec: Problem data validation.
ERROR in osqp_update_data_vec: Problem data validation.
ERROR in osqp_update_data_vec: Problem data validation.
ERROR in osqp_update_data_vec: Problem data validation.
ERROR in osqp_update_data_vec: Problem data validation.
ERROR in osqp_update_data_vec: Problem data validation.
ERROR in osqp_update_data_vec: Problem data validation.
ERROR in osqp_update_data_vec: Problem data validation.
ERROR in osqp_update_data_vec: Problem data validation.
ERROR in osqp_update_data_vec: Problem data validation.
ERROR in osqp_update_data_vec: Problem data validation.
ERROR in osqp_update_data_vec: Problem data validation.
ERROR in osqp_update_data_vec: Problem data validation.
ERROR in osqp_update_data_vec: Problem data validation.
ERROR in osqp_update_data_vec: Problem data validation.
ERROR in osqp_update_data_vec: Problem data validation.
ERROR in osqp_update_data_vec: Problem data validation.
ERROR in osqp_update_data_vec: Problem data validation.
ERROR in osqp_update_data_vec: Problem data validation.
ERROR in osqp_update_data_vec: Problem data validation.
ERROR in osqp_update_data_vec: Problem data validation.
ERROR in osqp_update_data_vec: Problem data validation.
ERROR in osqp_update_data_vec: Problem data validation.
ERROR in osqp_update_data_vec: Problem data validation.
ERROR in osqp_update_data_vec: Problem data validation.
ERROR in osqp_update_data_vec: Problem data validation.
ERROR in osqp_update_data_vec: Problem data validation.
ERROR in osqp_update_data_vec: Problem data validation.
ERROR in osqp_update_data_vec: Problem data validation.
ERROR in osqp_update_data_vec: Problem data validation.
ERROR in osqp_update_data_vec: Problem data validation.
ERROR in osqp_update_data_vec: Problem data validation.
ERROR in osqp_update_data_vec: Problem data validation.
ERROR in osqp_update_data_vec: Problem data validation.
ERROR in osqp_update_data_vec: Problem data validation.
ERROR in osqp_update_data_vec: Problem data validation.
ERROR in osqp_update_data_vec: Problem data validation.
ERROR in osqp_update_data_vec: Problem data validation.
ERROR in osqp_update_data_vec: Problem data validation.
ERROR in osqp_update_data_vec: Problem data validation.
ERROR in osqp_update_data_vec: Problem data validation.
ERROR in osqp_update_data_vec: Problem data validation.
ERROR in osqp_update_data_vec: Problem data validation.
ERROR in osqp_update_data_vec: Problem data validation.
ERROR in osqp_update_data_vec: Problem data validation.
ERROR in osqp_update_data_vec: Problem data validation.
ERROR in osqp_update_data_vec: Problem data validation.
ERROR in osqp_update_data_vec: Problem data validation.
ERROR in osqp_update_data_vec: Problem data validation.
ERROR in osqp_update_data_vec: Problem data validation.
ERROR in osqp_update_data_vec: Problem data validation.
ERROR in osqp_update_data_vec: Problem data validation.
ERROR in osqp_update_data_vec: Problem data validation.
ERROR in osqp_update_data_vec: Problem data validation.
ERROR in osqp_update_data_vec: Problem data validation.
ERROR in osqp_update_data_vec: Problem data validation.
ERROR in osqp_update_data_vec: Problem data validation.
ERROR in osqp_update_data_vec: Problem data validation.
ERROR in osqp_update_data_vec: Problem data validation.
ERROR in osqp_update_data_vec: Problem data validation.
ERROR in osqp_update_data_vec: Problem data validation.
ERROR in osqp_update_data_vec: Problem data validation.
ERROR in osqp_update_data_vec: Problem data validation.
ERROR in osqp_update_data_vec: Problem data validation.
ERROR in osqp_update_data_vec: Problem data validation.
ERROR in osqp_update_data_vec: Problem data validation.
ERROR in osqp_update_data_vec: Problem data validation.
ERROR in osqp_update_data_vec: Problem data validation.
ERROR in osqp_update_data_vec: Problem data validation.
ERROR in osqp_update_data_vec: Problem data validation.
ERROR in osqp_update_data_vec: Problem data validation.
ERROR in osqp_update_data_vec: Problem data validation.
ERROR in osqp_update_data_vec: Problem data validation.
ERROR in osqp_update_data_vec: Problem data validation.
ERROR in osqp_update_data_vec: Problem data validation.
ERROR in osqp_update_data_vec: Problem data validation.
ERROR in osqp_update_data_vec: Problem data validation.
ERROR in osqp_update_data_vec: Problem data validation.
ERROR in osqp_update_data_vec: Problem data validation.
ERROR in osqp_update_data_vec: Problem data validation.
ERROR in osqp_update_data_vec: Problem data validation.
ERROR in osqp_update_data_vec: Problem data validation.
ERROR in osqp_update_data_vec: Problem data validation.
ERROR in osqp_update_data_vec: Problem data validation.
ERROR in osqp_update_data_vec: Problem data validation.
ERROR in osqp_update_data_vec: Problem data validation.
ERROR in osqp_update_data_vec: Problem data validation.
ERROR in osqp_update_data_vec: Problem data validation.
ERROR in osqp_update_data_vec: Problem data validation.
ERROR in osqp_update_data_vec: Problem data validation.
ERROR in osqp_update_data_vec: Problem data validation.
ERROR in osqp_update_data_vec: Problem data validation.
ERROR in osqp_update_data_vec: Problem data validation.
ERROR in osqp_update_data_vec: Problem data validation.
ERROR in osqp_update_data_vec: Problem data validation.
ERROR in osqp_update_data_vec: Problem data validation.
ERROR in osqp_update_data_vec: Problem data validation.
ERROR in osqp_update_data_vec: Problem data validation.
ERROR in osqp_update_data_vec: Problem data validation.
ERROR in osqp_update_data_vec: Problem data validation.
ERROR in osqp_update_data_vec: Problem data validation.
ERROR in osqp_update_data_vec: Problem data validation.
ERROR in osqp_update_data_vec: Problem data validation.
ERROR in osqp_update_data_vec: Problem data validation.
ERROR in osqp_update_data_vec: Problem data validation.
ERROR in osqp_update_data_vec: Problem data validation.
ERROR in osqp_update_data_vec: Problem data validation.
ERROR in osqp_update_data_vec: Problem data validation.
ERROR in osqp_update_data_vec: Problem data validation.
ERROR in osqp_update_data_vec: Problem data validation.
ERROR in osqp_update_data_vec: Problem data validation.
ERROR in osqp_update_data_vec: Problem data validation.
ERROR in osqp_update_data_vec: Problem data validation.
ERROR in osqp_update_data_vec: Problem data validation.
ERROR in osqp_update_data_vec: Problem data validation.
ERROR in osqp_update_data_vec: Problem data validation.
ERROR in osqp_update_data_vec: Problem data validation.
ERROR in osqp_update_data_vec: Problem data validation.
ERROR in osqp_update_data_vec: Problem data validation.
[016/100] idx= 16 -> success    (raw=success, compute_ms=7.986537161479263, intv=0.11867989186167363)
[017/100] idx= 15 -> success    (raw=success, compute_ms=7.747679558998298, intv=0.33310669387484976)
[018/100] idx= 17 -> success    (raw=success, compute_ms=7.707711793023626, intv=0.36266045609491043)
ERROR in osqp_update_data_vec: Problem data validation.
ERROR in osqp_update_data_vec: Problem data validation.
ERROR in osqp_update_data_vec: Problem data validation.
ERROR in osqp_update_data_vec: Problem data validation.
ERROR in osqp_update_data_vec: Problem data validation.
ERROR in osqp_update_data_vec: Problem data validation.
ERROR in osqp_update_data_vec: Problem data validation.
ERROR in osqp_update_data_vec: Problem data validation.
ERROR in osqp_update_data_vec: Problem data validation.
ERROR in osqp_update_data_vec: Problem data validation.
ERROR in osqp_update_data_vec: Problem data validation.
ERROR in osqp_update_data_vec: Problem data validation.
ERROR in osqp_update_data_vec: Problem data validation.
ERROR in osqp_update_data_vec: Problem data validation.
ERROR in osqp_update_data_vec: Problem data validation.
ERROR in osqp_update_data_vec: Problem data validation.
ERROR in osqp_update_data_vec: Problem data validation.
ERROR in osqp_update_data_vec: Problem data validation.
ERROR in osqp_update_data_vec: Problem data validation.
ERROR in osqp_update_data_vec: Problem data validation.
ERROR in osqp_update_data_vec: Problem data validation.
ERROR in osqp_update_data_vec: Problem data validation.
ERROR in osqp_update_data_vec: Problem data validation.
ERROR in osqp_update_data_vec: Problem data validation.
ERROR in osqp_update_data_vec: Problem data validation.
ERROR in osqp_update_data_vec: Problem data validation.
ERROR in osqp_update_data_vec: Problem data validation.
ERROR in osqp_update_data_vec: Problem data validation.
ERROR in osqp_update_data_vec: Problem data validation.
ERROR in osqp_update_data_vec: Problem data validation.
ERROR in osqp_update_data_vec: Problem data validation.
ERROR in osqp_update_data_vec: Problem data validation.
ERROR in osqp_update_data_vec: Problem data validation.
ERROR in osqp_update_data_vec: Problem data validation.
ERROR in osqp_update_data_vec: Problem data validation.
ERROR in osqp_update_data_vec: Problem data validation.
ERROR in osqp_update_data_vec: Problem data validation.
ERROR in osqp_update_data_vec: Problem data validation.
ERROR in osqp_update_data_vec: Problem data validation.
ERROR in osqp_update_data_vec: Problem data validation.
ERROR in osqp_update_data_vec: Problem data validation.
ERROR in osqp_update_data_vec: Problem data validation.
ERROR in osqp_update_data_vec: Problem data validation.
ERROR in osqp_update_data_vec: Problem data validation.
ERROR in osqp_update_data_vec: Problem data validation.
ERROR in osqp_update_data_vec: Problem data validation.
ERROR in osqp_update_data_vec: Problem data validation.
ERROR in osqp_update_data_vec: Problem data validation.
ERROR in osqp_update_data_vec: Problem data validation.
ERROR in osqp_update_data_vec: Problem data validation.
ERROR in osqp_update_data_vec: Problem data validation.
ERROR in osqp_update_data_vec: Problem data validation.
ERROR in osqp_update_data_vec: Problem data validation.
ERROR in osqp_update_data_vec: Problem data validation.
ERROR in osqp_update_data_vec: Problem data validation.
ERROR in osqp_update_data_vec: Problem data validation.
ERROR in osqp_update_data_vec: Problem data validation.
ERROR in osqp_update_data_vec: Problem data validation.
ERROR in osqp_update_data_vec: Problem data validation.
ERROR in osqp_update_data_vec: Problem data validation.
ERROR in osqp_update_data_vec: Problem data validation.
ERROR in osqp_update_data_vec: Problem data validation.
ERROR in osqp_update_data_vec: Problem data validation.
ERROR in osqp_update_data_vec: Problem data validation.
ERROR in osqp_update_data_vec: Problem data validation.
ERROR in osqp_update_data_vec: Problem data validation.
ERROR in osqp_update_data_vec: Problem data validation.
ERROR in osqp_update_data_vec: Problem data validation.
ERROR in osqp_update_data_vec: Problem data validation.
ERROR in osqp_update_data_vec: Problem data validation.
ERROR in osqp_update_data_vec: Problem data validation.
ERROR in osqp_update_data_vec: Problem data validation.
ERROR in osqp_update_data_vec: Problem data validation.
ERROR in osqp_update_data_vec: Problem data validation.
ERROR in osqp_update_data_vec: Problem data validation.
ERROR in osqp_update_data_vec: Problem data validation.
ERROR in osqp_update_data_vec: Problem data validation.
ERROR in osqp_update_data_vec: Problem data validation.
ERROR in osqp_update_data_vec: Problem data validation.
ERROR in osqp_update_data_vec: Problem data validation.
ERROR in osqp_update_data_vec: Problem data validation.
ERROR in osqp_update_data_vec: Problem data validation.
ERROR in osqp_update_data_vec: Problem data validation.
ERROR in osqp_update_data_vec: Problem data validation.
ERROR in osqp_update_data_vec: Problem data validation.
ERROR in osqp_update_data_vec: Problem data validation.
ERROR in osqp_update_data_vec: Problem data validation.
ERROR in osqp_update_data_vec: Problem data validation.
ERROR in osqp_update_data_vec: Problem data validation.
ERROR in osqp_update_data_vec: Problem data validation.
ERROR in osqp_update_data_vec: Problem data validation.
ERROR in osqp_update_data_vec: Problem data validation.
ERROR in osqp_update_data_vec: Problem data validation.
ERROR in osqp_update_data_vec: Problem data validation.
ERROR in osqp_update_data_vec: Problem data validation.
ERROR in osqp_update_data_vec: Problem data validation.
ERROR in osqp_update_data_vec: Problem data validation.
ERROR in osqp_update_data_vec: Problem data validation.
ERROR in osqp_update_data_vec: Problem data validation.
ERROR in osqp_update_data_vec: Problem data validation.
ERROR in osqp_update_data_vec: Problem data validation.
ERROR in osqp_update_data_vec: Problem data validation.
ERROR in osqp_update_data_vec: Problem data validation.
ERROR in osqp_update_data_vec: Problem data validation.
Collision with known obstacle detected! Obs: [ 2.41045712 13.01186711  0.30989269  0.39236948 -0.2615479  -2.
 32.          1.        ], Robot: [ 2.96048376 12.91367321] 0.25, Distance: 0.5587229593015615, True
Collision detected !!
ERROR in osqp_update_data_vec: Problem data validation.
ERROR in osqp_update_data_vec: Problem data validation.
ERROR in osqp_update_data_vec: Problem data validation.
ERROR in osqp_update_data_vec: Problem data validation.
ERROR in osqp_update_data_vec: Problem data validation.
ERROR in osqp_update_data_vec: Problem data validation.
ERROR in osqp_update_data_vec: Problem data validation.
ERROR in osqp_update_data_vec: Problem data validation.
ERROR in osqp_update_data_vec: Problem data validation.
ERROR in osqp_update_data_vec: Problem data validation.
ERROR in osqp_update_data_vec: Problem data validation.
ERROR in osqp_update_data_vec: Problem data validation.
ERROR in osqp_update_data_vec: Problem data validation.
ERROR in osqp_update_data_vec: Problem data validation.
ERROR in osqp_update_data_vec: Problem data validation.
ERROR in osqp_update_data_vec: Problem data validation.
ERROR in osqp_update_data_vec: Problem data validation.
ERROR in osqp_update_data_vec: Problem data validation.
ERROR in osqp_update_data_vec: Problem data validation.
ERROR in osqp_update_data_vec: Problem data validation.
ERROR in osqp_update_data_vec: Problem data validation.
ERROR in osqp_update_data_vec: Problem data validation.
ERROR in osqp_update_data_vec: Problem data validation.
ERROR in osqp_update_data_vec: Problem data validation.
ERROR in osqp_update_data_vec: Problem data validation.
ERROR in osqp_update_data_vec: Problem data validation.
ERROR in osqp_update_data_vec: Problem data validation.
ERROR in osqp_update_data_vec: Problem data validation.
ERROR in osqp_update_data_vec: Problem data validation.
ERROR in osqp_update_data_vec: Problem data validation.
ERROR in osqp_update_data_vec: Problem data validation.
ERROR in osqp_update_data_vec: Problem data validation.
ERROR in osqp_update_data_vec: Problem data validation.
ERROR in osqp_update_data_vec: Problem data validation.
ERROR in osqp_update_data_vec: Problem data validation.
ERROR in osqp_update_data_vec: Problem data validation.
ERROR in osqp_update_data_vec: Problem data validation.
ERROR in osqp_update_data_vec: Problem data validation.
[019/100] idx= 19 -> success    (raw=success, compute_ms=8.352850973215542, intv=0.2654356721935627)
[020/100] idx= 21 -> success    (raw=success, compute_ms=7.068646941044254, intv=0.18788201144325364)
[021/100] idx= 20 -> success    (raw=success, compute_ms=7.628710354828664, intv=0.3202893443595125)
/Users/parkcart/workspace/occlusion-cbf/.venv/lib/python3.10/site-packages/cvxpy/problems/problem.py:1545: UserWarning: 
    The problem is either infeasible or unbounded, but the solver
    cannot tell which. Disable any solver-specific presolve methods
    and re-solve to determine the precise problem status.

    For GUROBI and CPLEX you can automatically perform this re-solve
    with the keyword argument prob.solve(reoptimize=True, ...).
    
  warnings.warn(INF_OR_UNB_MESSAGE)
[022/100] idx= 27 -> infeasible (raw=infeasible, compute_ms=9.422784793462554, intv=0.6342121120510144)
[023/100] idx= 22 -> success    (raw=success, compute_ms=7.543102371255573, intv=0.2374758595672846)
[024/100] idx= 24 -> success    (raw=success, compute_ms=6.646379287731384, intv=0.1253602435855688)
[025/100] idx= 23 -> infeasible (raw=infeasible, compute_ms=7.664703880380234, intv=0.30012683895227726)
[026/100] idx= 25 -> success    (raw=success, compute_ms=6.815264413030476, intv=0.1872615790390421)
[027/100] idx= 26 -> success    (raw=success, compute_ms=7.002870203265068, intv=0.20677869583984138)
[028/100] idx= 28 -> success    (raw=success, compute_ms=7.366612500712707, intv=0.13716914655234944)
[029/100] idx= 29 -> success    (raw=success, compute_ms=6.714187654916584, intv=0.12470165342094217)
[030/100] idx= 31 -> success    (raw=success, compute_ms=7.42958519971359, intv=0.1685574064436397)
[031/100] idx= 30 -> success    (raw=success, compute_ms=7.538238677105057, intv=0.34222738918736817)
[032/100] idx= 32 -> success    (raw=success, compute_ms=8.02783089264582, intv=0.22809780081273087)
[033/100] idx= 33 -> collision  (raw=collision, compute_ms=8.091215065421261, intv=0.3084697873545378)
[034/100] idx= 36 -> collision  (raw=collision, compute_ms=9.87539828714613, intv=0.10682774001812934)
ERROR in osqp_update_data_vec: Problem data validation.
ERROR in osqp_update_data_vec: Problem data validation.
ERROR in osqp_update_data_vec: Problem data validation.
ERROR in osqp_update_data_vec: Problem data validation.
ERROR in osqp_update_data_vec: Problem data validation.
ERROR in osqp_update_data_vec: Problem data validation.
ERROR in osqp_update_data_vec: Problem data validation.
ERROR in osqp_update_data_vec: Problem data validation.
ERROR in osqp_update_data_vec: Problem data validation.
ERROR in osqp_update_data_vec: Problem data validation.
ERROR in osqp_update_data_vec: Problem data validation.
ERROR in osqp_update_data_vec: Problem data validation.
ERROR in osqp_update_data_vec: Problem data validation.
ERROR in osqp_update_data_vec: Problem data validation.
ERROR in osqp_update_data_vec: Problem data validation.
ERROR in osqp_update_data_vec: Problem data validation.
ERROR in osqp_update_data_vec: Problem data validation.
ERROR in osqp_update_data_vec: Problem data validation.
ERROR in osqp_update_data_vec: Problem data validation.
ERROR in osqp_update_data_vec: Problem data validation.
ERROR in osqp_update_data_vec: Problem data validation.
ERROR in osqp_update_data_vec: Problem data validation.
ERROR in osqp_update_data_vec: Problem data validation.
ERROR in osqp_update_data_vec: Problem data validation.
ERROR in osqp_update_data_vec: Problem data validation.
ERROR in osqp_update_data_vec: Problem data validation.
ERROR in osqp_update_data_vec: Problem data validation.
ERROR in osqp_update_data_vec: Problem data validation.
ERROR in osqp_update_data_vec: Problem data validation.
ERROR in osqp_update_data_vec: Problem data validation.
ERROR in osqp_update_data_vec: Problem data validation.
ERROR in osqp_update_data_vec: Problem data validation.
ERROR in osqp_update_data_vec: Problem data validation.
ERROR in osqp_update_data_vec: Problem data validation.
ERROR in osqp_update_data_vec: Problem data validation.
ERROR in osqp_update_data_vec: Problem data validation.
ERROR in osqp_update_data_vec: Problem data validation.
ERROR in osqp_update_data_vec: Problem data validation.
ERROR in osqp_update_data_vec: Problem data validation.
ERROR in osqp_update_data_vec: Problem data validation.
ERROR in osqp_update_data_vec: Problem data validation.
ERROR in osqp_update_data_vec: Problem data validation.
ERROR in osqp_update_data_vec: Problem data validation.
ERROR in osqp_update_data_vec: Problem data validation.
ERROR in osqp_update_data_vec: Problem data validation.
ERROR in osqp_update_data_vec: Problem data validation.
ERROR in osqp_update_data_vec: Problem data validation.
ERROR in osqp_update_data_vec: Problem data validation.
ERROR in osqp_update_data_vec: Problem data validation.
Infeasible detected!!
ERROR in osqp_update_data_vec: Problem data validation.
ERROR in osqp_update_data_vec: Problem data validation.
ERROR in osqp_update_data_vec: Problem data validation.
ERROR in osqp_update_data_vec: Problem data validation.
ERROR in osqp_update_data_vec: Problem data validation.
ERROR in osqp_update_data_vec: Problem data validation.
ERROR in osqp_update_data_vec: Problem data validation.
ERROR in osqp_update_data_vec: Problem data validation.
ERROR in osqp_update_data_vec: Problem data validation.
Infeasible detected!!
ERROR in osqp_update_data_vec: Problem data validation.
ERROR in osqp_update_data_vec: Problem data validation.
ERROR in osqp_update_data_vec: Problem data validation.
ERROR in osqp_update_data_vec: Problem data validation.
ERROR in osqp_update_data_vec: Problem data validation.
ERROR in osqp_update_data_vec: Problem data validation.
ERROR in osqp_update_data_vec: Problem data validation.
ERROR in osqp_update_data_vec: Problem data validation.
ERROR in osqp_update_data_vec: Problem data validation.
ERROR in osqp_update_data_vec: Problem data validation.
ERROR in osqp_update_data_vec: Problem data validation.
ERROR in osqp_update_data_vec: Problem data validation.
ERROR in osqp_update_data_vec: Problem data validation.
ERROR in osqp_update_data_vec: Problem data validation.
ERROR in osqp_update_data_vec: Problem data validation.
ERROR in osqp_update_data_vec: Problem data validation.
ERROR in osqp_update_data_vec: Problem data validation.
ERROR in osqp_update_data_vec: Problem data validation.
ERROR in osqp_update_data_vec: Problem data validation.
ERROR in osqp_update_data_vec: Problem data validation.
ERROR in osqp_update_data_vec: Problem data validation.
ERROR in osqp_update_data_vec: Problem data validation.
ERROR in osqp_update_data_vec: Problem data validation.
ERROR in osqp_update_data_vec: Problem data validation.
ERROR in osqp_update_data_vec: Problem data validation.
ERROR in osqp_update_data_vec: Problem data validation.
ERROR in osqp_update_data_vec: Problem data validation.
ERROR in osqp_update_data_vec: Problem data validation.
ERROR in osqp_update_data_vec: Problem data validation.
ERROR in osqp_update_data_vec: Problem data validation.
ERROR in osqp_update_data_vec: Problem data validation.
ERROR in osqp_update_data_vec: Problem data validation.
ERROR in osqp_update_data_vec: Problem data validation.
ERROR in osqp_update_data_vec: Problem data validation.
ERROR in osqp_update_data_vec: Problem data validation.
ERROR in osqp_update_data_vec: Problem data validation.
ERROR in osqp_update_data_vec: Problem data validation.
ERROR in osqp_update_data_vec: Problem data validation.
ERROR in osqp_update_data_vec: Problem data validation.
ERROR in osqp_update_data_vec: Problem data validation.
ERROR in osqp_update_data_vec: Problem data validation.
ERROR in osqp_update_data_vec: Problem data validation.
ERROR in osqp_update_data_vec: Problem data validation.
ERROR in osqp_update_data_vec: Problem data validation.
ERROR in osqp_update_data_vec: Problem data validation.
ERROR in osqp_update_data_vec: Problem data validation.
ERROR in osqp_update_data_vec: Problem data validation.
ERROR in osqp_update_data_vec: Problem data validation.
ERROR in osqp_update_data_vec: Problem data validation.
ERROR in osqp_update_data_vec: Problem data validation.
ERROR in osqp_update_data_vec: Problem data validation.
ERROR in osqp_update_data_vec: Problem data validation.
ERROR in osqp_update_data_vec: Problem data validation.
ERROR in osqp_update_data_vec: Problem data validation.
ERROR in osqp_update_data_vec: Problem data validation.
ERROR in osqp_update_data_vec: Problem data validation.
ERROR in osqp_update_data_vec: Problem data validation.
ERROR in osqp_update_data_vec: Problem data validation.
ERROR in osqp_update_data_vec: Problem data validation.
ERROR in osqp_update_data_vec: Problem data validation.
ERROR in osqp_update_data_vec: Problem data validation.
ERROR in osqp_update_data_vec: Problem data validation.
ERROR in osqp_update_data_vec: Problem data validation.
ERROR in osqp_update_data_vec: Problem data validation.
ERROR in osqp_update_data_vec: Problem data validation.
ERROR in osqp_update_data_vec: Problem data validation.
ERROR in osqp_update_data_vec: Problem data validation.
ERROR in osqp_update_data_vec: Problem data validation.
ERROR in osqp_update_data_vec: Problem data validation.
ERROR in osqp_update_data_vec: Problem data validation.
ERROR in osqp_update_data_vec: Problem data validation.
ERROR in osqp_update_data_vec: Problem data validation.
ERROR in osqp_update_data_vec: Problem data validation.
ERROR in osqp_update_data_vec: Problem data validation.
ERROR in osqp_update_data_vec: Problem data validation.
ERROR in osqp_update_data_vec: Problem data validation.
ERROR in osqp_update_data_vec: Problem data validation.
ERROR in osqp_update_data_vec: Problem data validation.
ERROR in osqp_update_data_vec: Problem data validation.
ERROR in osqp_update_data_vec: Problem data validation.
ERROR in osqp_update_data_vec: Problem data validation.
ERROR in osqp_update_data_vec: Problem data validation.
ERROR in osqp_update_data_vec: Problem data validation.
ERROR in osqp_update_data_vec: Problem data validation.
ERROR in osqp_update_data_vec: Problem data validation.
ERROR in osqp_update_data_vec: Problem data validation.
ERROR in osqp_update_data_vec: Problem data validation.
[035/100] idx= 35 -> infeasible (raw=infeasible, compute_ms=9.336999436383305, intv=0.4165956870712768)
[036/100] idx= 34 -> collision  (raw=collision, compute_ms=6.995030533326738, intv=0.48362872899148296)
ERROR in osqp_update_data_vec: Problem data validation.
ERROR in osqp_update_data_vec: Problem data validation.
ERROR in osqp_update_data_vec: Problem data validation.
ERROR in osqp_update_data_vec: Problem data validation.
ERROR in osqp_update_data_vec: Problem data validation.
ERROR in osqp_update_data_vec: Problem data validation.
ERROR in osqp_update_data_vec: Problem data validation.
ERROR in osqp_update_data_vec: Problem data validation.
ERROR in osqp_update_data_vec: Problem data validation.
ERROR in osqp_update_data_vec: Problem data validation.
ERROR in osqp_update_data_vec: Problem data validation.
ERROR in osqp_update_data_vec: Problem data validation.
ERROR in osqp_update_data_vec: Problem data validation.
ERROR in osqp_update_data_vec: Problem data validation.
ERROR in osqp_update_data_vec: Problem data validation.
ERROR in osqp_update_data_vec: Problem data validation.
ERROR in osqp_update_data_vec: Problem data validation.
ERROR in osqp_update_data_vec: Problem data validation.
ERROR in osqp_update_data_vec: Problem data validation.
ERROR in osqp_update_data_vec: Problem data validation.
ERROR in osqp_update_data_vec: Problem data validation.
ERROR in osqp_update_data_vec: Problem data validation.
ERROR in osqp_update_data_vec: Problem data validation.
ERROR in osqp_update_data_vec: Problem data validation.
ERROR in osqp_update_data_vec: Problem data validation.
ERROR in osqp_update_data_vec: Problem data validation.
ERROR in osqp_update_data_vec: Problem data validation.
ERROR in osqp_update_data_vec: Problem data validation.
ERROR in osqp_update_data_vec: Problem data validation.
ERROR in osqp_update_data_vec: Problem data validation.
ERROR in osqp_update_data_vec: Problem data validation.
ERROR in osqp_update_data_vec: Problem data validation.
ERROR in osqp_update_data_vec: Problem data validation.
ERROR in osqp_update_data_vec: Problem data validation.
ERROR in osqp_update_data_vec: Problem data validation.
ERROR in osqp_update_data_vec: Problem data validation.
ERROR in osqp_update_data_vec: Problem data validation.
ERROR in osqp_update_data_vec: Problem data validation.
ERROR in osqp_update_data_vec: Problem data validation.
ERROR in osqp_update_data_vec: Problem data validation.
ERROR in osqp_update_data_vec: Problem data validation.
ERROR in osqp_update_data_vec: Problem data validation.
ERROR in osqp_update_data_vec: Problem data validation.
ERROR in osqp_update_data_vec: Problem data validation.
ERROR in osqp_update_data_vec: Problem data validation.
ERROR in osqp_update_data_vec: Problem data validation.
ERROR in osqp_update_data_vec: Problem data validation.
ERROR in osqp_update_data_vec: Problem data validation.
ERROR in osqp_update_data_vec: Problem data validation.
ERROR in osqp_update_data_vec: Problem data validation.
ERROR in osqp_update_data_vec: Problem data validation.
ERROR in osqp_update_data_vec: Problem data validation.
ERROR in osqp_update_data_vec: Problem data validation.
ERROR in osqp_update_data_vec: Problem data validation.
ERROR in osqp_update_data_vec: Problem data validation.
ERROR in osqp_update_data_vec: Problem data validation.
ERROR in osqp_update_data_vec: Problem data validation.
ERROR in osqp_update_data_vec: Problem data validation.
Infeasible detected!!
ERROR in osqp_update_data_vec: Problem data validation.
ERROR in osqp_update_data_vec: Problem data validation.
ERROR in osqp_update_data_vec: Problem data validation.
ERROR in osqp_update_data_vec: Problem data validation.
ERROR in osqp_update_data_vec: Problem data validation.
ERROR in osqp_update_data_vec: Problem data validation.
ERROR in osqp_update_data_vec: Problem data validation.
ERROR in osqp_update_data_vec: Problem data validation.
ERROR in osqp_update_data_vec: Problem data validation.
ERROR in osqp_update_data_vec: Problem data validation.
ERROR in osqp_update_data_vec: Problem data validation.
ERROR in osqp_update_data_vec: Problem data validation.
ERROR in osqp_update_data_vec: Problem data validation.
ERROR in osqp_update_data_vec: Problem data validation.
ERROR in osqp_update_data_vec: Problem data validation.
ERROR in osqp_update_data_vec: Problem data validation.
ERROR in osqp_update_data_vec: Problem data validation.
ERROR in osqp_update_data_vec: Problem data validation.
ERROR in osqp_update_data_vec: Problem data validation.
ERROR in osqp_update_data_vec: Problem data validation.
ERROR in osqp_update_data_vec: Problem data validation.
ERROR in osqp_update_data_vec: Problem data validation.
ERROR in osqp_update_data_vec: Problem data validation.
ERROR in osqp_update_data_vec: Problem data validation.
ERROR in osqp_update_data_vec: Problem data validation.
ERROR in osqp_update_data_vec: Problem data validation.
ERROR in osqp_update_data_vec: Problem data validation.
ERROR in osqp_update_data_vec: Problem data validation.
ERROR in osqp_update_data_vec: Problem data validation.
ERROR in osqp_update_data_vec: Problem data validation.
ERROR in osqp_update_data_vec: Problem data validation.
ERROR in osqp_update_data_vec: Problem data validation.
ERROR in osqp_update_data_vec: Problem data validation.
ERROR in osqp_update_data_vec: Problem data validation.
ERROR in osqp_update_data_vec: Problem data validation.
ERROR in osqp_update_data_vec: Problem data validation.
ERROR in osqp_update_data_vec: Problem data validation.
ERROR in osqp_update_data_vec: Problem data validation.
ERROR in osqp_update_data_vec: Problem data validation.
ERROR in osqp_update_data_vec: Problem data validation.
ERROR in osqp_update_data_vec: Problem data validation.
ERROR in osqp_update_data_vec: Problem data validation.
ERROR in osqp_update_data_vec: Problem data validation.
ERROR in osqp_update_data_vec: Problem data validation.
ERROR in osqp_update_data_vec: Problem data validation.
ERROR in osqp_update_data_vec: Problem data validation.
ERROR in osqp_update_data_vec: Problem data validation.
ERROR in osqp_update_data_vec: Problem data validation.
ERROR in osqp_update_data_vec: Problem data validation.
ERROR in osqp_update_data_vec: Problem data validation.
ERROR in osqp_update_data_vec: Problem data validation.
ERROR in osqp_update_data_vec: Problem data validation.
ERROR in osqp_update_data_vec: Problem data validation.
ERROR in osqp_update_data_vec: Problem data validation.
ERROR in osqp_update_data_vec: Problem data validation.
ERROR in osqp_update_data_vec: Problem data validation.
ERROR in osqp_update_data_vec: Problem data validation.
ERROR in osqp_update_data_vec: Problem data validation.
ERROR in osqp_update_data_vec: Problem data validation.
ERROR in osqp_update_data_vec: Problem data validation.
ERROR in osqp_update_data_vec: Problem data validation.
ERROR in osqp_update_data_vec: Problem data validation.
ERROR in osqp_update_data_vec: Problem data validation.
ERROR in osqp_update_data_vec: Problem data validation.
ERROR in osqp_update_data_vec: Problem data validation.
ERROR in osqp_update_data_vec: Problem data validation.
ERROR in osqp_update_data_vec: Problem data validation.
ERROR in osqp_update_data_vec: Problem data validation.
ERROR in osqp_update_data_vec: Problem data validation.
ERROR in osqp_update_data_vec: Problem data validation.
ERROR in osqp_update_data_vec: Problem data validation.
ERROR in osqp_update_data_vec: Problem data validation.
ERROR in osqp_update_data_vec: Problem data validation.
ERROR in osqp_update_data_vec: Problem data validation.
ERROR in osqp_update_data_vec: Problem data validation.
ERROR in osqp_update_data_vec: Problem data validation.
ERROR in osqp_update_data_vec: Problem data validation.
ERROR in osqp_update_data_vec: Problem data validation.
ERROR in osqp_update_data_vec: Problem data validation.
ERROR in osqp_update_data_vec: Problem data validation.
ERROR in osqp_update_data_vec: Problem data validation.
ERROR in osqp_update_data_vec: Problem data validation.
Infeasible detected!!
ERROR in osqp_update_data_vec: Problem data validation.
ERROR in osqp_update_data_vec: Problem data validation.
ERROR in osqp_update_data_vec: Problem data validation.
ERROR in osqp_update_data_vec: Problem data validation.
ERROR in osqp_update_data_vec: Problem data validation.
[037/100] idx= 37 -> success    (raw=success, compute_ms=6.822201283527171, intv=0.2084457949448895)
[038/100] idx= 39 -> collision  (raw=collision, compute_ms=6.902098021703442, intv=0.3873541475560506)
[039/100] idx= 40 -> success    (raw=success, compute_ms=7.274457512862265, intv=0.208530317016819)
[040/100] idx= 38 -> success    (raw=success, compute_ms=7.619298441711502, intv=0.27187933818797133)
[041/100] idx= 45 -> infeasible (raw=infeasible, compute_ms=9.627572496032943, intv=0.7676358737384623)
ERROR in osqp_update_data_vec: Problem data validation.
ERROR in osqp_update_data_vec: Problem data validation.
ERROR in osqp_update_data_vec: Problem data validation.
ERROR in osqp_update_data_vec: Problem data validation.
ERROR in osqp_update_data_vec: Problem data validation.
ERROR in osqp_update_data_vec: Problem data validation.
ERROR in osqp_update_data_vec: Problem data validation.
ERROR in osqp_update_data_vec: Problem data validation.
ERROR in osqp_update_data_vec: Problem data validation.
ERROR in osqp_update_data_vec: Problem data validation.
ERROR in osqp_update_data_vec: Problem data validation.
ERROR in osqp_update_data_vec: Problem data validation.
ERROR in osqp_update_data_vec: Problem data validation.
ERROR in osqp_update_data_vec: Problem data validation.
ERROR in osqp_update_data_vec: Problem data validation.
ERROR in osqp_update_data_vec: Problem data validation.
ERROR in osqp_update_data_vec: Problem data validation.
ERROR in osqp_update_data_vec: Problem data validation.
ERROR in osqp_update_data_vec: Problem data validation.
ERROR in osqp_update_data_vec: Problem data validation.
ERROR in osqp_update_data_vec: Problem data validation.
ERROR in osqp_update_data_vec: Problem data validation.
ERROR in osqp_update_data_vec: Problem data validation.
ERROR in osqp_update_data_vec: Problem data validation.
ERROR in osqp_update_data_vec: Problem data validation.
ERROR in osqp_update_data_vec: Problem data validation.
ERROR in osqp_update_data_vec: Problem data validation.
ERROR in osqp_update_data_vec: Problem data validation.
ERROR in osqp_update_data_vec: Problem data validation.
ERROR in osqp_update_data_vec: Problem data validation.
ERROR in osqp_update_data_vec: Problem data validation.
ERROR in osqp_update_data_vec: Problem data validation.
ERROR in osqp_update_data_vec: Problem data validation.
ERROR in osqp_update_data_vec: Problem data validation.
ERROR in osqp_update_data_vec: Problem data validation.
ERROR in osqp_update_data_vec: Problem data validation.
ERROR in osqp_update_data_vec: Problem data validation.
ERROR in osqp_update_data_vec: Problem data validation.
ERROR in osqp_update_data_vec: Problem data validation.
ERROR in osqp_update_data_vec: Problem data validation.
ERROR in osqp_update_data_vec: Problem data validation.
ERROR in osqp_update_data_vec: Problem data validation.
ERROR in osqp_update_data_vec: Problem data validation.
ERROR in osqp_update_data_vec: Problem data validation.
ERROR in osqp_update_data_vec: Problem data validation.
ERROR in osqp_update_data_vec: Problem data validation.
ERROR in osqp_update_data_vec: Problem data validation.
ERROR in osqp_update_data_vec: Problem data validation.
ERROR in osqp_update_data_vec: Problem data validation.
ERROR in osqp_update_data_vec: Problem data validation.
ERROR in osqp_update_data_vec: Problem data validation.
ERROR in osqp_update_data_vec: Problem data validation.
ERROR in osqp_update_data_vec: Problem data validation.
ERROR in osqp_update_data_vec: Problem data validation.
ERROR in osqp_update_data_vec: Problem data validation.
ERROR in osqp_update_data_vec: Problem data validation.
ERROR in osqp_update_data_vec: Problem data validation.
ERROR in osqp_update_data_vec: Problem data validation.
ERROR in osqp_update_data_vec: Problem data validation.
ERROR in osqp_update_data_vec: Problem data validation.
ERROR in osqp_update_data_vec: Problem data validation.
ERROR in osqp_update_data_vec: Problem data validation.
ERROR in osqp_update_data_vec: Problem data validation.
ERROR in osqp_update_data_vec: Problem data validation.
ERROR in osqp_update_data_vec: Problem data validation.
ERROR in osqp_update_data_vec: Problem data validation.
ERROR in osqp_update_data_vec: Problem data validation.
ERROR in osqp_update_data_vec: Problem data validation.
ERROR in osqp_update_data_vec: Problem data validation.
ERROR in osqp_update_data_vec: Problem data validation.
ERROR in osqp_update_data_vec: Problem data validation.
ERROR in osqp_update_data_vec: Problem data validation.
ERROR in osqp_update_data_vec: Problem data validation.
ERROR in osqp_update_data_vec: Problem data validation.
ERROR in osqp_update_data_vec: Problem data validation.
ERROR in osqp_update_data_vec: Problem data validation.
ERROR in osqp_update_data_vec: Problem data validation.
ERROR in osqp_update_data_vec: Problem data validation.
ERROR in osqp_update_data_vec: Problem data validation.
ERROR in osqp_update_data_vec: Problem data validation.
ERROR in osqp_update_data_vec: Problem data validation.
ERROR in osqp_update_data_vec: Problem data validation.
ERROR in osqp_update_data_vec: Problem data validation.
ERROR in osqp_update_data_vec: Problem data validation.
ERROR in osqp_update_data_vec: Problem data validation.
ERROR in osqp_update_data_vec: Problem data validation.
ERROR in osqp_update_data_vec: Problem data validation.
ERROR in osqp_update_data_vec: Problem data validation.
ERROR in osqp_update_data_vec: Problem data validation.
Infeasible detected!!
ERROR in osqp_update_data_vec: Problem data validation.
ERROR in osqp_update_data_vec: Problem data validation.
ERROR in osqp_update_data_vec: Problem data validation.
ERROR in osqp_update_data_vec: Problem data validation.
ERROR in osqp_update_data_vec: Problem data validation.
ERROR in osqp_update_data_vec: Problem data validation.
ERROR in osqp_update_data_vec: Problem data validation.
ERROR in osqp_update_data_vec: Problem data validation.
ERROR in osqp_update_data_vec: Problem data validation.
ERROR in osqp_update_data_vec: Problem data validation.
ERROR in osqp_update_data_vec: Problem data validation.
ERROR in osqp_update_data_vec: Problem data validation.
ERROR in osqp_update_data_vec: Problem data validation.
ERROR in osqp_update_data_vec: Problem data validation.
ERROR in osqp_update_data_vec: Problem data validation.
ERROR in osqp_update_data_vec: Problem data validation.
ERROR in osqp_update_data_vec: Problem data validation.
ERROR in osqp_update_data_vec: Problem data validation.
ERROR in osqp_update_data_vec: Problem data validation.
ERROR in osqp_update_data_vec: Problem data validation.
ERROR in osqp_update_data_vec: Problem data validation.
ERROR in osqp_update_data_vec: Problem data validation.
ERROR in osqp_update_data_vec: Problem data validation.
ERROR in osqp_update_data_vec: Problem data validation.
ERROR in osqp_update_data_vec: Problem data validation.
ERROR in osqp_update_data_vec: Problem data validation.
ERROR in osqp_update_data_vec: Problem data validation.
ERROR in osqp_update_data_vec: Problem data validation.
ERROR in osqp_update_data_vec: Problem data validation.
ERROR in osqp_update_data_vec: Problem data validation.
ERROR in osqp_update_data_vec: Problem data validation.
ERROR in osqp_update_data_vec: Problem data validation.
ERROR in osqp_update_data_vec: Problem data validation.
ERROR in osqp_update_data_vec: Problem data validation.
ERROR in osqp_update_data_vec: Problem data validation.
ERROR in osqp_update_data_vec: Problem data validation.
ERROR in osqp_update_data_vec: Problem data validation.
ERROR in osqp_update_data_vec: Problem data validation.
ERROR in osqp_update_data_vec: Problem data validation.
ERROR in osqp_update_data_vec: Problem data validation.
ERROR in osqp_update_data_vec: Problem data validation.
ERROR in osqp_update_data_vec: Problem data validation.
ERROR in osqp_update_data_vec: Problem data validation.
ERROR in osqp_update_data_vec: Problem data validation.
ERROR in osqp_update_data_vec: Problem data validation.
ERROR in osqp_update_data_vec: Problem data validation.
ERROR in osqp_update_data_vec: Problem data validation.
ERROR in osqp_update_data_vec: Problem data validation.
ERROR in osqp_update_data_vec: Problem data validation.
ERROR in osqp_update_data_vec: Problem data validation.
ERROR in osqp_update_data_vec: Problem data validation.
ERROR in osqp_update_data_vec: Problem data validation.
ERROR in osqp_update_data_vec: Problem data validation.
ERROR in osqp_update_data_vec: Problem data validation.
ERROR in osqp_update_data_vec: Problem data validation.
ERROR in osqp_update_data_vec: Problem data validation.
[042/100] idx= 46 -> infeasible (raw=infeasible, compute_ms=6.799938999680116, intv=0.4750993914064588)
[043/100] idx= 41 -> success    (raw=success, compute_ms=6.556735749060281, intv=0.3146851575965671)
ERROR in osqp_update_data_vec: Problem data validation.
ERROR in osqp_update_data_vec: Problem data validation.
ERROR in osqp_update_data_vec: Problem data validation.
ERROR in osqp_update_data_vec: Problem data validation.
ERROR in osqp_update_data_vec: Problem data validation.
ERROR in osqp_update_data_vec: Problem data validation.
ERROR in osqp_update_data_vec: Problem data validation.
ERROR in osqp_update_data_vec: Problem data validation.
ERROR in osqp_update_data_vec: Problem data validation.
ERROR in osqp_update_data_vec: Problem data validation.
ERROR in osqp_update_data_vec: Problem data validation.
ERROR in osqp_update_data_vec: Problem data validation.
ERROR in osqp_update_data_vec: Problem data validation.
ERROR in osqp_update_data_vec: Problem data validation.
ERROR in osqp_update_data_vec: Problem data validation.
ERROR in osqp_update_data_vec: Problem data validation.
ERROR in osqp_update_data_vec: Problem data validation.
ERROR in osqp_update_data_vec: Problem data validation.
ERROR in osqp_update_data_vec: Problem data validation.
ERROR in osqp_update_data_vec: Problem data validation.
ERROR in osqp_update_data_vec: Problem data validation.
ERROR in osqp_update_data_vec: Problem data validation.
ERROR in osqp_update_data_vec: Problem data validation.
ERROR in osqp_update_data_vec: Problem data validation.
ERROR in osqp_update_data_vec: Problem data validation.
ERROR in osqp_update_data_vec: Problem data validation.
ERROR in osqp_update_data_vec: Problem data validation.
ERROR in osqp_update_data_vec: Problem data validation.
ERROR in osqp_update_data_vec: Problem data validation.
ERROR in osqp_update_data_vec: Problem data validation.
ERROR in osqp_update_data_vec: Problem data validation.
ERROR in osqp_update_data_vec: Problem data validation.
ERROR in osqp_update_data_vec: Problem data validation.
ERROR in osqp_update_data_vec: Problem data validation.
ERROR in osqp_update_data_vec: Problem data validation.
ERROR in osqp_update_data_vec: Problem data validation.
ERROR in osqp_update_data_vec: Problem data validation.
ERROR in osqp_update_data_vec: Problem data validation.
ERROR in osqp_update_data_vec: Problem data validation.
ERROR in osqp_update_data_vec: Problem data validation.
ERROR in osqp_update_data_vec: Problem data validation.
ERROR in osqp_update_data_vec: Problem data validation.
ERROR in osqp_update_data_vec: Problem data validation.
ERROR in osqp_update_data_vec: Problem data validation.
ERROR in osqp_update_data_vec: Problem data validation.
Infeasible detected!!
ERROR in osqp_update_data_vec: Problem data validation.
ERROR in osqp_update_data_vec: Problem data validation.
ERROR in osqp_update_data_vec: Problem data validation.
ERROR in osqp_update_data_vec: Problem data validation.
ERROR in osqp_update_data_vec: Problem data validation.
ERROR in osqp_update_data_vec: Problem data validation.
ERROR in osqp_update_data_vec: Problem data validation.
ERROR in osqp_update_data_vec: Problem data validation.
ERROR in osqp_update_data_vec: Problem data validation.
ERROR in osqp_update_data_vec: Problem data validation.
ERROR in osqp_update_data_vec: Problem data validation.
ERROR in osqp_update_data_vec: Problem data validation.
ERROR in osqp_update_data_vec: Problem data validation.
ERROR in osqp_update_data_vec: Problem data validation.
ERROR in osqp_update_data_vec: Problem data validation.
ERROR in osqp_update_data_vec: Problem data validation.
ERROR in osqp_update_data_vec: Problem data validation.
ERROR in osqp_update_data_vec: Problem data validation.
ERROR in osqp_update_data_vec: Problem data validation.
ERROR in osqp_update_data_vec: Problem data validation.
ERROR in osqp_update_data_vec: Problem data validation.
ERROR in osqp_update_data_vec: Problem data validation.
ERROR in osqp_update_data_vec: Problem data validation.
ERROR in osqp_update_data_vec: Problem data validation.
ERROR in osqp_update_data_vec: Problem data validation.
ERROR in osqp_update_data_vec: Problem data validation.
ERROR in osqp_update_data_vec: Problem data validation.
ERROR in osqp_update_data_vec: Problem data validation.
ERROR in osqp_update_data_vec: Problem data validation.
ERROR in osqp_update_data_vec: Problem data validation.
ERROR in osqp_update_data_vec: Problem data validation.
ERROR in osqp_update_data_vec: Problem data validation.
ERROR in osqp_update_data_vec: Problem data validation.
ERROR in osqp_update_data_vec: Problem data validation.
ERROR in osqp_update_data_vec: Problem data validation.
ERROR in osqp_update_data_vec: Problem data validation.
ERROR in osqp_update_data_vec: Problem data validation.
ERROR in osqp_update_data_vec: Problem data validation.
ERROR in osqp_update_data_vec: Problem data validation.
ERROR in osqp_update_data_vec: Problem data validation.
ERROR in osqp_update_data_vec: Problem data validation.
ERROR in osqp_update_data_vec: Problem data validation.
ERROR in osqp_update_data_vec: Problem data validation.
ERROR in osqp_update_data_vec: Problem data validation.
ERROR in osqp_update_data_vec: Problem data validation.
ERROR in osqp_update_data_vec: Problem data validation.
ERROR in osqp_update_data_vec: Problem data validation.
ERROR in osqp_update_data_vec: Problem data validation.
ERROR in osqp_update_data_vec: Problem data validation.
ERROR in osqp_update_data_vec: Problem data validation.
ERROR in osqp_update_data_vec: Problem data validation.
ERROR in osqp_update_data_vec: Problem data validation.
ERROR in osqp_update_data_vec: Problem data validation.
ERROR in osqp_update_data_vec: Problem data validation.
ERROR in osqp_update_data_vec: Problem data validation.
ERROR in osqp_update_data_vec: Problem data validation.
ERROR in osqp_update_data_vec: Problem data validation.
ERROR in osqp_update_data_vec: Problem data validation.
ERROR in osqp_update_data_vec: Problem data validation.
ERROR in osqp_update_data_vec: Problem data validation.
ERROR in osqp_update_data_vec: Problem data validation.
ERROR in osqp_update_data_vec: Problem data validation.
Collision with known obstacle detected! Obs: [30.29355967  3.92704376  0.35399149  0.76513905  0.14408583 -2.
 32.          1.        ], Robot: [30.86145105  4.13154476] 0.25, Distance: 0.6035903238320338, True
Collision detected !!
ERROR in osqp_update_data_vec: Problem data validation.
ERROR in osqp_update_data_vec: Problem data validation.
ERROR in osqp_update_data_vec: Problem data validation.
ERROR in osqp_update_data_vec: Problem data validation.
ERROR in osqp_update_data_vec: Problem data validation.
ERROR in osqp_update_data_vec: Problem data validation.
ERROR in osqp_update_data_vec: Problem data validation.
ERROR in osqp_update_data_vec: Problem data validation.
ERROR in osqp_update_data_vec: Problem data validation.
ERROR in osqp_update_data_vec: Problem data validation.
ERROR in osqp_update_data_vec: Problem data validation.
ERROR in osqp_update_data_vec: Problem data validation.
Infeasible detected!!
ERROR in osqp_update_data_vec: Problem data validation.
ERROR in osqp_update_data_vec: Problem data validation.
ERROR in osqp_update_data_vec: Problem data validation.
ERROR in osqp_update_data_vec: Problem data validation.
ERROR in osqp_update_data_vec: Problem data validation.
ERROR in osqp_update_data_vec: Problem data validation.
ERROR in osqp_update_data_vec: Problem data validation.
ERROR in osqp_update_data_vec: Problem data validation.
ERROR in osqp_update_data_vec: Problem data validation.
ERROR in osqp_update_data_vec: Problem data validation.
ERROR in osqp_update_data_vec: Problem data validation.
ERROR in osqp_update_data_vec: Problem data validation.
ERROR in osqp_update_data_vec: Problem data validation.
ERROR in osqp_update_data_vec: Problem data validation.
ERROR in osqp_update_data_vec: Problem data validation.
ERROR in osqp_update_data_vec: Problem data validation.
ERROR in osqp_update_data_vec: Problem data validation.
ERROR in osqp_update_data_vec: Problem data validation.
ERROR in osqp_update_data_vec: Problem data validation.
ERROR in osqp_update_data_vec: Problem data validation.
ERROR in osqp_update_data_vec: Problem data validation.
ERROR in osqp_update_data_vec: Problem data validation.
[044/100] idx= 43 -> success    (raw=success, compute_ms=9.362305610642768, intv=0.20863549932933786)
ERROR in osqp_update_data_vec: Problem data validation.
ERROR in osqp_update_data_vec: Problem data validation.
ERROR in osqp_update_data_vec: Problem data validation.
ERROR in osqp_update_data_vec: Problem data validation.
ERROR in osqp_update_data_vec: Problem data validation.
ERROR in osqp_update_data_vec: Problem data validation.
ERROR in osqp_update_data_vec: Problem data validation.
ERROR in osqp_update_data_vec: Problem data validation.
ERROR in osqp_update_data_vec: Problem data validation.
ERROR in osqp_update_data_vec: Problem data validation.
ERROR in osqp_update_data_vec: Problem data validation.
ERROR in osqp_update_data_vec: Problem data validation.
ERROR in osqp_update_data_vec: Problem data validation.
ERROR in osqp_update_data_vec: Problem data validation.
ERROR in osqp_update_data_vec: Problem data validation.
ERROR in osqp_update_data_vec: Problem data validation.
ERROR in osqp_update_data_vec: Problem data validation.
ERROR in osqp_update_data_vec: Problem data validation.
ERROR in osqp_update_data_vec: Problem data validation.
ERROR in osqp_update_data_vec: Problem data validation.
ERROR in osqp_update_data_vec: Problem data validation.
ERROR in osqp_update_data_vec: Problem data validation.
ERROR in osqp_update_data_vec: Problem data validation.
ERROR in osqp_update_data_vec: Problem data validation.
ERROR in osqp_update_data_vec: Problem data validation.
ERROR in osqp_update_data_vec: Problem data validation.
ERROR in osqp_update_data_vec: Problem data validation.
ERROR in osqp_update_data_vec: Problem data validation.
ERROR in osqp_update_data_vec: Problem data validation.
ERROR in osqp_update_data_vec: Problem data validation.
ERROR in osqp_update_data_vec: Problem data validation.
ERROR in osqp_update_data_vec: Problem data validation.
ERROR in osqp_update_data_vec: Problem data validation.
ERROR in osqp_update_data_vec: Problem data validation.
ERROR in osqp_update_data_vec: Problem data validation.
ERROR in osqp_update_data_vec: Problem data validation.
ERROR in osqp_update_data_vec: Problem data validation.
ERROR in osqp_update_data_vec: Problem data validation.
ERROR in osqp_update_data_vec: Problem data validation.
ERROR in osqp_update_data_vec: Problem data validation.
ERROR in osqp_update_data_vec: Problem data validation.
ERROR in osqp_update_data_vec: Problem data validation.
ERROR in osqp_update_data_vec: Problem data validation.
ERROR in osqp_update_data_vec: Problem data validation.
ERROR in osqp_update_data_vec: Problem data validation.
ERROR in osqp_update_data_vec: Problem data validation.
ERROR in osqp_update_data_vec: Problem data validation.
ERROR in osqp_update_data_vec: Problem data validation.
ERROR in osqp_update_data_vec: Problem data validation.
ERROR in osqp_update_data_vec: Problem data validation.
ERROR in osqp_update_data_vec: Problem data validation.
ERROR in osqp_update_data_vec: Problem data validation.
ERROR in osqp_update_data_vec: Problem data validation.
ERROR in osqp_update_data_vec: Problem data validation.
ERROR in osqp_update_data_vec: Problem data validation.
ERROR in osqp_update_data_vec: Problem data validation.
ERROR in osqp_update_data_vec: Problem data validation.
ERROR in osqp_update_data_vec: Problem data validation.
ERROR in osqp_update_data_vec: Problem data validation.
ERROR in osqp_update_data_vec: Problem data validation.
ERROR in osqp_update_data_vec: Problem data validation.
ERROR in osqp_update_data_vec: Problem data validation.
Collision with known obstacle detected! Obs: [20.53681234 10.86099609  0.38985957 -0.10795168  0.65373744 -2.
 32.          1.        ], Robot: [20.67576934 11.48189312] 0.25, Distance: 0.6362563644993882, True
Collision detected !!
ERROR in osqp_update_data_vec: Problem data validation.
ERROR in osqp_update_data_vec: Problem data validation.
ERROR in osqp_update_data_vec: Problem data validation.
ERROR in osqp_update_data_vec: Problem data validation.
ERROR in osqp_update_data_vec: Problem data validation.
ERROR in osqp_update_data_vec: Problem data validation.
ERROR in osqp_update_data_vec: Problem data validation.
ERROR in osqp_update_data_vec: Problem data validation.
ERROR in osqp_update_data_vec: Problem data validation.
ERROR in osqp_update_data_vec: Problem data validation.
ERROR in osqp_update_data_vec: Problem data validation.
ERROR in osqp_update_data_vec: Problem data validation.
ERROR in osqp_update_data_vec: Problem data validation.
ERROR in osqp_update_data_vec: Problem data validation.
ERROR in osqp_update_data_vec: Problem data validation.
ERROR in osqp_update_data_vec: Problem data validation.
ERROR in osqp_update_data_vec: Problem data validation.
ERROR in osqp_update_data_vec: Problem data validation.
ERROR in osqp_update_data_vec: Problem data validation.
ERROR in osqp_update_data_vec: Problem data validation.
ERROR in osqp_update_data_vec: Problem data validation.
ERROR in osqp_update_data_vec: Problem data validation.
ERROR in osqp_update_data_vec: Problem data validation.
ERROR in osqp_update_data_vec: Problem data validation.
ERROR in osqp_update_data_vec: Problem data validation.
ERROR in osqp_update_data_vec: Problem data validation.
ERROR in osqp_update_data_vec: Problem data validation.
ERROR in osqp_update_data_vec: Problem data validation.
ERROR in osqp_update_data_vec: Problem data validation.
ERROR in osqp_update_data_vec: Problem data validation.
ERROR in osqp_update_data_vec: Problem data validation.
ERROR in osqp_update_data_vec: Problem data validation.
ERROR in osqp_update_data_vec: Problem data validation.
ERROR in osqp_update_data_vec: Problem data validation.
ERROR in osqp_update_data_vec: Problem data validation.
ERROR in osqp_update_data_vec: Problem data validation.
ERROR in osqp_update_data_vec: Problem data validation.
ERROR in osqp_update_data_vec: Problem data validation.
ERROR in osqp_update_data_vec: Problem data validation.
ERROR in osqp_update_data_vec: Problem data validation.
ERROR in osqp_update_data_vec: Problem data validation.
ERROR in osqp_update_data_vec: Problem data validation.
ERROR in osqp_update_data_vec: Problem data validation.
ERROR in osqp_update_data_vec: Problem data validation.
ERROR in osqp_update_data_vec: Problem data validation.
ERROR in osqp_update_data_vec: Problem data validation.
ERROR in osqp_update_data_vec: Problem data validation.
ERROR in osqp_update_data_vec: Problem data validation.
ERROR in osqp_update_data_vec: Problem data validation.
ERROR in osqp_update_data_vec: Problem data validation.
ERROR in osqp_update_data_vec: Problem data validation.
ERROR in osqp_update_data_vec: Problem data validation.
ERROR in osqp_update_data_vec: Problem data validation.
ERROR in osqp_update_data_vec: Problem data validation.
ERROR in osqp_update_data_vec: Problem data validation.
ERROR in osqp_update_data_vec: Problem data validation.
ERROR in osqp_update_data_vec: Problem data validation.
ERROR in osqp_update_data_vec: Problem data validation.
ERROR in osqp_update_data_vec: Problem data validation.
ERROR in osqp_update_data_vec: Problem data validation.
ERROR in osqp_update_data_vec: Problem data validation.
ERROR in osqp_update_data_vec: Problem data validation.
ERROR in osqp_update_data_vec: Problem data validation.
ERROR in osqp_update_data_vec: Problem data validation.
ERROR in osqp_update_data_vec: Problem data validation.
ERROR in osqp_update_data_vec: Problem data validation.
ERROR in osqp_update_data_vec: Problem data validation.
ERROR in osqp_update_data_vec: Problem data validation.
ERROR in osqp_update_data_vec: Problem data validation.
ERROR in osqp_update_data_vec: Problem data validation.
ERROR in osqp_update_data_vec: Problem data validation.
ERROR in osqp_update_data_vec: Problem data validation.
ERROR in osqp_update_data_vec: Problem data validation.
ERROR in osqp_update_data_vec: Problem data validation.
ERROR in osqp_update_data_vec: Problem data validation.
ERROR in osqp_update_data_vec: Problem data validation.
ERROR in osqp_update_data_vec: Problem data validation.
ERROR in osqp_update_data_vec: Problem data validation.
ERROR in osqp_update_data_vec: Problem data validation.
ERROR in osqp_update_data_vec: Problem data validation.
[045/100] idx= 42 -> success    (raw=success, compute_ms=10.416129323276111, intv=0.3804325695889389)
ERROR in osqp_update_data_vec: Problem data validation.
ERROR in osqp_update_data_vec: Problem data validation.
ERROR in osqp_update_data_vec: Problem data validation.
ERROR in osqp_update_data_vec: Problem data validation.
ERROR in osqp_update_data_vec: Problem data validation.
ERROR in osqp_update_data_vec: Problem data validation.
ERROR in osqp_update_data_vec: Problem data validation.
ERROR in osqp_update_data_vec: Problem data validation.
ERROR in osqp_update_data_vec: Problem data validation.
ERROR in osqp_update_data_vec: Problem data validation.
ERROR in osqp_update_data_vec: Problem data validation.
ERROR in osqp_update_data_vec: Problem data validation.
ERROR in osqp_update_data_vec: Problem data validation.
ERROR in osqp_update_data_vec: Problem data validation.
ERROR in osqp_update_data_vec: Problem data validation.
ERROR in osqp_update_data_vec: Problem data validation.
ERROR in osqp_update_data_vec: Problem data validation.
ERROR in osqp_update_data_vec: Problem data validation.
ERROR in osqp_update_data_vec: Problem data validation.
ERROR in osqp_update_data_vec: Problem data validation.
ERROR in osqp_update_data_vec: Problem data validation.
ERROR in osqp_update_data_vec: Problem data validation.
ERROR in osqp_update_data_vec: Problem data validation.
ERROR in osqp_update_data_vec: Problem data validation.
ERROR in osqp_update_data_vec: Problem data validation.
ERROR in osqp_update_data_vec: Problem data validation.
ERROR in osqp_update_data_vec: Problem data validation.
ERROR in osqp_update_data_vec: Problem data validation.
ERROR in osqp_update_data_vec: Problem data validation.
ERROR in osqp_update_data_vec: Problem data validation.
ERROR in osqp_update_data_vec: Problem data validation.
ERROR in osqp_update_data_vec: Problem data validation.
ERROR in osqp_update_data_vec: Problem data validation.
ERROR in osqp_update_data_vec: Problem data validation.
ERROR in osqp_update_data_vec: Problem data validation.
ERROR in osqp_update_data_vec: Problem data validation.
ERROR in osqp_update_data_vec: Problem data validation.
ERROR in osqp_update_data_vec: Problem data validation.
ERROR in osqp_update_data_vec: Problem data validation.
ERROR in osqp_update_data_vec: Problem data validation.
ERROR in osqp_update_data_vec: Problem data validation.
ERROR in osqp_update_data_vec: Problem data validation.
ERROR in osqp_update_data_vec: Problem data validation.
ERROR in osqp_update_data_vec: Problem data validation.
ERROR in osqp_update_data_vec: Problem data validation.
ERROR in osqp_update_data_vec: Problem data validation.
ERROR in osqp_update_data_vec: Problem data validation.
ERROR in osqp_update_data_vec: Problem data validation.
ERROR in osqp_update_data_vec: Problem data validation.
ERROR in osqp_update_data_vec: Problem data validation.
ERROR in osqp_update_data_vec: Problem data validation.
ERROR in osqp_update_data_vec: Problem data validation.
ERROR in osqp_update_data_vec: Problem data validation.
ERROR in osqp_update_data_vec: Problem data validation.
ERROR in osqp_update_data_vec: Problem data validation.
ERROR in osqp_update_data_vec: Problem data validation.
ERROR in osqp_update_data_vec: Problem data validation.
ERROR in osqp_update_data_vec: Problem data validation.
ERROR in osqp_update_data_vec: Problem data validation.
ERROR in osqp_update_data_vec: Problem data validation.
ERROR in osqp_update_data_vec: Problem data validation.
ERROR in osqp_update_data_vec: Problem data validation.
ERROR in osqp_update_data_vec: Problem data validation.
ERROR in osqp_update_data_vec: Problem data validation.
ERROR in osqp_update_data_vec: Problem data validation.
ERROR in osqp_update_data_vec: Problem data validation.
ERROR in osqp_update_data_vec: Problem data validation.
ERROR in osqp_update_data_vec: Problem data validation.
ERROR in osqp_update_data_vec: Problem data validation.
ERROR in osqp_update_data_vec: Problem data validation.
ERROR in osqp_update_data_vec: Problem data validation.
ERROR in osqp_update_data_vec: Problem data validation.
ERROR in osqp_update_data_vec: Problem data validation.
ERROR in osqp_update_data_vec: Problem data validation.
ERROR in osqp_update_data_vec: Problem data validation.
ERROR in osqp_update_data_vec: Problem data validation.
ERROR in osqp_update_data_vec: Problem data validation.
ERROR in osqp_update_data_vec: Problem data validation.
ERROR in osqp_update_data_vec: Problem data validation.
ERROR in osqp_update_data_vec: Problem data validation.
ERROR in osqp_update_data_vec: Problem data validation.
ERROR in osqp_update_data_vec: Problem data validation.
ERROR in osqp_update_data_vec: Problem data validation.
ERROR in osqp_update_data_vec: Problem data validation.
ERROR in osqp_update_data_vec: Problem data validation.
ERROR in osqp_update_data_vec: Problem data validation.
ERROR in osqp_update_data_vec: Problem data validation.
ERROR in osqp_update_data_vec: Problem data validation.
ERROR in osqp_update_data_vec: Problem data validation.
ERROR in osqp_update_data_vec: Problem data validation.
ERROR in osqp_update_data_vec: Problem data validation.
ERROR in osqp_update_data_vec: Problem data validation.
ERROR in osqp_update_data_vec: Problem data validation.
ERROR in osqp_update_data_vec: Problem data validation.
ERROR in osqp_update_data_vec: Problem data validation.
ERROR in osqp_update_data_vec: Problem data validation.
ERROR in osqp_update_data_vec: Problem data validation.
ERROR in osqp_update_data_vec: Problem data validation.
ERROR in osqp_update_data_vec: Problem data validation.
ERROR in osqp_update_data_vec: Problem data validation.
ERROR in osqp_update_data_vec: Problem data validation.
ERROR in osqp_update_data_vec: Problem data validation.
ERROR in osqp_update_data_vec: Problem data validation.
ERROR in osqp_update_data_vec: Problem data validation.
ERROR in osqp_update_data_vec: Problem data validation.
ERROR in osqp_update_data_vec: Problem data validation.
ERROR in osqp_update_data_vec: Problem data validation.
ERROR in osqp_update_data_vec: Problem data validation.
ERROR in osqp_update_data_vec: Problem data validation.
ERROR in osqp_update_data_vec: Problem data validation.
ERROR in osqp_update_data_vec: Problem data validation.
ERROR in osqp_update_data_vec: Problem data validation.
ERROR in osqp_update_data_vec: Problem data validation.
ERROR in osqp_update_data_vec: Problem data validation.
ERROR in osqp_update_data_vec: Problem data validation.
ERROR in osqp_update_data_vec: Problem data validation.
ERROR in osqp_update_data_vec: Problem data validation.
ERROR in osqp_update_data_vec: Problem data validation.
ERROR in osqp_update_data_vec: Problem data validation.
ERROR in osqp_update_data_vec: Problem data validation.
ERROR in osqp_update_data_vec: Problem data validation.
ERROR in osqp_update_data_vec: Problem data validation.
ERROR in osqp_update_data_vec: Problem data validation.
ERROR in osqp_update_data_vec: Problem data validation.
ERROR in osqp_update_data_vec: Problem data validation.
ERROR in osqp_update_data_vec: Problem data validation.
ERROR in osqp_update_data_vec: Problem data validation.
ERROR in osqp_update_data_vec: Problem data validation.
ERROR in osqp_update_data_vec: Problem data validation.
ERROR in osqp_update_data_vec: Problem data validation.
ERROR in osqp_update_data_vec: Problem data validation.
ERROR in osqp_update_data_vec: Problem data validation.
ERROR in osqp_update_data_vec: Problem data validation.
ERROR in osqp_update_data_vec: Problem data validation.
ERROR in osqp_update_data_vec: Problem data validation.
ERROR in osqp_update_data_vec: Problem data validation.
ERROR in osqp_update_data_vec: Problem data validation.
ERROR in osqp_update_data_vec: Problem data validation.
ERROR in osqp_update_data_vec: Problem data validation.
ERROR in osqp_update_data_vec: Problem data validation.
ERROR in osqp_update_data_vec: Problem data validation.
ERROR in osqp_update_data_vec: Problem data validation.
ERROR in osqp_update_data_vec: Problem data validation.
ERROR in osqp_update_data_vec: Problem data validation.
ERROR in osqp_update_data_vec: Problem data validation.
ERROR in osqp_update_data_vec: Problem data validation.
[046/100] idx= 44 -> infeasible (raw=infeasible, compute_ms=7.709465456567266, intv=0.3783935991472048)
[047/100] idx= 48 -> success    (raw=success, compute_ms=7.595610994093069, intv=0.27461273521806373)
[048/100] idx= 47 -> success    (raw=success, compute_ms=7.6721148500414165, intv=0.3385727614913883)
[049/100] idx= 49 -> success    (raw=success, compute_ms=7.416290821828615, intv=0.19846769427099265)
[050/100] idx= 51 -> success    (raw=success, compute_ms=6.515412526533082, intv=0.17469337163230828)
[051/100] idx= 50 -> success    (raw=success, compute_ms=6.83101370462136, intv=0.15511390935925046)
[052/100] idx= 56 -> infeasible (raw=infeasible, compute_ms=8.525529843291666, intv=0.46043135265241975)
[053/100] idx= 52 -> success    (raw=success, compute_ms=7.827780513192341, intv=0.22742634190751035)
[054/100] idx= 57 -> infeasible (raw=infeasible, compute_ms=7.624001561105724, intv=0.3019902735793463)
[055/100] idx= 54 -> success    (raw=success, compute_ms=6.811421142181448, intv=0.13129496357556825)
[056/100] idx= 53 -> success    (raw=success, compute_ms=7.499924437366186, intv=0.2532559901667951)
[057/100] idx= 62 -> infeasible (raw=infeasible, compute_ms=10.748865379868315, intv=0.6134249432335798)
[058/100] idx= 55 -> success    (raw=success, compute_ms=7.394489623248959, intv=0.3416148512751726)
ERROR in osqp_update_data_vec: Problem data validation.
ERROR in osqp_update_data_vec: Problem data validation.
ERROR in osqp_update_data_vec: Problem data validation.
ERROR in osqp_update_data_vec: Problem data validation.
ERROR in osqp_update_data_vec: Problem data validation.
ERROR in osqp_update_data_vec: Problem data validation.
ERROR in osqp_update_data_vec: Problem data validation.
ERROR in osqp_update_data_vec: Problem data validation.
ERROR in osqp_update_data_vec: Problem data validation.
ERROR in osqp_update_data_vec: Problem data validation.
ERROR in osqp_update_data_vec: Problem data validation.
ERROR in osqp_update_data_vec: Problem data validation.
ERROR in osqp_update_data_vec: Problem data validation.
ERROR in osqp_update_data_vec: Problem data validation.
ERROR in osqp_update_data_vec: Problem data validation.
ERROR in osqp_update_data_vec: Problem data validation.
ERROR in osqp_update_data_vec: Problem data validation.
ERROR in osqp_update_data_vec: Problem data validation.
ERROR in osqp_update_data_vec: Problem data validation.
ERROR in osqp_update_data_vec: Problem data validation.
ERROR in osqp_update_data_vec: Problem data validation.
ERROR in osqp_update_data_vec: Problem data validation.
ERROR in osqp_update_data_vec: Problem data validation.
ERROR in osqp_update_data_vec: Problem data validation.
ERROR in osqp_update_data_vec: Problem data validation.
ERROR in osqp_update_data_vec: Problem data validation.
ERROR in osqp_update_data_vec: Problem data validation.
ERROR in osqp_update_data_vec: Problem data validation.
ERROR in osqp_update_data_vec: Problem data validation.
ERROR in osqp_update_data_vec: Problem data validation.
ERROR in osqp_update_data_vec: Problem data validation.
ERROR in osqp_update_data_vec: Problem data validation.
ERROR in osqp_update_data_vec: Problem data validation.
ERROR in osqp_update_data_vec: Problem data validation.
ERROR in osqp_update_data_vec: Problem data validation.
ERROR in osqp_update_data_vec: Problem data validation.
ERROR in osqp_update_data_vec: Problem data validation.
ERROR in osqp_update_data_vec: Problem data validation.
ERROR in osqp_update_data_vec: Problem data validation.
ERROR in osqp_update_data_vec: Problem data validation.
ERROR in osqp_update_data_vec: Problem data validation.
ERROR in osqp_update_data_vec: Problem data validation.
ERROR in osqp_update_data_vec: Problem data validation.
ERROR in osqp_update_data_vec: Problem data validation.
ERROR in osqp_update_data_vec: Problem data validation.
ERROR in osqp_update_data_vec: Problem data validation.
ERROR in osqp_update_data_vec: Problem data validation.
ERROR in osqp_update_data_vec: Problem data validation.
ERROR in osqp_update_data_vec: Problem data validation.
ERROR in osqp_update_data_vec: Problem data validation.
ERROR in osqp_update_data_vec: Problem data validation.
ERROR in osqp_update_data_vec: Problem data validation.
ERROR in osqp_update_data_vec: Problem data validation.
ERROR in osqp_update_data_vec: Problem data validation.
ERROR in osqp_update_data_vec: Problem data validation.
ERROR in osqp_update_data_vec: Problem data validation.
ERROR in osqp_update_data_vec: Problem data validation.
ERROR in osqp_update_data_vec: Problem data validation.
ERROR in osqp_update_data_vec: Problem data validation.
ERROR in osqp_update_data_vec: Problem data validation.
ERROR in osqp_update_data_vec: Problem data validation.
ERROR in osqp_update_data_vec: Problem data validation.
ERROR in osqp_update_data_vec: Problem data validation.
ERROR in osqp_update_data_vec: Problem data validation.
ERROR in osqp_update_data_vec: Problem data validation.
ERROR in osqp_update_data_vec: Problem data validation.
ERROR in osqp_update_data_vec: Problem data validation.
ERROR in osqp_update_data_vec: Problem data validation.
ERROR in osqp_update_data_vec: Problem data validation.
ERROR in osqp_update_data_vec: Problem data validation.
ERROR in osqp_update_data_vec: Problem data validation.
ERROR in osqp_update_data_vec: Problem data validation.
ERROR in osqp_update_data_vec: Problem data validation.
ERROR in osqp_update_data_vec: Problem data validation.
ERROR in osqp_update_data_vec: Problem data validation.
ERROR in osqp_update_data_vec: Problem data validation.
ERROR in osqp_update_data_vec: Problem data validation.
ERROR in osqp_update_data_vec: Problem data validation.
ERROR in osqp_update_data_vec: Problem data validation.
ERROR in osqp_update_data_vec: Problem data validation.
ERROR in osqp_update_data_vec: Problem data validation.
ERROR in osqp_update_data_vec: Problem data validation.
ERROR in osqp_update_data_vec: Problem data validation.
ERROR in osqp_update_data_vec: Problem data validation.
ERROR in osqp_update_data_vec: Problem data validation.
ERROR in osqp_update_data_vec: Problem data validation.
ERROR in osqp_update_data_vec: Problem data validation.
ERROR in osqp_update_data_vec: Problem data validation.
ERROR in osqp_update_data_vec: Problem data validation.
ERROR in osqp_update_data_vec: Problem data validation.
ERROR in osqp_update_data_vec: Problem data validation.
ERROR in osqp_update_data_vec: Problem data validation.
ERROR in osqp_update_data_vec: Problem data validation.
ERROR in osqp_update_data_vec: Problem data validation.
ERROR in osqp_update_data_vec: Problem data validation.
ERROR in osqp_update_data_vec: Problem data validation.
ERROR in osqp_update_data_vec: Problem data validation.
ERROR in osqp_update_data_vec: Problem data validation.
ERROR in osqp_update_data_vec: Problem data validation.
ERROR in osqp_update_data_vec: Problem data validation.
ERROR in osqp_update_data_vec: Problem data validation.
ERROR in osqp_update_data_vec: Problem data validation.
ERROR in osqp_update_data_vec: Problem data validation.
ERROR in osqp_update_data_vec: Problem data validation.
ERROR in osqp_update_data_vec: Problem data validation.
ERROR in osqp_update_data_vec: Problem data validation.
ERROR in osqp_update_data_vec: Problem data validation.
ERROR in osqp_update_data_vec: Problem data validation.
ERROR in osqp_update_data_vec: Problem data validation.
ERROR in osqp_update_data_vec: Problem data validation.
ERROR in osqp_update_data_vec: Problem data validation.
ERROR in osqp_update_data_vec: Problem data validation.
ERROR in osqp_update_data_vec: Problem data validation.
ERROR in osqp_update_data_vec: Problem data validation.
ERROR in osqp_update_data_vec: Problem data validation.
ERROR in osqp_update_data_vec: Problem data validation.
ERROR in osqp_update_data_vec: Problem data validation.
ERROR in osqp_update_data_vec: Problem data validation.
ERROR in osqp_update_data_vec: Problem data validation.
ERROR in osqp_update_data_vec: Problem data validation.
ERROR in osqp_update_data_vec: Problem data validation.
ERROR in osqp_update_data_vec: Problem data validation.
ERROR in osqp_update_data_vec: Problem data validation.
ERROR in osqp_update_data_vec: Problem data validation.
ERROR in osqp_update_data_vec: Problem data validation.
ERROR in osqp_update_data_vec: Problem data validation.
ERROR in osqp_update_data_vec: Problem data validation.
ERROR in osqp_update_data_vec: Problem data validation.
ERROR in osqp_update_data_vec: Problem data validation.
ERROR in osqp_update_data_vec: Problem data validation.
ERROR in osqp_update_data_vec: Problem data validation.
ERROR in osqp_update_data_vec: Problem data validation.
ERROR in osqp_update_data_vec: Problem data validation.
ERROR in osqp_update_data_vec: Problem data validation.
ERROR in osqp_update_data_vec: Problem data validation.
ERROR in osqp_update_data_vec: Problem data validation.
ERROR in osqp_update_data_vec: Problem data validation.
ERROR in osqp_update_data_vec: Problem data validation.
ERROR in osqp_update_data_vec: Problem data validation.
ERROR in osqp_update_data_vec: Problem data validation.
ERROR in osqp_update_data_vec: Problem data validation.
ERROR in osqp_update_data_vec: Problem data validation.
ERROR in osqp_update_data_vec: Problem data validation.
ERROR in osqp_update_data_vec: Problem data validation.
ERROR in osqp_update_data_vec: Problem data validation.
ERROR in osqp_update_data_vec: Problem data validation.
[059/100] idx= 58 -> success    (raw=success, compute_ms=8.623197054514284, intv=0.285463495535186)
[060/100] idx= 60 -> success    (raw=success, compute_ms=6.897401680960118, intv=0.1797507878214595)
[061/100] idx= 61 -> success    (raw=success, compute_ms=6.5707627066842464, intv=0.1504706899340733)
[062/100] idx= 65 -> infeasible (raw=infeasible, compute_ms=8.656842647368372, intv=0.44287748564908613)
[063/100] idx= 59 -> success    (raw=success, compute_ms=10.402925812564837, intv=0.27489475368956523)
ERROR in osqp_update_data_vec: Problem data validation.
ERROR in osqp_update_data_vec: Problem data validation.
ERROR in osqp_update_data_vec: Problem data validation.
ERROR in osqp_update_data_vec: Problem data validation.
ERROR in osqp_update_data_vec: Problem data validation.
ERROR in osqp_update_data_vec: Problem data validation.
ERROR in osqp_update_data_vec: Problem data validation.
ERROR in osqp_update_data_vec: Problem data validation.
ERROR in osqp_update_data_vec: Problem data validation.
ERROR in osqp_update_data_vec: Problem data validation.
ERROR in osqp_update_data_vec: Problem data validation.
ERROR in osqp_update_data_vec: Problem data validation.
ERROR in osqp_update_data_vec: Problem data validation.
ERROR in osqp_update_data_vec: Problem data validation.
ERROR in osqp_update_data_vec: Problem data validation.
ERROR in osqp_update_data_vec: Problem data validation.
ERROR in osqp_update_data_vec: Problem data validation.
ERROR in osqp_update_data_vec: Problem data validation.
ERROR in osqp_update_data_vec: Problem data validation.
ERROR in osqp_update_data_vec: Problem data validation.
ERROR in osqp_update_data_vec: Problem data validation.
ERROR in osqp_update_data_vec: Problem data validation.
ERROR in osqp_update_data_vec: Problem data validation.
ERROR in osqp_update_data_vec: Problem data validation.
ERROR in osqp_update_data_vec: Problem data validation.
ERROR in osqp_update_data_vec: Problem data validation.
ERROR in osqp_update_data_vec: Problem data validation.
ERROR in osqp_update_data_vec: Problem data validation.
Collision with known obstacle detected! Obs: [27.31181249 19.19612215  0.39471552 -0.5050032   0.56153926 -2.
 32.          1.        ], Robot: [26.79049106 19.5730687 ] 0.25, Distance: 0.6433232050342612, True
Collision detected !!
ERROR in osqp_update_data_vec: Problem data validation.
ERROR in osqp_update_data_vec: Problem data validation.
ERROR in osqp_update_data_vec: Problem data validation.
ERROR in osqp_update_data_vec: Problem data validation.
ERROR in osqp_update_data_vec: Problem data validation.
ERROR in osqp_update_data_vec: Problem data validation.
ERROR in osqp_update_data_vec: Problem data validation.
ERROR in osqp_update_data_vec: Problem data validation.
ERROR in osqp_update_data_vec: Problem data validation.
ERROR in osqp_update_data_vec: Problem data validation.
ERROR in osqp_update_data_vec: Problem data validation.
ERROR in osqp_update_data_vec: Problem data validation.
ERROR in osqp_update_data_vec: Problem data validation.
ERROR in osqp_update_data_vec: Problem data validation.
ERROR in osqp_update_data_vec: Problem data validation.
ERROR in osqp_update_data_vec: Problem data validation.
ERROR in osqp_update_data_vec: Problem data validation.
ERROR in osqp_update_data_vec: Problem data validation.
ERROR in osqp_update_data_vec: Problem data validation.
ERROR in osqp_update_data_vec: Problem data validation.
ERROR in osqp_update_data_vec: Problem data validation.
ERROR in osqp_update_data_vec: Problem data validation.
ERROR in osqp_update_data_vec: Problem data validation.
ERROR in osqp_update_data_vec: Problem data validation.
ERROR in osqp_update_data_vec: Problem data validation.
ERROR in osqp_update_data_vec: Problem data validation.
ERROR in osqp_update_data_vec: Problem data validation.
ERROR in osqp_update_data_vec: Problem data validation.
ERROR in osqp_update_data_vec: Problem data validation.
ERROR in osqp_update_data_vec: Problem data validation.
ERROR in osqp_update_data_vec: Problem data validation.
ERROR in osqp_update_data_vec: Problem data validation.
ERROR in osqp_update_data_vec: Problem data validation.
ERROR in osqp_update_data_vec: Problem data validation.
ERROR in osqp_update_data_vec: Problem data validation.
ERROR in osqp_update_data_vec: Problem data validation.
ERROR in osqp_update_data_vec: Problem data validation.
ERROR in osqp_update_data_vec: Problem data validation.
ERROR in osqp_update_data_vec: Problem data validation.
ERROR in osqp_update_data_vec: Problem data validation.
ERROR in osqp_update_data_vec: Problem data validation.
ERROR in osqp_update_data_vec: Problem data validation.
ERROR in osqp_update_data_vec: Problem data validation.
ERROR in osqp_update_data_vec: Problem data validation.
ERROR in osqp_update_data_vec: Problem data validation.
ERROR in osqp_update_data_vec: Problem data validation.
ERROR in osqp_update_data_vec: Problem data validation.
ERROR in osqp_update_data_vec: Problem data validation.
ERROR in osqp_update_data_vec: Problem data validation.
ERROR in osqp_update_data_vec: Problem data validation.
Collision with known obstacle detected! Obs: [28.19027     2.1906197   0.3896728   0.42928448 -0.83239358 -2.
 32.          1.        ], Robot: [28.77422302  1.93179434] 0.25, Distance: 0.6387422826045482, True
Collision detected !!
Infeasible detected!!
ERROR in osqp_update_data_vec: Problem data validation.
ERROR in osqp_update_data_vec: Problem data validation.
ERROR in osqp_update_data_vec: Problem data validation.
ERROR in osqp_update_data_vec: Problem data validation.
ERROR in osqp_update_data_vec: Problem data validation.
ERROR in osqp_update_data_vec: Problem data validation.
ERROR in osqp_update_data_vec: Problem data validation.
ERROR in osqp_update_data_vec: Problem data validation.
ERROR in osqp_update_data_vec: Problem data validation.
ERROR in osqp_update_data_vec: Problem data validation.
ERROR in osqp_update_data_vec: Problem data validation.
ERROR in osqp_update_data_vec: Problem data validation.
ERROR in osqp_update_data_vec: Problem data validation.
ERROR in osqp_update_data_vec: Problem data validation.
ERROR in osqp_update_data_vec: Problem data validation.
ERROR in osqp_update_data_vec: Problem data validation.
ERROR in osqp_update_data_vec: Problem data validation.
ERROR in osqp_update_data_vec: Problem data validation.
ERROR in osqp_update_data_vec: Problem data validation.
ERROR in osqp_update_data_vec: Problem data validation.
ERROR in osqp_update_data_vec: Problem data validation.
ERROR in osqp_update_data_vec: Problem data validation.
ERROR in osqp_update_data_vec: Problem data validation.
ERROR in osqp_update_data_vec: Problem data validation.
ERROR in osqp_update_data_vec: Problem data validation.
ERROR in osqp_update_data_vec: Problem data validation.
ERROR in osqp_update_data_vec: Problem data validation.
ERROR in osqp_update_data_vec: Problem data validation.
ERROR in osqp_update_data_vec: Problem data validation.
ERROR in osqp_update_data_vec: Problem data validation.
ERROR in osqp_update_data_vec: Problem data validation.
ERROR in osqp_update_data_vec: Problem data validation.
ERROR in osqp_update_data_vec: Problem data validation.
ERROR in osqp_update_data_vec: Problem data validation.
ERROR in osqp_update_data_vec: Problem data validation.
ERROR in osqp_update_data_vec: Problem data validation.
ERROR in osqp_update_data_vec: Problem data validation.
ERROR in osqp_update_data_vec: Problem data validation.
ERROR in osqp_update_data_vec: Problem data validation.
ERROR in osqp_update_data_vec: Problem data validation.
ERROR in osqp_update_data_vec: Problem data validation.
ERROR in osqp_update_data_vec: Problem data validation.
ERROR in osqp_update_data_vec: Problem data validation.
ERROR in osqp_update_data_vec: Problem data validation.
ERROR in osqp_update_data_vec: Problem data validation.
ERROR in osqp_update_data_vec: Problem data validation.
ERROR in osqp_update_data_vec: Problem data validation.
ERROR in osqp_update_data_vec: Problem data validation.
ERROR in osqp_update_data_vec: Problem data validation.
ERROR in osqp_update_data_vec: Problem data validation.
ERROR in osqp_update_data_vec: Problem data validation.
ERROR in osqp_update_data_vec: Problem data validation.
ERROR in osqp_update_data_vec: Problem data validation.
ERROR in osqp_update_data_vec: Problem data validation.
ERROR in osqp_update_data_vec: Problem data validation.
ERROR in osqp_update_data_vec: Problem data validation.
ERROR in osqp_update_data_vec: Problem data validation.
ERROR in osqp_update_data_vec: Problem data validation.
ERROR in osqp_update_data_vec: Problem data validation.
[064/100] idx= 67 -> infeasible (raw=infeasible, compute_ms=8.041859695071546, intv=0.37187877495435523)
[065/100] idx= 63 -> success    (raw=success, compute_ms=7.429243689182693, intv=0.24198450014609846)
ERROR in osqp_update_data_vec: Problem data validation.
ERROR in osqp_update_data_vec: Problem data validation.
ERROR in osqp_update_data_vec: Problem data validation.
ERROR in osqp_update_data_vec: Problem data validation.
ERROR in osqp_update_data_vec: Problem data validation.
Infeasible detected!!
ERROR in osqp_update_data_vec: Problem data validation.
ERROR in osqp_update_data_vec: Problem data validation.
ERROR in osqp_update_data_vec: Problem data validation.
ERROR in osqp_update_data_vec: Problem data validation.
ERROR in osqp_update_data_vec: Problem data validation.
ERROR in osqp_update_data_vec: Problem data validation.
ERROR in osqp_update_data_vec: Problem data validation.
ERROR in osqp_update_data_vec: Problem data validation.
ERROR in osqp_update_data_vec: Problem data validation.
ERROR in osqp_update_data_vec: Problem data validation.
ERROR in osqp_update_data_vec: Problem data validation.
ERROR in osqp_update_data_vec: Problem data validation.
ERROR in osqp_update_data_vec: Problem data validation.
ERROR in osqp_update_data_vec: Problem data validation.
ERROR in osqp_update_data_vec: Problem data validation.
ERROR in osqp_update_data_vec: Problem data validation.
ERROR in osqp_update_data_vec: Problem data validation.
ERROR in osqp_update_data_vec: Problem data validation.
ERROR in osqp_update_data_vec: Problem data validation.
ERROR in osqp_update_data_vec: Problem data validation.
ERROR in osqp_update_data_vec: Problem data validation.
ERROR in osqp_update_data_vec: Problem data validation.
ERROR in osqp_update_data_vec: Problem data validation.
ERROR in osqp_update_data_vec: Problem data validation.
ERROR in osqp_update_data_vec: Problem data validation.
ERROR in osqp_update_data_vec: Problem data validation.
ERROR in osqp_update_data_vec: Problem data validation.
ERROR in osqp_update_data_vec: Problem data validation.
ERROR in osqp_update_data_vec: Problem data validation.
ERROR in osqp_update_data_vec: Problem data validation.
ERROR in osqp_update_data_vec: Problem data validation.
ERROR in osqp_update_data_vec: Problem data validation.
ERROR in osqp_update_data_vec: Problem data validation.
ERROR in osqp_update_data_vec: Problem data validation.
ERROR in osqp_update_data_vec: Problem data validation.
ERROR in osqp_update_data_vec: Problem data validation.
ERROR in osqp_update_data_vec: Problem data validation.
ERROR in osqp_update_data_vec: Problem data validation.
ERROR in osqp_update_data_vec: Problem data validation.
ERROR in osqp_update_data_vec: Problem data validation.
ERROR in osqp_update_data_vec: Problem data validation.
ERROR in osqp_update_data_vec: Problem data validation.
ERROR in osqp_update_data_vec: Problem data validation.
ERROR in osqp_update_data_vec: Problem data validation.
ERROR in osqp_update_data_vec: Problem data validation.
ERROR in osqp_update_data_vec: Problem data validation.
ERROR in osqp_update_data_vec: Problem data validation.
ERROR in osqp_update_data_vec: Problem data validation.
ERROR in osqp_update_data_vec: Problem data validation.
ERROR in osqp_update_data_vec: Problem data validation.
ERROR in osqp_update_data_vec: Problem data validation.
ERROR in osqp_update_data_vec: Problem data validation.
ERROR in osqp_update_data_vec: Problem data validation.
ERROR in osqp_update_data_vec: Problem data validation.
ERROR in osqp_update_data_vec: Problem data validation.
ERROR in osqp_update_data_vec: Problem data validation.
Infeasible detected!!
ERROR in osqp_update_data_vec: Problem data validation.
ERROR in osqp_update_data_vec: Problem data validation.
ERROR in osqp_update_data_vec: Problem data validation.
ERROR in osqp_update_data_vec: Problem data validation.
ERROR in osqp_update_data_vec: Problem data validation.
ERROR in osqp_update_data_vec: Problem data validation.
ERROR in osqp_update_data_vec: Problem data validation.
ERROR in osqp_update_data_vec: Problem data validation.
ERROR in osqp_update_data_vec: Problem data validation.
ERROR in osqp_update_data_vec: Problem data validation.
ERROR in osqp_update_data_vec: Problem data validation.
ERROR in osqp_update_data_vec: Problem data validation.
ERROR in osqp_update_data_vec: Problem data validation.
ERROR in osqp_update_data_vec: Problem data validation.
ERROR in osqp_update_data_vec: Problem data validation.
ERROR in osqp_update_data_vec: Problem data validation.
ERROR in osqp_update_data_vec: Problem data validation.
ERROR in osqp_update_data_vec: Problem data validation.
ERROR in osqp_update_data_vec: Problem data validation.
ERROR in osqp_update_data_vec: Problem data validation.
ERROR in osqp_update_data_vec: Problem data validation.
ERROR in osqp_update_data_vec: Problem data validation.
ERROR in osqp_update_data_vec: Problem data validation.
ERROR in osqp_update_data_vec: Problem data validation.
ERROR in osqp_update_data_vec: Problem data validation.
ERROR in osqp_update_data_vec: Problem data validation.
ERROR in osqp_update_data_vec: Problem data validation.
ERROR in osqp_update_data_vec: Problem data validation.
ERROR in osqp_update_data_vec: Problem data validation.
ERROR in osqp_update_data_vec: Problem data validation.
ERROR in osqp_update_data_vec: Problem data validation.
ERROR in osqp_update_data_vec: Problem data validation.
ERROR in osqp_update_data_vec: Problem data validation.
ERROR in osqp_update_data_vec: Problem data validation.
ERROR in osqp_update_data_vec: Problem data validation.
ERROR in osqp_update_data_vec: Problem data validation.
ERROR in osqp_update_data_vec: Problem data validation.
ERROR in osqp_update_data_vec: Problem data validation.
ERROR in osqp_update_data_vec: Problem data validation.
ERROR in osqp_update_data_vec: Problem data validation.
ERROR in osqp_update_data_vec: Problem data validation.
ERROR in osqp_update_data_vec: Problem data validation.
ERROR in osqp_update_data_vec: Problem data validation.
ERROR in osqp_update_data_vec: Problem data validation.
ERROR in osqp_update_data_vec: Problem data validation.
ERROR in osqp_update_data_vec: Problem data validation.
ERROR in osqp_update_data_vec: Problem data validation.
ERROR in osqp_update_data_vec: Problem data validation.
ERROR in osqp_update_data_vec: Problem data validation.
ERROR in osqp_update_data_vec: Problem data validation.
ERROR in osqp_update_data_vec: Problem data validation.
ERROR in osqp_update_data_vec: Problem data validation.
ERROR in osqp_update_data_vec: Problem data validation.
ERROR in osqp_update_data_vec: Problem data validation.
ERROR in osqp_update_data_vec: Problem data validation.
ERROR in osqp_update_data_vec: Problem data validation.
ERROR in osqp_update_data_vec: Problem data validation.
ERROR in osqp_update_data_vec: Problem data validation.
ERROR in osqp_update_data_vec: Problem data validation.
ERROR in osqp_update_data_vec: Problem data validation.
ERROR in osqp_update_data_vec: Problem data validation.
ERROR in osqp_update_data_vec: Problem data validation.
ERROR in osqp_update_data_vec: Problem data validation.
ERROR in osqp_update_data_vec: Problem data validation.
ERROR in osqp_update_data_vec: Problem data validation.
ERROR in osqp_update_data_vec: Problem data validation.
ERROR in osqp_update_data_vec: Problem data validation.
ERROR in osqp_update_data_vec: Problem data validation.
ERROR in osqp_update_data_vec: Problem data validation.
ERROR in osqp_update_data_vec: Problem data validation.
ERROR in osqp_update_data_vec: Problem data validation.
ERROR in osqp_update_data_vec: Problem data validation.
ERROR in osqp_update_data_vec: Problem data validation.
ERROR in osqp_update_data_vec: Problem data validation.
ERROR in osqp_update_data_vec: Problem data validation.
ERROR in osqp_update_data_vec: Problem data validation.
ERROR in osqp_update_data_vec: Problem data validation.
ERROR in osqp_update_data_vec: Problem data validation.
ERROR in osqp_update_data_vec: Problem data validation.
ERROR in osqp_update_data_vec: Problem data validation.
ERROR in osqp_update_data_vec: Problem data validation.
ERROR in osqp_update_data_vec: Problem data validation.
ERROR in osqp_update_data_vec: Problem data validation.
ERROR in osqp_update_data_vec: Problem data validation.
[066/100] idx= 71 -> collision  (raw=collision, compute_ms=16.36090775753152, intv=1.1740299541453614)
[067/100] idx= 69 -> infeasible (raw=infeasible, compute_ms=8.232921168381678, intv=0.40391750585446623)
[068/100] idx= 68 -> success    (raw=success, compute_ms=7.078079683465651, intv=0.21790251213786052)
[069/100] idx= 66 -> success    (raw=success, compute_ms=7.477608768529304, intv=0.2452560104903986)
[070/100] idx= 64 -> success    (raw=success, compute_ms=7.9478221491989, intv=0.37649704431230097)
[071/100] idx= 70 -> success    (raw=success, compute_ms=6.89378446790225, intv=0.23902220735290367)
ERROR in osqp_update_data_vec: Problem data validation.
ERROR in osqp_update_data_vec: Problem data validation.
ERROR in osqp_update_data_vec: Problem data validation.
ERROR in osqp_update_data_vec: Problem data validation.
ERROR in osqp_update_data_vec: Problem data validation.
ERROR in osqp_update_data_vec: Problem data validation.
ERROR in osqp_update_data_vec: Problem data validation.
ERROR in osqp_update_data_vec: Problem data validation.
ERROR in osqp_update_data_vec: Problem data validation.
ERROR in osqp_update_data_vec: Problem data validation.
ERROR in osqp_update_data_vec: Problem data validation.
ERROR in osqp_update_data_vec: Problem data validation.
ERROR in osqp_update_data_vec: Problem data validation.
ERROR in osqp_update_data_vec: Problem data validation.
ERROR in osqp_update_data_vec: Problem data validation.
ERROR in osqp_update_data_vec: Problem data validation.
ERROR in osqp_update_data_vec: Problem data validation.
ERROR in osqp_update_data_vec: Problem data validation.
ERROR in osqp_update_data_vec: Problem data validation.
ERROR in osqp_update_data_vec: Problem data validation.
ERROR in osqp_update_data_vec: Problem data validation.
ERROR in osqp_update_data_vec: Problem data validation.
ERROR in osqp_update_data_vec: Problem data validation.
ERROR in osqp_update_data_vec: Problem data validation.
ERROR in osqp_update_data_vec: Problem data validation.
ERROR in osqp_update_data_vec: Problem data validation.
ERROR in osqp_update_data_vec: Problem data validation.
ERROR in osqp_update_data_vec: Problem data validation.
ERROR in osqp_update_data_vec: Problem data validation.
ERROR in osqp_update_data_vec: Problem data validation.
ERROR in osqp_update_data_vec: Problem data validation.
ERROR in osqp_update_data_vec: Problem data validation.
ERROR in osqp_update_data_vec: Problem data validation.
ERROR in osqp_update_data_vec: Problem data validation.
ERROR in osqp_update_data_vec: Problem data validation.
ERROR in osqp_update_data_vec: Problem data validation.
ERROR in osqp_update_data_vec: Problem data validation.
ERROR in osqp_update_data_vec: Problem data validation.
ERROR in osqp_update_data_vec: Problem data validation.
ERROR in osqp_update_data_vec: Problem data validation.
ERROR in osqp_update_data_vec: Problem data validation.
ERROR in osqp_update_data_vec: Problem data validation.
ERROR in osqp_update_data_vec: Problem data validation.
ERROR in osqp_update_data_vec: Problem data validation.
ERROR in osqp_update_data_vec: Problem data validation.
ERROR in osqp_update_data_vec: Problem data validation.
ERROR in osqp_update_data_vec: Problem data validation.
ERROR in osqp_update_data_vec: Problem data validation.
ERROR in osqp_update_data_vec: Problem data validation.
ERROR in osqp_update_data_vec: Problem data validation.
ERROR in osqp_update_data_vec: Problem data validation.
ERROR in osqp_update_data_vec: Problem data validation.
ERROR in osqp_update_data_vec: Problem data validation.
ERROR in osqp_update_data_vec: Problem data validation.
ERROR in osqp_update_data_vec: Problem data validation.
ERROR in osqp_update_data_vec: Problem data validation.
ERROR in osqp_update_data_vec: Problem data validation.
ERROR in osqp_update_data_vec: Problem data validation.
ERROR in osqp_update_data_vec: Problem data validation.
ERROR in osqp_update_data_vec: Problem data validation.
ERROR in osqp_update_data_vec: Problem data validation.
ERROR in osqp_update_data_vec: Problem data validation.
ERROR in osqp_update_data_vec: Problem data validation.
ERROR in osqp_update_data_vec: Problem data validation.
ERROR in osqp_update_data_vec: Problem data validation.
ERROR in osqp_update_data_vec: Problem data validation.
ERROR in osqp_update_data_vec: Problem data validation.
ERROR in osqp_update_data_vec: Problem data validation.
ERROR in osqp_update_data_vec: Problem data validation.
ERROR in osqp_update_data_vec: Problem data validation.
ERROR in osqp_update_data_vec: Problem data validation.
ERROR in osqp_update_data_vec: Problem data validation.
ERROR in osqp_update_data_vec: Problem data validation.
ERROR in osqp_update_data_vec: Problem data validation.
ERROR in osqp_update_data_vec: Problem data validation.
ERROR in osqp_update_data_vec: Problem data validation.
Infeasible detected!!
ERROR in osqp_update_data_vec: Problem data validation.
ERROR in osqp_update_data_vec: Problem data validation.
ERROR in osqp_update_data_vec: Problem data validation.
ERROR in osqp_update_data_vec: Problem data validation.
ERROR in osqp_update_data_vec: Problem data validation.
ERROR in osqp_update_data_vec: Problem data validation.
ERROR in osqp_update_data_vec: Problem data validation.
ERROR in osqp_update_data_vec: Problem data validation.
ERROR in osqp_update_data_vec: Problem data validation.
ERROR in osqp_update_data_vec: Problem data validation.
ERROR in osqp_update_data_vec: Problem data validation.
ERROR in osqp_update_data_vec: Problem data validation.
ERROR in osqp_update_data_vec: Problem data validation.
ERROR in osqp_update_data_vec: Problem data validation.
ERROR in osqp_update_data_vec: Problem data validation.
ERROR in osqp_update_data_vec: Problem data validation.
ERROR in osqp_update_data_vec: Problem data validation.
ERROR in osqp_update_data_vec: Problem data validation.
ERROR in osqp_update_data_vec: Problem data validation.
ERROR in osqp_update_data_vec: Problem data validation.
ERROR in osqp_update_data_vec: Problem data validation.
Infeasible detected!!
ERROR in osqp_update_data_vec: Problem data validation.
ERROR in osqp_update_data_vec: Problem data validation.
ERROR in osqp_update_data_vec: Problem data validation.
ERROR in osqp_update_data_vec: Problem data validation.
ERROR in osqp_update_data_vec: Problem data validation.
ERROR in osqp_update_data_vec: Problem data validation.
ERROR in osqp_update_data_vec: Problem data validation.
ERROR in osqp_update_data_vec: Problem data validation.
ERROR in osqp_update_data_vec: Problem data validation.
ERROR in osqp_update_data_vec: Problem data validation.
ERROR in osqp_update_data_vec: Problem data validation.
ERROR in osqp_update_data_vec: Problem data validation.
ERROR in osqp_update_data_vec: Problem data validation.
ERROR in osqp_update_data_vec: Problem data validation.
ERROR in osqp_update_data_vec: Problem data validation.
ERROR in osqp_update_data_vec: Problem data validation.
ERROR in osqp_update_data_vec: Problem data validation.
ERROR in osqp_update_data_vec: Problem data validation.
ERROR in osqp_update_data_vec: Problem data validation.
ERROR in osqp_update_data_vec: Problem data validation.
ERROR in osqp_update_data_vec: Problem data validation.
ERROR in osqp_update_data_vec: Problem data validation.
ERROR in osqp_update_data_vec: Problem data validation.
ERROR in osqp_update_data_vec: Problem data validation.
ERROR in osqp_update_data_vec: Problem data validation.
ERROR in osqp_update_data_vec: Problem data validation.
ERROR in osqp_update_data_vec: Problem data validation.
ERROR in osqp_update_data_vec: Problem data validation.
ERROR in osqp_update_data_vec: Problem data validation.
ERROR in osqp_update_data_vec: Problem data validation.
ERROR in osqp_update_data_vec: Problem data validation.
ERROR in osqp_update_data_vec: Problem data validation.
ERROR in osqp_update_data_vec: Problem data validation.
ERROR in osqp_update_data_vec: Problem data validation.
ERROR in osqp_update_data_vec: Problem data validation.
ERROR in osqp_update_data_vec: Problem data validation.
ERROR in osqp_update_data_vec: Problem data validation.
ERROR in osqp_update_data_vec: Problem data validation.
ERROR in osqp_update_data_vec: Problem data validation.
ERROR in osqp_update_data_vec: Problem data validation.
ERROR in osqp_update_data_vec: Problem data validation.
ERROR in osqp_update_data_vec: Problem data validation.
ERROR in osqp_update_data_vec: Problem data validation.
ERROR in osqp_update_data_vec: Problem data validation.
ERROR in osqp_update_data_vec: Problem data validation.
ERROR in osqp_update_data_vec: Problem data validation.
ERROR in osqp_update_data_vec: Problem data validation.
ERROR in osqp_update_data_vec: Problem data validation.
[072/100] idx= 72 -> infeasible (raw=infeasible, compute_ms=8.832881655875156, intv=0.46552192360355904)
[073/100] idx= 73 -> success    (raw=success, compute_ms=7.479365227657862, intv=0.2524057462343249)
[074/100] idx= 76 -> success    (raw=success, compute_ms=6.732229300836112, intv=0.20558152482484332)
[075/100] idx= 78 -> infeasible (raw=infeasible, compute_ms=8.002706755856401, intv=0.4213522968484496)
[076/100] idx= 75 -> success    (raw=success, compute_ms=7.832652942240222, intv=0.29573869853431073)
[077/100] idx= 80 -> collision  (raw=collision, compute_ms=9.08693931768277, intv=0.7232849827106771)
[078/100] idx= 74 -> success    (raw=success, compute_ms=7.877571099216594, intv=0.3211413090602879)
[079/100] idx= 77 -> success    (raw=success, compute_ms=7.559133130494151, intv=0.23880743365423482)
[080/100] idx= 81 -> infeasible (raw=infeasible, compute_ms=11.010063399226055, intv=1.1022764496456212)
[081/100] idx= 86 -> infeasible (raw=infeasible, compute_ms=15.797504066701453, intv=0.9391751670071368)
[082/100] idx= 79 -> success    (raw=success, compute_ms=9.10966784287827, intv=0.17280590275933994)
[083/100] idx= 83 -> success    (raw=success, compute_ms=6.720763779827112, intv=0.168404316079368)
[084/100] idx= 84 -> success    (raw=success, compute_ms=7.325566698196151, intv=0.18792858156351905)
[085/100] idx= 85 -> success    (raw=success, compute_ms=7.927631898135716, intv=0.21901604260629642)
[086/100] idx= 91 -> collision  (raw=collision, compute_ms=6.503740036991281, intv=0.6528895456952448)
[087/100] idx= 82 -> success    (raw=success, compute_ms=8.432169084846834, intv=0.424828707650196)
ERROR in osqp_update_data_vec: Problem data validation.
ERROR in osqp_update_data_vec: Problem data validation.
ERROR in osqp_update_data_vec: Problem data validation.
ERROR in osqp_update_data_vec: Problem data validation.
ERROR in osqp_update_data_vec: Problem data validation.
ERROR in osqp_update_data_vec: Problem data validation.
ERROR in osqp_update_data_vec: Problem data validation.
ERROR in osqp_update_data_vec: Problem data validation.
ERROR in osqp_update_data_vec: Problem data validation.
ERROR in osqp_update_data_vec: Problem data validation.
ERROR in osqp_update_data_vec: Problem data validation.
ERROR in osqp_update_data_vec: Problem data validation.
ERROR in osqp_update_data_vec: Problem data validation.
ERROR in osqp_update_data_vec: Problem data validation.
ERROR in osqp_update_data_vec: Problem data validation.
ERROR in osqp_update_data_vec: Problem data validation.
ERROR in osqp_update_data_vec: Problem data validation.
ERROR in osqp_update_data_vec: Problem data validation.
ERROR in osqp_update_data_vec: Problem data validation.
ERROR in osqp_update_data_vec: Problem data validation.
ERROR in osqp_update_data_vec: Problem data validation.
ERROR in osqp_update_data_vec: Problem data validation.
ERROR in osqp_update_data_vec: Problem data validation.
ERROR in osqp_update_data_vec: Problem data validation.
ERROR in osqp_update_data_vec: Problem data validation.
ERROR in osqp_update_data_vec: Problem data validation.
ERROR in osqp_update_data_vec: Problem data validation.
ERROR in osqp_update_data_vec: Problem data validation.
ERROR in osqp_update_data_vec: Problem data validation.
ERROR in osqp_update_data_vec: Problem data validation.
ERROR in osqp_update_data_vec: Problem data validation.
ERROR in osqp_update_data_vec: Problem data validation.
Infeasible detected!!
ERROR in osqp_update_data_vec: Problem data validation.
ERROR in osqp_update_data_vec: Problem data validation.
ERROR in osqp_update_data_vec: Problem data validation.
ERROR in osqp_update_data_vec: Problem data validation.
ERROR in osqp_update_data_vec: Problem data validation.
ERROR in osqp_update_data_vec: Problem data validation.
ERROR in osqp_update_data_vec: Problem data validation.
ERROR in osqp_update_data_vec: Problem data validation.
ERROR in osqp_update_data_vec: Problem data validation.
ERROR in osqp_update_data_vec: Problem data validation.
ERROR in osqp_update_data_vec: Problem data validation.
ERROR in osqp_update_data_vec: Problem data validation.
ERROR in osqp_update_data_vec: Problem data validation.
ERROR in osqp_update_data_vec: Problem data validation.
ERROR in osqp_update_data_vec: Problem data validation.
ERROR in osqp_update_data_vec: Problem data validation.
ERROR in osqp_update_data_vec: Problem data validation.
ERROR in osqp_update_data_vec: Problem data validation.
ERROR in osqp_update_data_vec: Problem data validation.
ERROR in osqp_update_data_vec: Problem data validation.
ERROR in osqp_update_data_vec: Problem data validation.
ERROR in osqp_update_data_vec: Problem data validation.
ERROR in osqp_update_data_vec: Problem data validation.
ERROR in osqp_update_data_vec: Problem data validation.
ERROR in osqp_update_data_vec: Problem data validation.
ERROR in osqp_update_data_vec: Problem data validation.
ERROR in osqp_update_data_vec: Problem data validation.
ERROR in osqp_update_data_vec: Problem data validation.
ERROR in osqp_update_data_vec: Problem data validation.
ERROR in osqp_update_data_vec: Problem data validation.
ERROR in osqp_update_data_vec: Problem data validation.
ERROR in osqp_update_data_vec: Problem data validation.
ERROR in osqp_update_data_vec: Problem data validation.
ERROR in osqp_update_data_vec: Problem data validation.
ERROR in osqp_update_data_vec: Problem data validation.
ERROR in osqp_update_data_vec: Problem data validation.
ERROR in osqp_update_data_vec: Problem data validation.
ERROR in osqp_update_data_vec: Problem data validation.
ERROR in osqp_update_data_vec: Problem data validation.
ERROR in osqp_update_data_vec: Problem data validation.
ERROR in osqp_update_data_vec: Problem data validation.
ERROR in osqp_update_data_vec: Problem data validation.
ERROR in osqp_update_data_vec: Problem data validation.
ERROR in osqp_update_data_vec: Problem data validation.
ERROR in osqp_update_data_vec: Problem data validation.
ERROR in osqp_update_data_vec: Problem data validation.
ERROR in osqp_update_data_vec: Problem data validation.
ERROR in osqp_update_data_vec: Problem data validation.
ERROR in osqp_update_data_vec: Problem data validation.
ERROR in osqp_update_data_vec: Problem data validation.
ERROR in osqp_update_data_vec: Problem data validation.
ERROR in osqp_update_data_vec: Problem data validation.
ERROR in osqp_update_data_vec: Problem data validation.
ERROR in osqp_update_data_vec: Problem data validation.
ERROR in osqp_update_data_vec: Problem data validation.
ERROR in osqp_update_data_vec: Problem data validation.
ERROR in osqp_update_data_vec: Problem data validation.
ERROR in osqp_update_data_vec: Problem data validation.
ERROR in osqp_update_data_vec: Problem data validation.
ERROR in osqp_update_data_vec: Problem data validation.
ERROR in osqp_update_data_vec: Problem data validation.
ERROR in osqp_update_data_vec: Problem data validation.
ERROR in osqp_update_data_vec: Problem data validation.
ERROR in osqp_update_data_vec: Problem data validation.
ERROR in osqp_update_data_vec: Problem data validation.
ERROR in osqp_update_data_vec: Problem data validation.
ERROR in osqp_update_data_vec: Problem data validation.
ERROR in osqp_update_data_vec: Problem data validation.
ERROR in osqp_update_data_vec: Problem data validation.
ERROR in osqp_update_data_vec: Problem data validation.
ERROR in osqp_update_data_vec: Problem data validation.
ERROR in osqp_update_data_vec: Problem data validation.
ERROR in osqp_update_data_vec: Problem data validation.
ERROR in osqp_update_data_vec: Problem data validation.
ERROR in osqp_update_data_vec: Problem data validation.
ERROR in osqp_update_data_vec: Problem data validation.
ERROR in osqp_update_data_vec: Problem data validation.
ERROR in osqp_update_data_vec: Problem data validation.
ERROR in osqp_update_data_vec: Problem data validation.
ERROR in osqp_update_data_vec: Problem data validation.
ERROR in osqp_update_data_vec: Problem data validation.
ERROR in osqp_update_data_vec: Problem data validation.
ERROR in osqp_update_data_vec: Problem data validation.
ERROR in osqp_update_data_vec: Problem data validation.
ERROR in osqp_update_data_vec: Problem data validation.
ERROR in osqp_update_data_vec: Problem data validation.
ERROR in osqp_update_data_vec: Problem data validation.
ERROR in osqp_update_data_vec: Problem data validation.
ERROR in osqp_update_data_vec: Problem data validation.
Collision with known obstacle detected! Obs: [ 2.45921583  5.40319234  0.38600206 -0.40985653  0.20183803 -2.
 32.          1.        ], Robot: [1.89100299 5.68400892] 0.25, Distance: 0.6338168421009118, True
Collision detected !!
ERROR in osqp_update_data_vec: Problem data validation.
ERROR in osqp_update_data_vec: Problem data validation.
ERROR in osqp_update_data_vec: Problem data validation.
ERROR in osqp_update_data_vec: Problem data validation.
ERROR in osqp_update_data_vec: Problem data validation.
ERROR in osqp_update_data_vec: Problem data validation.
ERROR in osqp_update_data_vec: Problem data validation.
ERROR in osqp_update_data_vec: Problem data validation.
ERROR in osqp_update_data_vec: Problem data validation.
ERROR in osqp_update_data_vec: Problem data validation.
ERROR in osqp_update_data_vec: Problem data validation.
ERROR in osqp_update_data_vec: Problem data validation.
ERROR in osqp_update_data_vec: Problem data validation.
ERROR in osqp_update_data_vec: Problem data validation.
ERROR in osqp_update_data_vec: Problem data validation.
ERROR in osqp_update_data_vec: Problem data validation.
ERROR in osqp_update_data_vec: Problem data validation.
ERROR in osqp_update_data_vec: Problem data validation.
ERROR in osqp_update_data_vec: Problem data validation.
ERROR in osqp_update_data_vec: Problem data validation.
ERROR in osqp_update_data_vec: Problem data validation.
ERROR in osqp_update_data_vec: Problem data validation.
ERROR in osqp_update_data_vec: Problem data validation.
ERROR in osqp_update_data_vec: Problem data validation.
ERROR in osqp_update_data_vec: Problem data validation.
ERROR in osqp_update_data_vec: Problem data validation.
ERROR in osqp_update_data_vec: Problem data validation.
ERROR in osqp_update_data_vec: Problem data validation.
ERROR in osqp_update_data_vec: Problem data validation.
Infeasible detected!!
ERROR in osqp_update_data_vec: Problem data validation.
ERROR in osqp_update_data_vec: Problem data validation.
ERROR in osqp_update_data_vec: Problem data validation.
ERROR in osqp_update_data_vec: Problem data validation.
ERROR in osqp_update_data_vec: Problem data validation.
ERROR in osqp_update_data_vec: Problem data validation.
ERROR in osqp_update_data_vec: Problem data validation.
ERROR in osqp_update_data_vec: Problem data validation.
ERROR in osqp_update_data_vec: Problem data validation.
ERROR in osqp_update_data_vec: Problem data validation.
ERROR in osqp_update_data_vec: Problem data validation.
ERROR in osqp_update_data_vec: Problem data validation.
ERROR in osqp_update_data_vec: Problem data validation.
ERROR in osqp_update_data_vec: Problem data validation.
ERROR in osqp_update_data_vec: Problem data validation.
ERROR in osqp_update_data_vec: Problem data validation.
ERROR in osqp_update_data_vec: Problem data validation.
ERROR in osqp_update_data_vec: Problem data validation.
ERROR in osqp_update_data_vec: Problem data validation.
ERROR in osqp_update_data_vec: Problem data validation.
ERROR in osqp_update_data_vec: Problem data validation.
ERROR in osqp_update_data_vec: Problem data validation.
ERROR in osqp_update_data_vec: Problem data validation.
ERROR in osqp_update_data_vec: Problem data validation.
ERROR in osqp_update_data_vec: Problem data validation.
ERROR in osqp_update_data_vec: Problem data validation.
ERROR in osqp_update_data_vec: Problem data validation.
ERROR in osqp_update_data_vec: Problem data validation.
ERROR in osqp_update_data_vec: Problem data validation.
ERROR in osqp_update_data_vec: Problem data validation.
ERROR in osqp_update_data_vec: Problem data validation.
ERROR in osqp_update_data_vec: Problem data validation.
ERROR in osqp_update_data_vec: Problem data validation.
ERROR in osqp_update_data_vec: Problem data validation.
ERROR in osqp_update_data_vec: Problem data validation.
ERROR in osqp_update_data_vec: Problem data validation.
ERROR in osqp_update_data_vec: Problem data validation.
ERROR in osqp_update_data_vec: Problem data validation.
ERROR in osqp_update_data_vec: Problem data validation.
ERROR in osqp_update_data_vec: Problem data validation.
ERROR in osqp_update_data_vec: Problem data validation.
ERROR in osqp_update_data_vec: Problem data validation.
ERROR in osqp_update_data_vec: Problem data validation.
ERROR in osqp_update_data_vec: Problem data validation.
ERROR in osqp_update_data_vec: Problem data validation.
ERROR in osqp_update_data_vec: Problem data validation.
ERROR in osqp_update_data_vec: Problem data validation.
ERROR in osqp_update_data_vec: Problem data validation.
ERROR in osqp_update_data_vec: Problem data validation.
ERROR in osqp_update_data_vec: Problem data validation.
ERROR in osqp_update_data_vec: Problem data validation.
ERROR in osqp_update_data_vec: Problem data validation.
ERROR in osqp_update_data_vec: Problem data validation.
ERROR in osqp_update_data_vec: Problem data validation.
ERROR in osqp_update_data_vec: Problem data validation.
ERROR in osqp_update_data_vec: Problem data validation.
ERROR in osqp_update_data_vec: Problem data validation.
ERROR in osqp_update_data_vec: Problem data validation.
ERROR in osqp_update_data_vec: Problem data validation.
ERROR in osqp_update_data_vec: Problem data validation.
ERROR in osqp_update_data_vec: Problem data validation.
ERROR in osqp_update_data_vec: Problem data validation.
ERROR in osqp_update_data_vec: Problem data validation.
ERROR in osqp_update_data_vec: Problem data validation.
ERROR in osqp_update_data_vec: Problem data validation.
ERROR in osqp_update_data_vec: Problem data validation.
ERROR in osqp_update_data_vec: Problem data validation.
ERROR in osqp_update_data_vec: Problem data validation.
ERROR in osqp_update_data_vec: Problem data validation.
ERROR in osqp_update_data_vec: Problem data validation.
ERROR in osqp_update_data_vec: Problem data validation.
ERROR in osqp_update_data_vec: Problem data validation.
ERROR in osqp_update_data_vec: Problem data validation.
ERROR in osqp_update_data_vec: Problem data validation.
ERROR in osqp_update_data_vec: Problem data validation.
ERROR in osqp_update_data_vec: Problem data validation.
ERROR in osqp_update_data_vec: Problem data validation.
ERROR in osqp_update_data_vec: Problem data validation.
ERROR in osqp_update_data_vec: Problem data validation.
ERROR in osqp_update_data_vec: Problem data validation.
ERROR in osqp_update_data_vec: Problem data validation.
ERROR in osqp_update_data_vec: Problem data validation.
ERROR in osqp_update_data_vec: Problem data validation.
ERROR in osqp_update_data_vec: Problem data validation.
ERROR in osqp_update_data_vec: Problem data validation.
ERROR in osqp_update_data_vec: Problem data validation.
ERROR in osqp_update_data_vec: Problem data validation.
ERROR in osqp_update_data_vec: Problem data validation.
ERROR in osqp_update_data_vec: Problem data validation.
ERROR in osqp_update_data_vec: Problem data validation.
ERROR in osqp_update_data_vec: Problem data validation.
ERROR in osqp_update_data_vec: Problem data validation.
ERROR in osqp_update_data_vec: Problem data validation.
ERROR in osqp_update_data_vec: Problem data validation.
ERROR in osqp_update_data_vec: Problem data validation.
ERROR in osqp_update_data_vec: Problem data validation.
ERROR in osqp_update_data_vec: Problem data validation.
ERROR in osqp_update_data_vec: Problem data validation.
ERROR in osqp_update_data_vec: Problem data validation.
ERROR in osqp_update_data_vec: Problem data validation.
ERROR in osqp_update_data_vec: Problem data validation.
ERROR in osqp_update_data_vec: Problem data validation.
ERROR in osqp_update_data_vec: Problem data validation.
ERROR in osqp_update_data_vec: Problem data validation.
ERROR in osqp_update_data_vec: Problem data validation.
ERROR in osqp_update_data_vec: Problem data validation.
ERROR in osqp_update_data_vec: Problem data validation.
ERROR in osqp_update_data_vec: Problem data validation.
ERROR in osqp_update_data_vec: Problem data validation.
ERROR in osqp_update_data_vec: Problem data validation.
ERROR in osqp_update_data_vec: Problem data validation.
ERROR in osqp_update_data_vec: Problem data validation.
ERROR in osqp_update_data_vec: Problem data validation.
ERROR in osqp_update_data_vec: Problem data validation.
ERROR in osqp_update_data_vec: Problem data validation.
ERROR in osqp_update_data_vec: Problem data validation.
ERROR in osqp_update_data_vec: Problem data validation.
ERROR in osqp_update_data_vec: Problem data validation.
ERROR in osqp_update_data_vec: Problem data validation.
ERROR in osqp_update_data_vec: Problem data validation.
ERROR in osqp_update_data_vec: Problem data validation.
ERROR in osqp_update_data_vec: Problem data validation.
ERROR in osqp_update_data_vec: Problem data validation.
ERROR in osqp_update_data_vec: Problem data validation.
ERROR in osqp_update_data_vec: Problem data validation.
ERROR in osqp_update_data_vec: Problem data validation.
ERROR in osqp_update_data_vec: Problem data validation.
ERROR in osqp_update_data_vec: Problem data validation.
ERROR in osqp_update_data_vec: Problem data validation.
ERROR in osqp_update_data_vec: Problem data validation.
ERROR in osqp_update_data_vec: Problem data validation.
ERROR in osqp_update_data_vec: Problem data validation.
ERROR in osqp_update_data_vec: Problem data validation.
ERROR in osqp_update_data_vec: Problem data validation.
ERROR in osqp_update_data_vec: Problem data validation.
ERROR in osqp_update_data_vec: Problem data validation.
[088/100] idx= 87 -> infeasible (raw=infeasible, compute_ms=7.888296472012617, intv=0.26076884592085076)
[089/100] idx= 88 -> infeasible (raw=infeasible, compute_ms=6.848396221688731, intv=0.26126913098214594)
[090/100] idx= 93 -> infeasible (raw=infeasible, compute_ms=9.116221460305239, intv=0.5168669078879117)
[091/100] idx= 89 -> success    (raw=success, compute_ms=8.9120955218284, intv=0.229225592578844)
[092/100] idx= 90 -> success    (raw=success, compute_ms=8.484983825945895, intv=0.21268404822160122)
[093/100] idx= 96 -> infeasible (raw=infeasible, compute_ms=8.482795049995184, intv=0.5802887180571976)
ERROR in osqp_update_data_vec: Problem data validation.
ERROR in osqp_update_data_vec: Problem data validation.
ERROR in osqp_update_data_vec: Problem data validation.
ERROR in osqp_update_data_vec: Problem data validation.
ERROR in osqp_update_data_vec: Problem data validation.
ERROR in osqp_update_data_vec: Problem data validation.
ERROR in osqp_update_data_vec: Problem data validation.
ERROR in osqp_update_data_vec: Problem data validation.
ERROR in osqp_update_data_vec: Problem data validation.
ERROR in osqp_update_data_vec: Problem data validation.
ERROR in osqp_update_data_vec: Problem data validation.
ERROR in osqp_update_data_vec: Problem data validation.
ERROR in osqp_update_data_vec: Problem data validation.
ERROR in osqp_update_data_vec: Problem data validation.
ERROR in osqp_update_data_vec: Problem data validation.
ERROR in osqp_update_data_vec: Problem data validation.
ERROR in osqp_update_data_vec: Problem data validation.
ERROR in osqp_update_data_vec: Problem data validation.
ERROR in osqp_update_data_vec: Problem data validation.
ERROR in osqp_update_data_vec: Problem data validation.
ERROR in osqp_update_data_vec: Problem data validation.
ERROR in osqp_update_data_vec: Problem data validation.
ERROR in osqp_update_data_vec: Problem data validation.
Infeasible detected!!
ERROR in osqp_update_data_vec: Problem data validation.
ERROR in osqp_update_data_vec: Problem data validation.
ERROR in osqp_update_data_vec: Problem data validation.
ERROR in osqp_update_data_vec: Problem data validation.
ERROR in osqp_update_data_vec: Problem data validation.
ERROR in osqp_update_data_vec: Problem data validation.
ERROR in osqp_update_data_vec: Problem data validation.
ERROR in osqp_update_data_vec: Problem data validation.
ERROR in osqp_update_data_vec: Problem data validation.
ERROR in osqp_update_data_vec: Problem data validation.
ERROR in osqp_update_data_vec: Problem data validation.
ERROR in osqp_update_data_vec: Problem data validation.
ERROR in osqp_update_data_vec: Problem data validation.
ERROR in osqp_update_data_vec: Problem data validation.
ERROR in osqp_update_data_vec: Problem data validation.
ERROR in osqp_update_data_vec: Problem data validation.
ERROR in osqp_update_data_vec: Problem data validation.
ERROR in osqp_update_data_vec: Problem data validation.
ERROR in osqp_update_data_vec: Problem data validation.
Infeasible detected!!
ERROR in osqp_update_data_vec: Problem data validation.
ERROR in osqp_update_data_vec: Problem data validation.
ERROR in osqp_update_data_vec: Problem data validation.
ERROR in osqp_update_data_vec: Problem data validation.
ERROR in osqp_update_data_vec: Problem data validation.
ERROR in osqp_update_data_vec: Problem data validation.
ERROR in osqp_update_data_vec: Problem data validation.
ERROR in osqp_update_data_vec: Problem data validation.
ERROR in osqp_update_data_vec: Problem data validation.
ERROR in osqp_update_data_vec: Problem data validation.
ERROR in osqp_update_data_vec: Problem data validation.
ERROR in osqp_update_data_vec: Problem data validation.
ERROR in osqp_update_data_vec: Problem data validation.
ERROR in osqp_update_data_vec: Problem data validation.
ERROR in osqp_update_data_vec: Problem data validation.
ERROR in osqp_update_data_vec: Problem data validation.
ERROR in osqp_update_data_vec: Problem data validation.
ERROR in osqp_update_data_vec: Problem data validation.
ERROR in osqp_update_data_vec: Problem data validation.
ERROR in osqp_update_data_vec: Problem data validation.
ERROR in osqp_update_data_vec: Problem data validation.
ERROR in osqp_update_data_vec: Problem data validation.
ERROR in osqp_update_data_vec: Problem data validation.
ERROR in osqp_update_data_vec: Problem data validation.
ERROR in osqp_update_data_vec: Problem data validation.
ERROR in osqp_update_data_vec: Problem data validation.
ERROR in osqp_update_data_vec: Problem data validation.
ERROR in osqp_update_data_vec: Problem data validation.
ERROR in osqp_update_data_vec: Problem data validation.
ERROR in osqp_update_data_vec: Problem data validation.
ERROR in osqp_update_data_vec: Problem data validation.
ERROR in osqp_update_data_vec: Problem data validation.
ERROR in osqp_update_data_vec: Problem data validation.
ERROR in osqp_update_data_vec: Problem data validation.
ERROR in osqp_update_data_vec: Problem data validation.
ERROR in osqp_update_data_vec: Problem data validation.
ERROR in osqp_update_data_vec: Problem data validation.
ERROR in osqp_update_data_vec: Problem data validation.
ERROR in osqp_update_data_vec: Problem data validation.
ERROR in osqp_update_data_vec: Problem data validation.
ERROR in osqp_update_data_vec: Problem data validation.
ERROR in osqp_update_data_vec: Problem data validation.
ERROR in osqp_update_data_vec: Problem data validation.
ERROR in osqp_update_data_vec: Problem data validation.
ERROR in osqp_update_data_vec: Problem data validation.
ERROR in osqp_update_data_vec: Problem data validation.
ERROR in osqp_update_data_vec: Problem data validation.
ERROR in osqp_update_data_vec: Problem data validation.
ERROR in osqp_update_data_vec: Problem data validation.
ERROR in osqp_update_data_vec: Problem data validation.
ERROR in osqp_update_data_vec: Problem data validation.
ERROR in osqp_update_data_vec: Problem data validation.
ERROR in osqp_update_data_vec: Problem data validation.
ERROR in osqp_update_data_vec: Problem data validation.
ERROR in osqp_update_data_vec: Problem data validation.
ERROR in osqp_update_data_vec: Problem data validation.
ERROR in osqp_update_data_vec: Problem data validation.
ERROR in osqp_update_data_vec: Problem data validation.
ERROR in osqp_update_data_vec: Problem data validation.
ERROR in osqp_update_data_vec: Problem data validation.
ERROR in osqp_update_data_vec: Problem data validation.
ERROR in osqp_update_data_vec: Problem data validation.
ERROR in osqp_update_data_vec: Problem data validation.
ERROR in osqp_update_data_vec: Problem data validation.
ERROR in osqp_update_data_vec: Problem data validation.
ERROR in osqp_update_data_vec: Problem data validation.
ERROR in osqp_update_data_vec: Problem data validation.
ERROR in osqp_update_data_vec: Problem data validation.
ERROR in osqp_update_data_vec: Problem data validation.
ERROR in osqp_update_data_vec: Problem data validation.
ERROR in osqp_update_data_vec: Problem data validation.
ERROR in osqp_update_data_vec: Problem data validation.
ERROR in osqp_update_data_vec: Problem data validation.
ERROR in osqp_update_data_vec: Problem data validation.
ERROR in osqp_update_data_vec: Problem data validation.
ERROR in osqp_update_data_vec: Problem data validation.
ERROR in osqp_update_data_vec: Problem data validation.
ERROR in osqp_update_data_vec: Problem data validation.
ERROR in osqp_update_data_vec: Problem data validation.
ERROR in osqp_update_data_vec: Problem data validation.
ERROR in osqp_update_data_vec: Problem data validation.
ERROR in osqp_update_data_vec: Problem data validation.
ERROR in osqp_update_data_vec: Problem data validation.
ERROR in osqp_update_data_vec: Problem data validation.
ERROR in osqp_update_data_vec: Problem data validation.
ERROR in osqp_update_data_vec: Problem data validation.
ERROR in osqp_update_data_vec: Problem data validation.
ERROR in osqp_update_data_vec: Problem data validation.
ERROR in osqp_update_data_vec: Problem data validation.
ERROR in osqp_update_data_vec: Problem data validation.
ERROR in osqp_update_data_vec: Problem data validation.
ERROR in osqp_update_data_vec: Problem data validation.
ERROR in osqp_update_data_vec: Problem data validation.
ERROR in osqp_update_data_vec: Problem data validation.
ERROR in osqp_update_data_vec: Problem data validation.
ERROR in osqp_update_data_vec: Problem data validation.
ERROR in osqp_update_data_vec: Problem data validation.
ERROR in osqp_update_data_vec: Problem data validation.
ERROR in osqp_update_data_vec: Problem data validation.
ERROR in osqp_update_data_vec: Problem data validation.
ERROR in osqp_update_data_vec: Problem data validation.
ERROR in osqp_update_data_vec: Problem data validation.
ERROR in osqp_update_data_vec: Problem data validation.
[094/100] idx= 92 -> success    (raw=success, compute_ms=7.148936401198615, intv=0.29711344925932626)
ERROR in osqp_update_data_vec: Problem data validation.
ERROR in osqp_update_data_vec: Problem data validation.
ERROR in osqp_update_data_vec: Problem data validation.
ERROR in osqp_update_data_vec: Problem data validation.
ERROR in osqp_update_data_vec: Problem data validation.
ERROR in osqp_update_data_vec: Problem data validation.
ERROR in osqp_update_data_vec: Problem data validation.
ERROR in osqp_update_data_vec: Problem data validation.
ERROR in osqp_update_data_vec: Problem data validation.
ERROR in osqp_update_data_vec: Problem data validation.
ERROR in osqp_update_data_vec: Problem data validation.
ERROR in osqp_update_data_vec: Problem data validation.
ERROR in osqp_update_data_vec: Problem data validation.
ERROR in osqp_update_data_vec: Problem data validation.
ERROR in osqp_update_data_vec: Problem data validation.
ERROR in osqp_update_data_vec: Problem data validation.
ERROR in osqp_update_data_vec: Problem data validation.
ERROR in osqp_update_data_vec: Problem data validation.
ERROR in osqp_update_data_vec: Problem data validation.
ERROR in osqp_update_data_vec: Problem data validation.
ERROR in osqp_update_data_vec: Problem data validation.
ERROR in osqp_update_data_vec: Problem data validation.
ERROR in osqp_update_data_vec: Problem data validation.
ERROR in osqp_update_data_vec: Problem data validation.
ERROR in osqp_update_data_vec: Problem data validation.
ERROR in osqp_update_data_vec: Problem data validation.
ERROR in osqp_update_data_vec: Problem data validation.
ERROR in osqp_update_data_vec: Problem data validation.
ERROR in osqp_update_data_vec: Problem data validation.
ERROR in osqp_update_data_vec: Problem data validation.
ERROR in osqp_update_data_vec: Problem data validation.
ERROR in osqp_update_data_vec: Problem data validation.
ERROR in osqp_update_data_vec: Problem data validation.
ERROR in osqp_update_data_vec: Problem data validation.
ERROR in osqp_update_data_vec: Problem data validation.
ERROR in osqp_update_data_vec: Problem data validation.
ERROR in osqp_update_data_vec: Problem data validation.
ERROR in osqp_update_data_vec: Problem data validation.
ERROR in osqp_update_data_vec: Problem data validation.
ERROR in osqp_update_data_vec: Problem data validation.
ERROR in osqp_update_data_vec: Problem data validation.
ERROR in osqp_update_data_vec: Problem data validation.
ERROR in osqp_update_data_vec: Problem data validation.
ERROR in osqp_update_data_vec: Problem data validation.
ERROR in osqp_update_data_vec: Problem data validation.
ERROR in osqp_update_data_vec: Problem data validation.
ERROR in osqp_update_data_vec: Problem data validation.
ERROR in osqp_update_data_vec: Problem data validation.
ERROR in osqp_update_data_vec: Problem data validation.
ERROR in osqp_update_data_vec: Problem data validation.
ERROR in osqp_update_data_vec: Problem data validation.
ERROR in osqp_update_data_vec: Problem data validation.
ERROR in osqp_update_data_vec: Problem data validation.
ERROR in osqp_update_data_vec: Problem data validation.
ERROR in osqp_update_data_vec: Problem data validation.
ERROR in osqp_update_data_vec: Problem data validation.
ERROR in osqp_update_data_vec: Problem data validation.
ERROR in osqp_update_data_vec: Problem data validation.
ERROR in osqp_update_data_vec: Problem data validation.
ERROR in osqp_update_data_vec: Problem data validation.
ERROR in osqp_update_data_vec: Problem data validation.
ERROR in osqp_update_data_vec: Problem data validation.
ERROR in osqp_update_data_vec: Problem data validation.
ERROR in osqp_update_data_vec: Problem data validation.
ERROR in osqp_update_data_vec: Problem data validation.
ERROR in osqp_update_data_vec: Problem data validation.
ERROR in osqp_update_data_vec: Problem data validation.
ERROR in osqp_update_data_vec: Problem data validation.
ERROR in osqp_update_data_vec: Problem data validation.
ERROR in osqp_update_data_vec: Problem data validation.
ERROR in osqp_update_data_vec: Problem data validation.
ERROR in osqp_update_data_vec: Problem data validation.
ERROR in osqp_update_data_vec: Problem data validation.
ERROR in osqp_update_data_vec: Problem data validation.
ERROR in osqp_update_data_vec: Problem data validation.
ERROR in osqp_update_data_vec: Problem data validation.
ERROR in osqp_update_data_vec: Problem data validation.
ERROR in osqp_update_data_vec: Problem data validation.
ERROR in osqp_update_data_vec: Problem data validation.
ERROR in osqp_update_data_vec: Problem data validation.
ERROR in osqp_update_data_vec: Problem data validation.
ERROR in osqp_update_data_vec: Problem data validation.
ERROR in osqp_update_data_vec: Problem data validation.
ERROR in osqp_update_data_vec: Problem data validation.
ERROR in osqp_update_data_vec: Problem data validation.
ERROR in osqp_update_data_vec: Problem data validation.
ERROR in osqp_update_data_vec: Problem data validation.
ERROR in osqp_update_data_vec: Problem data validation.
ERROR in osqp_update_data_vec: Problem data validation.
ERROR in osqp_update_data_vec: Problem data validation.
ERROR in osqp_update_data_vec: Problem data validation.
ERROR in osqp_update_data_vec: Problem data validation.
ERROR in osqp_update_data_vec: Problem data validation.
ERROR in osqp_update_data_vec: Problem data validation.
ERROR in osqp_update_data_vec: Problem data validation.
ERROR in osqp_update_data_vec: Problem data validation.
ERROR in osqp_update_data_vec: Problem data validation.
ERROR in osqp_update_data_vec: Problem data validation.
ERROR in osqp_update_data_vec: Problem data validation.
ERROR in osqp_update_data_vec: Problem data validation.
ERROR in osqp_update_data_vec: Problem data validation.
ERROR in osqp_update_data_vec: Problem data validation.
ERROR in osqp_update_data_vec: Problem data validation.
ERROR in osqp_update_data_vec: Problem data validation.
ERROR in osqp_update_data_vec: Problem data validation.
ERROR in osqp_update_data_vec: Problem data validation.
ERROR in osqp_update_data_vec: Problem data validation.
ERROR in osqp_update_data_vec: Problem data validation.
ERROR in osqp_update_data_vec: Problem data validation.
ERROR in osqp_update_data_vec: Problem data validation.
ERROR in osqp_update_data_vec: Problem data validation.
ERROR in osqp_update_data_vec: Problem data validation.
ERROR in osqp_update_data_vec: Problem data validation.
ERROR in osqp_update_data_vec: Problem data validation.
ERROR in osqp_update_data_vec: Problem data validation.
ERROR in osqp_update_data_vec: Problem data validation.
ERROR in osqp_update_data_vec: Problem data validation.
ERROR in osqp_update_data_vec: Problem data validation.
ERROR in osqp_update_data_vec: Problem data validation.
ERROR in osqp_update_data_vec: Problem data validation.
ERROR in osqp_update_data_vec: Problem data validation.
ERROR in osqp_update_data_vec: Problem data validation.
ERROR in osqp_update_data_vec: Problem data validation.
ERROR in osqp_update_data_vec: Problem data validation.
ERROR in osqp_update_data_vec: Problem data validation.
ERROR in osqp_update_data_vec: Problem data validation.
ERROR in osqp_update_data_vec: Problem data validation.
ERROR in osqp_update_data_vec: Problem data validation.
ERROR in osqp_update_data_vec: Problem data validation.
ERROR in osqp_update_data_vec: Problem data validation.
ERROR in osqp_update_data_vec: Problem data validation.
ERROR in osqp_update_data_vec: Problem data validation.
ERROR in osqp_update_data_vec: Problem data validation.
ERROR in osqp_update_data_vec: Problem data validation.
ERROR in osqp_update_data_vec: Problem data validation.
ERROR in osqp_update_data_vec: Problem data validation.
ERROR in osqp_update_data_vec: Problem data validation.
ERROR in osqp_update_data_vec: Problem data validation.
ERROR in osqp_update_data_vec: Problem data validation.
ERROR in osqp_update_data_vec: Problem data validation.
ERROR in osqp_update_data_vec: Problem data validation.
ERROR in osqp_update_data_vec: Problem data validation.
ERROR in osqp_update_data_vec: Problem data validation.
ERROR in osqp_update_data_vec: Problem data validation.
ERROR in osqp_update_data_vec: Problem data validation.
ERROR in osqp_update_data_vec: Problem data validation.
ERROR in osqp_update_data_vec: Problem data validation.
ERROR in osqp_update_data_vec: Problem data validation.
ERROR in osqp_update_data_vec: Problem data validation.
ERROR in osqp_update_data_vec: Problem data validation.
ERROR in osqp_update_data_vec: Problem data validation.
ERROR in osqp_update_data_vec: Problem data validation.
ERROR in osqp_update_data_vec: Problem data validation.
ERROR in osqp_update_data_vec: Problem data validation.
ERROR in osqp_update_data_vec: Problem data validation.
ERROR in osqp_update_data_vec: Problem data validation.
ERROR in osqp_update_data_vec: Problem data validation.
ERROR in osqp_update_data_vec: Problem data validation.
ERROR in osqp_update_data_vec: Problem data validation.
ERROR in osqp_update_data_vec: Problem data validation.
ERROR in osqp_update_data_vec: Problem data validation.
ERROR in osqp_update_data_vec: Problem data validation.
ERROR in osqp_update_data_vec: Problem data validation.
ERROR in osqp_update_data_vec: Problem data validation.
ERROR in osqp_update_data_vec: Problem data validation.
ERROR in osqp_update_data_vec: Problem data validation.
ERROR in osqp_update_data_vec: Problem data validation.
ERROR in osqp_update_data_vec: Problem data validation.
ERROR in osqp_update_data_vec: Problem data validation.
ERROR in osqp_update_data_vec: Problem data validation.
ERROR in osqp_update_data_vec: Problem data validation.
ERROR in osqp_update_data_vec: Problem data validation.
ERROR in osqp_update_data_vec: Problem data validation.
ERROR in osqp_update_data_vec: Problem data validation.
ERROR in osqp_update_data_vec: Problem data validation.
ERROR in osqp_update_data_vec: Problem data validation.
ERROR in osqp_update_data_vec: Problem data validation.
ERROR in osqp_update_data_vec: Problem data validation.
ERROR in osqp_update_data_vec: Problem data validation.
ERROR in osqp_update_data_vec: Problem data validation.
ERROR in osqp_update_data_vec: Problem data validation.
ERROR in osqp_update_data_vec: Problem data validation.
ERROR in osqp_update_data_vec: Problem data validation.
ERROR in osqp_update_data_vec: Problem data validation.
ERROR in osqp_update_data_vec: Problem data validation.
ERROR in osqp_update_data_vec: Problem data validation.
ERROR in osqp_update_data_vec: Problem data validation.
ERROR in osqp_update_data_vec: Problem data validation.
ERROR in osqp_update_data_vec: Problem data validation.
ERROR in osqp_update_data_vec: Problem data validation.
ERROR in osqp_update_data_vec: Problem data validation.
ERROR in osqp_update_data_vec: Problem data validation.
ERROR in osqp_update_data_vec: Problem data validation.
ERROR in osqp_update_data_vec: Problem data validation.
ERROR in osqp_update_data_vec: Problem data validation.
ERROR in osqp_update_data_vec: Problem data validation.
ERROR in osqp_update_data_vec: Problem data validation.
ERROR in osqp_update_data_vec: Problem data validation.
ERROR in osqp_update_data_vec: Problem data validation.
ERROR in osqp_update_data_vec: Problem data validation.
ERROR in osqp_update_data_vec: Problem data validation.
ERROR in osqp_update_data_vec: Problem data validation.
ERROR in osqp_update_data_vec: Problem data validation.
ERROR in osqp_update_data_vec: Problem data validation.
ERROR in osqp_update_data_vec: Problem data validation.
ERROR in osqp_update_data_vec: Problem data validation.
ERROR in osqp_update_data_vec: Problem data validation.
ERROR in osqp_update_data_vec: Problem data validation.
ERROR in osqp_update_data_vec: Problem data validation.
ERROR in osqp_update_data_vec: Problem data validation.
ERROR in osqp_update_data_vec: Problem data validation.
ERROR in osqp_update_data_vec: Problem data validation.
ERROR in osqp_update_data_vec: Problem data validation.
ERROR in osqp_update_data_vec: Problem data validation.
ERROR in osqp_update_data_vec: Problem data validation.
ERROR in osqp_update_data_vec: Problem data validation.
ERROR in osqp_update_data_vec: Problem data validation.
ERROR in osqp_update_data_vec: Problem data validation.
ERROR in osqp_update_data_vec: Problem data validation.
ERROR in osqp_update_data_vec: Problem data validation.
ERROR in osqp_update_data_vec: Problem data validation.
ERROR in osqp_update_data_vec: Problem data validation.
ERROR in osqp_update_data_vec: Problem data validation.
ERROR in osqp_update_data_vec: Problem data validation.
ERROR in osqp_update_data_vec: Problem data validation.
ERROR in osqp_update_data_vec: Problem data validation.
ERROR in osqp_update_data_vec: Problem data validation.
ERROR in osqp_update_data_vec: Problem data validation.
ERROR in osqp_update_data_vec: Problem data validation.
ERROR in osqp_update_data_vec: Problem data validation.
ERROR in osqp_update_data_vec: Problem data validation.
ERROR in osqp_update_data_vec: Problem data validation.
ERROR in osqp_update_data_vec: Problem data validation.
ERROR in osqp_update_data_vec: Problem data validation.
ERROR in osqp_update_data_vec: Problem data validation.
Collision with known obstacle detected! Obs: [ 3.98963681 13.15043823  0.38332213  0.5579501  -0.1867705  -2.
 32.          1.        ], Robot: [ 4.6161879  13.09698355] 0.25, Distance: 0.6288272171441335, True
Collision detected !!
ERROR in osqp_update_data_vec: Problem data validation.
ERROR in osqp_update_data_vec: Problem data validation.
ERROR in osqp_update_data_vec: Problem data validation.
ERROR in osqp_update_data_vec: Problem data validation.
ERROR in osqp_update_data_vec: Problem data validation.
ERROR in osqp_update_data_vec: Problem data validation.
ERROR in osqp_update_data_vec: Problem data validation.
ERROR in osqp_update_data_vec: Problem data validation.
ERROR in osqp_update_data_vec: Problem data validation.
ERROR in osqp_update_data_vec: Problem data validation.
ERROR in osqp_update_data_vec: Problem data validation.
ERROR in osqp_update_data_vec: Problem data validation.
ERROR in osqp_update_data_vec: Problem data validation.
ERROR in osqp_update_data_vec: Problem data validation.
ERROR in osqp_update_data_vec: Problem data validation.
ERROR in osqp_update_data_vec: Problem data validation.
ERROR in osqp_update_data_vec: Problem data validation.
ERROR in osqp_update_data_vec: Problem data validation.
ERROR in osqp_update_data_vec: Problem data validation.
ERROR in osqp_update_data_vec: Problem data validation.
ERROR in osqp_update_data_vec: Problem data validation.
ERROR in osqp_update_data_vec: Problem data validation.
ERROR in osqp_update_data_vec: Problem data validation.
ERROR in osqp_update_data_vec: Problem data validation.
ERROR in osqp_update_data_vec: Problem data validation.
ERROR in osqp_update_data_vec: Problem data validation.
ERROR in osqp_update_data_vec: Problem data validation.
ERROR in osqp_update_data_vec: Problem data validation.
ERROR in osqp_update_data_vec: Problem data validation.
ERROR in osqp_update_data_vec: Problem data validation.
ERROR in osqp_update_data_vec: Problem data validation.
ERROR in osqp_update_data_vec: Problem data validation.
ERROR in osqp_update_data_vec: Problem data validation.
ERROR in osqp_update_data_vec: Problem data validation.
ERROR in osqp_update_data_vec: Problem data validation.
ERROR in osqp_update_data_vec: Problem data validation.
ERROR in osqp_update_data_vec: Problem data validation.
ERROR in osqp_update_data_vec: Problem data validation.
ERROR in osqp_update_data_vec: Problem data validation.
ERROR in osqp_update_data_vec: Problem data validation.
ERROR in osqp_update_data_vec: Problem data validation.
ERROR in osqp_update_data_vec: Problem data validation.
ERROR in osqp_update_data_vec: Problem data validation.
ERROR in osqp_update_data_vec: Problem data validation.
ERROR in osqp_update_data_vec: Problem data validation.
ERROR in osqp_update_data_vec: Problem data validation.
ERROR in osqp_update_data_vec: Problem data validation.
ERROR in osqp_update_data_vec: Problem data validation.
ERROR in osqp_update_data_vec: Problem data validation.
ERROR in osqp_update_data_vec: Problem data validation.
ERROR in osqp_update_data_vec: Problem data validation.
ERROR in osqp_update_data_vec: Problem data validation.
ERROR in osqp_update_data_vec: Problem data validation.
[095/100] idx= 97 -> success    (raw=success, compute_ms=6.296955741565729, intv=0.193114300768937)
[096/100] idx= 94 -> success    (raw=success, compute_ms=8.525218557308223, intv=0.3300171051520184)
[097/100] idx=100 -> infeasible (raw=infeasible, compute_ms=7.570857379304253, intv=0.35458545789067614)
[098/100] idx= 95 -> success    (raw=success, compute_ms=7.533512473759106, intv=0.3856007217807705)
[099/100] idx= 98 -> infeasible (raw=infeasible, compute_ms=9.86867446094203, intv=0.44537281423392144)
[100/100] idx= 99 -> success    (raw=success, compute_ms=6.547550363027262, intv=0.30026817439583847)
ERROR in osqp_update_data_vec: Problem data validation.
ERROR in osqp_update_data_vec: Problem data validation.
ERROR in osqp_update_data_vec: Problem data validation.
ERROR in osqp_update_data_vec: Problem data validation.
ERROR in osqp_update_data_vec: Problem data validation.
ERROR in osqp_update_data_vec: Problem data validation.
ERROR in osqp_update_data_vec: Problem data validation.
ERROR in osqp_update_data_vec: Problem data validation.
ERROR in osqp_update_data_vec: Problem data validation.
ERROR in osqp_update_data_vec: Problem data validation.
ERROR in osqp_update_data_vec: Problem data validation.
ERROR in osqp_update_data_vec: Problem data validation.
ERROR in osqp_update_data_vec: Problem data validation.
ERROR in osqp_update_data_vec: Problem data validation.
ERROR in osqp_update_data_vec: Problem data validation.
ERROR in osqp_update_data_vec: Problem data validation.
ERROR in osqp_update_data_vec: Problem data validation.
ERROR in osqp_update_data_vec: Problem data validation.
Collision with known obstacle detected! Obs: [-0.6215428  10.75301441  0.39311157  0.16956657 -0.29509968 -2.
 32.          1.        ], Robot: [-0.29034932 10.20435608] 0.25, Distance: 0.6408705719437515, True
Collision detected !!
ERROR in osqp_update_data_vec: Problem data validation.
ERROR in osqp_update_data_vec: Problem data validation.
ERROR in osqp_update_data_vec: Problem data validation.
ERROR in osqp_update_data_vec: Problem data validation.
ERROR in osqp_update_data_vec: Problem data validation.
ERROR in osqp_update_data_vec: Problem data validation.
ERROR in osqp_update_data_vec: Problem data validation.
ERROR in osqp_update_data_vec: Problem data validation.
ERROR in osqp_update_data_vec: Problem data validation.
ERROR in osqp_update_data_vec: Problem data validation.
ERROR in osqp_update_data_vec: Problem data validation.
ERROR in osqp_update_data_vec: Problem data validation.
ERROR in osqp_update_data_vec: Problem data validation.
ERROR in osqp_update_data_vec: Problem data validation.
ERROR in osqp_update_data_vec: Problem data validation.
ERROR in osqp_update_data_vec: Problem data validation.
ERROR in osqp_update_data_vec: Problem data validation.
ERROR in osqp_update_data_vec: Problem data validation.
ERROR in osqp_update_data_vec: Problem data validation.
ERROR in osqp_update_data_vec: Problem data validation.
ERROR in osqp_update_data_vec: Problem data validation.
ERROR in osqp_update_data_vec: Problem data validation.
ERROR in osqp_update_data_vec: Problem data validation.
ERROR in osqp_update_data_vec: Problem data validation.
ERROR in osqp_update_data_vec: Problem data validation.
ERROR in osqp_update_data_vec: Problem data validation.
ERROR in osqp_update_data_vec: Problem data validation.
ERROR in osqp_update_data_vec: Problem data validation.
Infeasible detected!!
ERROR in osqp_update_data_vec: Problem data validation.
ERROR in osqp_update_data_vec: Problem data validation.
ERROR in osqp_update_data_vec: Problem data validation.
ERROR in osqp_update_data_vec: Problem data validation.
ERROR in osqp_update_data_vec: Problem data validation.
ERROR in osqp_update_data_vec: Problem data validation.
ERROR in osqp_update_data_vec: Problem data validation.
ERROR in osqp_update_data_vec: Problem data validation.
ERROR in osqp_update_data_vec: Problem data validation.
ERROR in osqp_update_data_vec: Problem data validation.
ERROR in osqp_update_data_vec: Problem data validation.
ERROR in osqp_update_data_vec: Problem data validation.
ERROR in osqp_update_data_vec: Problem data validation.
ERROR in osqp_update_data_vec: Problem data validation.
ERROR in osqp_update_data_vec: Problem data validation.
ERROR in osqp_update_data_vec: Problem data validation.
ERROR in osqp_update_data_vec: Problem data validation.
ERROR in osqp_update_data_vec: Problem data validation.
ERROR in osqp_update_data_vec: Problem data validation.
ERROR in osqp_update_data_vec: Problem data validation.
ERROR in osqp_update_data_vec: Problem data validation.
ERROR in osqp_update_data_vec: Problem data validation.
ERROR in osqp_update_data_vec: Problem data validation.
ERROR in osqp_update_data_vec: Problem data validation.
ERROR in osqp_update_data_vec: Problem data validation.
ERROR in osqp_update_data_vec: Problem data validation.
ERROR in osqp_update_data_vec: Problem data validation.
ERROR in osqp_update_data_vec: Problem data validation.
ERROR in osqp_update_data_vec: Problem data validation.
ERROR in osqp_update_data_vec: Problem data validation.
ERROR in osqp_update_data_vec: Problem data validation.
ERROR in osqp_update_data_vec: Problem data validation.
ERROR in osqp_update_data_vec: Problem data validation.
ERROR in osqp_update_data_vec: Problem data validation.
ERROR in osqp_update_data_vec: Problem data validation.
ERROR in osqp_update_data_vec: Problem data validation.
ERROR in osqp_update_data_vec: Problem data validation.
ERROR in osqp_update_data_vec: Problem data validation.
ERROR in osqp_update_data_vec: Problem data validation.
ERROR in osqp_update_data_vec: Problem data validation.
ERROR in osqp_update_data_vec: Problem data validation.
ERROR in osqp_update_data_vec: Problem data validation.
ERROR in osqp_update_data_vec: Problem data validation.
ERROR in osqp_update_data_vec: Problem data validation.
ERROR in osqp_update_data_vec: Problem data validation.
ERROR in osqp_update_data_vec: Problem data validation.
ERROR in osqp_update_data_vec: Problem data validation.
ERROR in osqp_update_data_vec: Problem data validation.
ERROR in osqp_update_data_vec: Problem data validation.
ERROR in osqp_update_data_vec: Problem data validation.
ERROR in osqp_update_data_vec: Problem data validation.
ERROR in osqp_update_data_vec: Problem data validation.
ERROR in osqp_update_data_vec: Problem data validation.
ERROR in osqp_update_data_vec: Problem data validation.
ERROR in osqp_update_data_vec: Problem data validation.
ERROR in osqp_update_data_vec: Problem data validation.
ERROR in osqp_update_data_vec: Problem data validation.
ERROR in osqp_update_data_vec: Problem data validation.
ERROR in osqp_update_data_vec: Problem data validation.
ERROR in osqp_update_data_vec: Problem data validation.
ERROR in osqp_update_data_vec: Problem data validation.
ERROR in osqp_update_data_vec: Problem data validation.
ERROR in osqp_update_data_vec: Problem data validation.
Infeasible detected!!
ERROR in osqp_update_data_vec: Problem data validation.
ERROR in osqp_update_data_vec: Problem data validation.
ERROR in osqp_update_data_vec: Problem data validation.
ERROR in osqp_update_data_vec: Problem data validation.
Infeasible detected!!
ERROR in osqp_update_data_vec: Problem data validation.
ERROR in osqp_update_data_vec: Problem data validation.
Infeasible detected!!
Infeasible detected!!
ERROR in osqp_update_data_vec: Problem data validation.
ERROR in osqp_update_data_vec: Problem data validation.
ERROR in osqp_update_data_vec: Problem data validation.
ERROR in osqp_update_data_vec: Problem data validation.
ERROR in osqp_update_data_vec: Problem data validation.
ERROR in osqp_update_data_vec: Problem data validation.
ERROR in osqp_update_data_vec: Problem data validation.
ERROR in osqp_update_data_vec: Problem data validation.
ERROR in osqp_update_data_vec: Problem data validation.
ERROR in osqp_update_data_vec: Problem data validation.
ERROR in osqp_update_data_vec: Problem data validation.
ERROR in osqp_update_data_vec: Problem data validation.
ERROR in osqp_update_data_vec: Problem data validation.
ERROR in osqp_update_data_vec: Problem data validation.
ERROR in osqp_update_data_vec: Problem data validation.
ERROR in osqp_update_data_vec: Problem data validation.
ERROR in osqp_update_data_vec: Problem data validation.
ERROR in osqp_update_data_vec: Problem data validation.
ERROR in osqp_update_data_vec: Problem data validation.
ERROR in osqp_update_data_vec: Problem data validation.
ERROR in osqp_update_data_vec: Problem data validation.
ERROR in osqp_update_data_vec: Problem data validation.
ERROR in osqp_update_data_vec: Problem data validation.
ERROR in osqp_update_data_vec: Problem data validation.
ERROR in osqp_update_data_vec: Problem data validation.
ERROR in osqp_update_data_vec: Problem data validation.
ERROR in osqp_update_data_vec: Problem data validation.
ERROR in osqp_update_data_vec: Problem data validation.
ERROR in osqp_update_data_vec: Problem data validation.
ERROR in osqp_update_data_vec: Problem data validation.
ERROR in osqp_update_data_vec: Problem data validation.
ERROR in osqp_update_data_vec: Problem data validation.
ERROR in osqp_update_data_vec: Problem data validation.
ERROR in osqp_update_data_vec: Problem data validation.
ERROR in osqp_update_data_vec: Problem data validation.
ERROR in osqp_update_data_vec: Problem data validation.
ERROR in osqp_update_data_vec: Problem data validation.
ERROR in osqp_update_data_vec: Problem data validation.
ERROR in osqp_update_data_vec: Problem data validation.
ERROR in osqp_update_data_vec: Problem data validation.
ERROR in osqp_update_data_vec: Problem data validation.
ERROR in osqp_update_data_vec: Problem data validation.
ERROR in osqp_update_data_vec: Problem data validation.
ERROR in osqp_update_data_vec: Problem data validation.
ERROR in osqp_update_data_vec: Problem data validation.
ERROR in osqp_update_data_vec: Problem data validation.
ERROR in osqp_update_data_vec: Problem data validation.
ERROR in osqp_update_data_vec: Problem data validation.
ERROR in osqp_update_data_vec: Problem data validation.
ERROR in osqp_update_data_vec: Problem data validation.
ERROR in osqp_update_data_vec: Problem data validation.
ERROR in osqp_update_data_vec: Problem data validation.
ERROR in osqp_update_data_vec: Problem data validation.
ERROR in osqp_update_data_vec: Problem data validation.
ERROR in osqp_update_data_vec: Problem data validation.
ERROR in osqp_update_data_vec: Problem data validation.
ERROR in osqp_update_data_vec: Problem data validation.
ERROR in osqp_update_data_vec: Problem data validation.
ERROR in osqp_update_data_vec: Problem data validation.
ERROR in osqp_update_data_vec: Problem data validation.
ERROR in osqp_update_data_vec: Problem data validation.
ERROR in osqp_update_data_vec: Problem data validation.
ERROR in osqp_update_data_vec: Problem data validation.
ERROR in osqp_update_data_vec: Problem data validation.
ERROR in osqp_update_data_vec: Problem data validation.
ERROR in osqp_update_data_vec: Problem data validation.
ERROR in osqp_update_data_vec: Problem data validation.
ERROR in osqp_update_data_vec: Problem data validation.
ERROR in osqp_update_data_vec: Problem data validation.
ERROR in osqp_update_data_vec: Problem data validation.
ERROR in osqp_update_data_vec: Problem data validation.
ERROR in osqp_update_data_vec: Problem data validation.
ERROR in osqp_update_data_vec: Problem data validation.
ERROR in osqp_update_data_vec: Problem data validation.
ERROR in osqp_update_data_vec: Problem data validation.
ERROR in osqp_update_data_vec: Problem data validation.
ERROR in osqp_update_data_vec: Problem data validation.
ERROR in osqp_update_data_vec: Problem data validation.
ERROR in osqp_update_data_vec: Problem data validation.
ERROR in osqp_update_data_vec: Problem data validation.
ERROR in osqp_update_data_vec: Problem data validation.
ERROR in osqp_update_data_vec: Problem data validation.
ERROR in osqp_update_data_vec: Problem data validation.
ERROR in osqp_update_data_vec: Problem data validation.
ERROR in osqp_update_data_vec: Problem data validation.
ERROR in osqp_update_data_vec: Problem data validation.
ERROR in osqp_update_data_vec: Problem data validation.
ERROR in osqp_update_data_vec: Problem data validation.
ERROR in osqp_update_data_vec: Problem data validation.
ERROR in osqp_update_data_vec: Problem data validation.
ERROR in osqp_update_data_vec: Problem data validation.
ERROR in osqp_update_data_vec: Problem data validation.
ERROR in osqp_update_data_vec: Problem data validation.
ERROR in osqp_update_data_vec: Problem data validation.
ERROR in osqp_update_data_vec: Problem data validation.
ERROR in osqp_update_data_vec: Problem data validation.
ERROR in osqp_update_data_vec: Problem data validation.
ERROR in osqp_update_data_vec: Problem data validation.
ERROR in osqp_update_data_vec: Problem data validation.
ERROR in osqp_update_data_vec: Problem data validation.
ERROR in osqp_update_data_vec: Problem data validation.
ERROR in osqp_update_data_vec: Problem data validation.
ERROR in osqp_update_data_vec: Problem data validation.
ERROR in osqp_update_data_vec: Problem data validation.
ERROR in osqp_update_data_vec: Problem data validation.
ERROR in osqp_update_data_vec: Problem data validation.
ERROR in osqp_update_data_vec: Problem data validation.
ERROR in osqp_update_data_vec: Problem data validation.
ERROR in osqp_update_data_vec: Problem data validation.
ERROR in osqp_update_data_vec: Problem data validation.
ERROR in osqp_update_data_vec: Problem data validation.
ERROR in osqp_update_data_vec: Problem data validation.
ERROR in osqp_update_data_vec: Problem data validation.
ERROR in osqp_update_data_vec: Problem data validation.
ERROR in osqp_update_data_vec: Problem data validation.
ERROR in osqp_update_data_vec: Problem data validation.
Infeasible detected!!
ERROR in osqp_update_data_vec: Problem data validation.
ERROR in osqp_update_data_vec: Problem data validation.
ERROR in osqp_update_data_vec: Problem data validation.
ERROR in osqp_update_data_vec: Problem data validation.
ERROR in osqp_update_data_vec: Problem data validation.
ERROR in osqp_update_data_vec: Problem data validation.
ERROR in osqp_update_data_vec: Problem data validation.
ERROR in osqp_update_data_vec: Problem data validation.
ERROR in osqp_update_data_vec: Problem data validation.
ERROR in osqp_update_data_vec: Problem data validation.
ERROR in osqp_update_data_vec: Problem data validation.
ERROR in osqp_update_data_vec: Problem data validation.
ERROR in osqp_update_data_vec: Problem data validation.
ERROR in osqp_update_data_vec: Problem data validation.
ERROR in osqp_update_data_vec: Problem data validation.
ERROR in osqp_update_data_vec: Problem data validation.
ERROR in osqp_update_data_vec: Problem data validation.
ERROR in osqp_update_data_vec: Problem data validation.
ERROR in osqp_update_data_vec: Problem data validation.
ERROR in osqp_update_data_vec: Problem data validation.
ERROR in osqp_update_data_vec: Problem data validation.
ERROR in osqp_update_data_vec: Problem data validation.
ERROR in osqp_update_data_vec: Problem data validation.
ERROR in osqp_update_data_vec: Problem data validation.
ERROR in osqp_update_data_vec: Problem data validation.
ERROR in osqp_update_data_vec: Problem data validation.
ERROR in osqp_update_data_vec: Problem data validation.
ERROR in osqp_update_data_vec: Problem data validation.
ERROR in osqp_update_data_vec: Problem data validation.
ERROR in osqp_update_data_vec: Problem data validation.
ERROR in osqp_update_data_vec: Problem data validation.
ERROR in osqp_update_data_vec: Problem data validation.
ERROR in osqp_update_data_vec: Problem data validation.
ERROR in osqp_update_data_vec: Problem data validation.
ERROR in osqp_update_data_vec: Problem data validation.
ERROR in osqp_update_data_vec: Problem data validation.
ERROR in osqp_update_data_vec: Problem data validation.
ERROR in osqp_update_data_vec: Problem data validation.
ERROR in osqp_update_data_vec: Problem data validation.
ERROR in osqp_update_data_vec: Problem data validation.
ERROR in osqp_update_data_vec: Problem data validation.
ERROR in osqp_update_data_vec: Problem data validation.
ERROR in osqp_update_data_vec: Problem data validation.
ERROR in osqp_update_data_vec: Problem data validation.
ERROR in osqp_update_data_vec: Problem data validation.
ERROR in osqp_update_data_vec: Problem data validation.
ERROR in osqp_update_data_vec: Problem data validation.
ERROR in osqp_update_data_vec: Problem data validation.
ERROR in osqp_update_data_vec: Problem data validation.
ERROR in osqp_update_data_vec: Problem data validation.
ERROR in osqp_update_data_vec: Problem data validation.
ERROR in osqp_update_data_vec: Problem data validation.
ERROR in osqp_update_data_vec: Problem data validation.
ERROR in osqp_update_data_vec: Problem data validation.
ERROR in osqp_update_data_vec: Problem data validation.
ERROR in osqp_update_data_vec: Problem data validation.
ERROR in osqp_update_data_vec: Problem data validation.
ERROR in osqp_update_data_vec: Problem data validation.
ERROR in osqp_update_data_vec: Problem data validation.
ERROR in osqp_update_data_vec: Problem data validation.
ERROR in osqp_update_data_vec: Problem data validation.
ERROR in osqp_update_data_vec: Problem data validation.
ERROR in osqp_update_data_vec: Problem data validation.
ERROR in osqp_update_data_vec: Problem data validation.
ERROR in osqp_update_data_vec: Problem data validation.
ERROR in osqp_update_data_vec: Problem data validation.
ERROR in osqp_update_data_vec: Problem data validation.
ERROR in osqp_update_data_vec: Problem data validation.
ERROR in osqp_update_data_vec: Problem data validation.
ERROR in osqp_update_data_vec: Problem data validation.
ERROR in osqp_update_data_vec: Problem data validation.
ERROR in osqp_update_data_vec: Problem data validation.
ERROR in osqp_update_data_vec: Problem data validation.
ERROR in osqp_update_data_vec: Problem data validation.
ERROR in osqp_update_data_vec: Problem data validation.
ERROR in osqp_update_data_vec: Problem data validation.
ERROR in osqp_update_data_vec: Problem data validation.
ERROR in osqp_update_data_vec: Problem data validation.
ERROR in osqp_update_data_vec: Problem data validation.
ERROR in osqp_update_data_vec: Problem data validation.
ERROR in osqp_update_data_vec: Problem data validation.
ERROR in osqp_update_data_vec: Problem data validation.
ERROR in osqp_update_data_vec: Problem data validation.
ERROR in osqp_update_data_vec: Problem data validation.
ERROR in osqp_update_data_vec: Problem data validation.
ERROR in osqp_update_data_vec: Problem data validation.
ERROR in osqp_update_data_vec: Problem data validation.
ERROR in osqp_update_data_vec: Problem data validation.
ERROR in osqp_update_data_vec: Problem data validation.
ERROR in osqp_update_data_vec: Problem data validation.
ERROR in osqp_update_data_vec: Problem data validation.
ERROR in osqp_update_data_vec: Problem data validation.
ERROR in osqp_update_data_vec: Problem data validation.
Infeasible detected!!
ERROR in osqp_update_data_vec: Problem data validation.
ERROR in osqp_update_data_vec: Problem data validation.
ERROR in osqp_update_data_vec: Problem data validation.
ERROR in osqp_update_data_vec: Problem data validation.
ERROR in osqp_update_data_vec: Problem data validation.
ERROR in osqp_update_data_vec: Problem data validation.
ERROR in osqp_update_data_vec: Problem data validation.
ERROR in osqp_update_data_vec: Problem data validation.
ERROR in osqp_update_data_vec: Problem data validation.
ERROR in osqp_update_data_vec: Problem data validation.
Infeasible detected!!
ERROR in osqp_update_data_vec: Problem data validation.
ERROR in osqp_update_data_vec: Problem data validation.
ERROR in osqp_update_data_vec: Problem data validation.
ERROR in osqp_update_data_vec: Problem data validation.
ERROR in osqp_update_data_vec: Problem data validation.
ERROR in osqp_update_data_vec: Problem data validation.
ERROR in osqp_update_data_vec: Problem data validation.
ERROR in osqp_update_data_vec: Problem data validation.
ERROR in osqp_update_data_vec: Problem data validation.
ERROR in osqp_update_data_vec: Problem data validation.
ERROR in osqp_update_data_vec: Problem data validation.
ERROR in osqp_update_data_vec: Problem data validation.
ERROR in osqp_update_data_vec: Problem data validation.
Infeasible detected!!
ERROR in osqp_update_data_vec: Problem data validation.
ERROR in osqp_update_data_vec: Problem data validation.
ERROR in osqp_update_data_vec: Problem data validation.
ERROR in osqp_update_data_vec: Problem data validation.
ERROR in osqp_update_data_vec: Problem data validation.
ERROR in osqp_update_data_vec: Problem data validation.
ERROR in osqp_update_data_vec: Problem data validation.
ERROR in osqp_update_data_vec: Problem data validation.
ERROR in osqp_update_data_vec: Problem data validation.
ERROR in osqp_update_data_vec: Problem data validation.
ERROR in osqp_update_data_vec: Problem data validation.
ERROR in osqp_update_data_vec: Problem data validation.
ERROR in osqp_update_data_vec: Problem data validation.
ERROR in osqp_update_data_vec: Problem data validation.
ERROR in osqp_update_data_vec: Problem data validation.
ERROR in osqp_update_data_vec: Problem data validation.
ERROR in osqp_update_data_vec: Problem data validation.
ERROR in osqp_update_data_vec: Problem data validation.
ERROR in osqp_update_data_vec: Problem data validation.
ERROR in osqp_update_data_vec: Problem data validation.
ERROR in osqp_update_data_vec: Problem data validation.
ERROR in osqp_update_data_vec: Problem data validation.
ERROR in osqp_update_data_vec: Problem data validation.
ERROR in osqp_update_data_vec: Problem data validation.
ERROR in osqp_update_data_vec: Problem data validation.
ERROR in osqp_update_data_vec: Problem data validation.
ERROR in osqp_update_data_vec: Problem data validation.
ERROR in osqp_update_data_vec: Problem data validation.
ERROR in osqp_update_data_vec: Problem data validation.
ERROR in osqp_update_data_vec: Problem data validation.
ERROR in osqp_update_data_vec: Problem data validation.
ERROR in osqp_update_data_vec: Problem data validation.
ERROR in osqp_update_data_vec: Problem data validation.
ERROR in osqp_update_data_vec: Problem data validation.
ERROR in osqp_update_data_vec: Problem data validation.
ERROR in osqp_update_data_vec: Problem data validation.
ERROR in osqp_update_data_vec: Problem data validation.
ERROR in osqp_update_data_vec: Problem data validation.
ERROR in osqp_update_data_vec: Problem data validation.
ERROR in osqp_update_data_vec: Problem data validation.
ERROR in osqp_update_data_vec: Problem data validation.
ERROR in osqp_update_data_vec: Problem data validation.
ERROR in osqp_update_data_vec: Problem data validation.
ERROR in osqp_update_data_vec: Problem data validation.
ERROR in osqp_update_data_vec: Problem data validation.
ERROR in osqp_update_data_vec: Problem data validation.
ERROR in osqp_update_data_vec: Problem data validation.
ERROR in osqp_update_data_vec: Problem data validation.
ERROR in osqp_update_data_vec: Problem data validation.
ERROR in osqp_update_data_vec: Problem data validation.
ERROR in osqp_update_data_vec: Problem data validation.
ERROR in osqp_update_data_vec: Problem data validation.
ERROR in osqp_update_data_vec: Problem data validation.
ERROR in osqp_update_data_vec: Problem data validation.
ERROR in osqp_update_data_vec: Problem data validation.
ERROR in osqp_update_data_vec: Problem data validation.
ERROR in osqp_update_data_vec: Problem data validation.
ERROR in osqp_update_data_vec: Problem data validation.
ERROR in osqp_update_data_vec: Problem data validation.
ERROR in osqp_update_data_vec: Problem data validation.
ERROR in osqp_update_data_vec: Problem data validation.
ERROR in osqp_update_data_vec: Problem data validation.
ERROR in osqp_update_data_vec: Problem data validation.
ERROR in osqp_update_data_vec: Problem data validation.
ERROR in osqp_update_data_vec: Problem data validation.
ERROR in osqp_update_data_vec: Problem data validation.
ERROR in osqp_update_data_vec: Problem data validation.
ERROR in osqp_update_data_vec: Problem data validation.
ERROR in osqp_update_data_vec: Problem data validation.
ERROR in osqp_update_data_vec: Problem data validation.
ERROR in osqp_update_data_vec: Problem data validation.
ERROR in osqp_update_data_vec: Problem data validation.
ERROR in osqp_update_data_vec: Problem data validation.
ERROR in osqp_update_data_vec: Problem data validation.
ERROR in osqp_update_data_vec: Problem data validation.
ERROR in osqp_update_data_vec: Problem data validation.
ERROR in osqp_update_data_vec: Problem data validation.
ERROR in osqp_update_data_vec: Problem data validation.
ERROR in osqp_update_data_vec: Problem data validation.
ERROR in osqp_update_data_vec: Problem data validation.
ERROR in osqp_update_data_vec: Problem data validation.
ERROR in osqp_update_data_vec: Problem data validation.
ERROR in osqp_update_data_vec: Problem data validation.
ERROR in osqp_update_data_vec: Problem data validation.
ERROR in osqp_update_data_vec: Problem data validation.
ERROR in osqp_update_data_vec: Problem data validation.
ERROR in osqp_update_data_vec: Problem data validation.
ERROR in osqp_update_data_vec: Problem data validation.
ERROR in osqp_update_data_vec: Problem data validation.
ERROR in osqp_update_data_vec: Problem data validation.
ERROR in osqp_update_data_vec: Problem data validation.
ERROR in osqp_update_data_vec: Problem data validation.

=== Crowd Trial Summary (3-way) ===
success=66 | collision=8 | infeasible=26 | total=100
success idx   : [1, 3, 4, 5, 6, 7, 8, 10, 12, 13, 15, 16, 17, 19, 20, 21, 22, 24, 25, 26, 28, 29, 30, 31, 32, 37, 38, 40, 41, 42, 43, 47, 48, 49, 50, 51, 52, 53, 54, 55, 58, 59, 60, 61, 63, 64, 66, 68, 70, 73, 74, 75, 76, 77, 79, 82, 83, 84, 85, 89, 90, 92, 94, 95, 97, 99]
collision idx : [14, 33, 34, 36, 39, 71, 80, 91]
infeasible idx: [2, 9, 11, 18, 23, 27, 35, 44, 45, 46, 56, 57, 62, 65, 67, 69, 72, 78, 81, 86, 87, 88, 93, 96, 98, 100]
avg controller compute time over idx [ms]: 8.143410765329989
avg control intervention over idx: 0.3380381909356377
avg terminal slack L1 over idx: 0.0
avg terminal slack max over idx: 0.0
avg terminal slack active ratio over idx: 0.0
avg sim time over idx [s]: 96.73500000000001
avg wall time per idx [s]: 18.20662993288366
avg forced initially occluded over idx: 5.86
avg forced revealed over idx: 4.72
avg forced corridor conflict over idx: 1.0
forced reveal-positive trial rate: 1.0
saved rows    : debug_logs/uni_ocbf_nrand10_T025_slack_noslack_w6_20260626_113413/nrand10_noslack_T1p5_top2_k30_gated/crowd_trials_occlusion_cbf_42_1_100_20260626_125947.csv
saved summary : debug_logs/uni_ocbf_nrand10_T025_slack_noslack_w6_20260626_113413/nrand10_noslack_T1p5_top2_k30_gated/crowd_trials_occlusion_cbf_42_1_100_20260626_125947.json

