[RUN] scenario=crowd2 label=occlusion_cbf baseline=occlusion_cbf pos=occlusion_cbf_qp model=uni seed=42 idx=1..100 n_rand=10 tf=500.0 wmax=default oa_allow_solver_fallback=None oa_dynamic_occluders=None oa_dsafe=None oa_visible_reach_mode=None oa_use_nominal_tracking_cost=None oa_dt=None occ_version=v2 occ_visible_scale=None occ_enable_visible_hocbf=True crowd_mode=forced_emergence
[RUN] show_animation=False, save_animation=False
Restricted license - for non-production use only - expires 2027-11-29
/Users/parkcart/workspace/occlusion-cbf/.venv/lib/python3.10/site-packages/cvxpy/problems/problem.py:1539: UserWarning: Solution may be inaccurate. Try another solver, adjusting the solver settings, or solve with verbose=True for more information.
  warnings.warn(
[001/100] idx=  5 -> infeasible (raw=infeasible, compute_ms=8.639452171782793, intv=0.5596545176636394)
Restricted license - for non-production use only - expires 2027-11-29
/Users/parkcart/workspace/occlusion-cbf/.venv/lib/python3.10/site-packages/cvxpy/problems/problem.py:1539: UserWarning: Solution may be inaccurate. Try another solver, adjusting the solver settings, or solve with verbose=True for more information.
  warnings.warn(
[002/100] idx=  7 -> infeasible (raw=infeasible, compute_ms=8.941717100210191, intv=0.6204474251045918)
Restricted license - for non-production use only - expires 2027-11-29
/Users/parkcart/workspace/occlusion-cbf/.venv/lib/python3.10/site-packages/cvxpy/problems/problem.py:1539: UserWarning: Solution may be inaccurate. Try another solver, adjusting the solver settings, or solve with verbose=True for more information.
  warnings.warn(
ERROR in osqp_update_data_vec: Problem data validation.
ERROR in osqp_update_data_vec: Problem data validation.
Restricted license - for non-production use only - expires 2027-11-29
/Users/parkcart/workspace/occlusion-cbf/.venv/lib/python3.10/site-packages/cvxpy/problems/problem.py:1539: UserWarning: Solution may be inaccurate. Try another solver, adjusting the solver settings, or solve with verbose=True for more information.
  warnings.warn(
Restricted license - for non-production use only - expires 2027-11-29
/Users/parkcart/workspace/occlusion-cbf/.venv/lib/python3.10/site-packages/cvxpy/problems/problem.py:1539: UserWarning: Solution may be inaccurate. Try another solver, adjusting the solver settings, or solve with verbose=True for more information.
  warnings.warn(
[003/100] idx=  6 -> infeasible (raw=infeasible, compute_ms=5.96027731831793, intv=0.15737506680499733)
[004/100] idx=  8 -> infeasible (raw=infeasible, compute_ms=6.792361875161391, intv=0.5246622966086328)
[005/100] idx=  3 -> success    (raw=success, compute_ms=5.829731971892414, intv=0.14966984865674454)
[006/100] idx=  2 -> success    (raw=success, compute_ms=5.235674811161979, intv=0.12390537509985648)
[007/100] idx=  1 -> success    (raw=success, compute_ms=5.878769525434574, intv=0.1649470032906528)
[008/100] idx= 10 -> collision  (raw=collision, compute_ms=6.089161070654305, intv=0.6880476765095936)
[009/100] idx=  4 -> success    (raw=success, compute_ms=6.326426226186795, intv=0.16153035471361596)
[010/100] idx= 14 -> infeasible (raw=infeasible, compute_ms=9.384417256039795, intv=0.17095787259080722)
[011/100] idx=  9 -> success    (raw=success, compute_ms=5.670495091219354, intv=0.13286338378138982)
[012/100] idx= 11 -> success    (raw=success, compute_ms=5.639647393394922, intv=0.1815329517880814)
[013/100] idx= 13 -> success    (raw=success, compute_ms=5.377959125181117, intv=0.17360773368818025)
[014/100] idx= 15 -> success    (raw=success, compute_ms=5.092440646175752, intv=0.2147971649119326)
[015/100] idx= 16 -> success    (raw=success, compute_ms=5.191906304885172, intv=0.09578968053157962)
ERROR in osqp_update_data_vec: Problem data validation.
ERROR in osqp_update_data_vec: Problem data validation.
ERROR in osqp_update_data_vec: Problem data validation.
ERROR in osqp_update_data_vec: Problem data validation.
ERROR in osqp_update_data_vec: Problem data validation.
ERROR in osqp_update_data_vec: Problem data validation.
ERROR in osqp_update_data_vec: Problem data validation.
ERROR in osqp_update_data_vec: Problem data validation.
ERROR in osqp_update_data_vec: Problem data validation.
ERROR in osqp_update_data_vec: Problem data validation.
ERROR in osqp_update_data_vec: Problem data validation.
ERROR in osqp_update_data_vec: Problem data validation.
ERROR in osqp_update_data_vec: Problem data validation.
ERROR in osqp_update_data_vec: Problem data validation.
ERROR in osqp_update_data_vec: Problem data validation.
ERROR in osqp_update_data_vec: Problem data validation.
ERROR in osqp_update_data_vec: Problem data validation.
ERROR in osqp_update_data_vec: Problem data validation.
ERROR in osqp_update_data_vec: Problem data validation.
ERROR in osqp_update_data_vec: Problem data validation.
ERROR in osqp_update_data_vec: Problem data validation.
ERROR in osqp_update_data_vec: Problem data validation.
ERROR in osqp_update_data_vec: Problem data validation.
ERROR in osqp_update_data_vec: Problem data validation.
ERROR in osqp_update_data_vec: Problem data validation.
ERROR in osqp_update_data_vec: Problem data validation.
ERROR in osqp_update_data_vec: Problem data validation.
ERROR in osqp_update_data_vec: Problem data validation.
ERROR in osqp_update_data_vec: Problem data validation.
ERROR in osqp_update_data_vec: Problem data validation.
ERROR in osqp_update_data_vec: Problem data validation.
ERROR in osqp_update_data_vec: Problem data validation.
ERROR in osqp_update_data_vec: Problem data validation.
ERROR in osqp_update_data_vec: Problem data validation.
ERROR in osqp_update_data_vec: Problem data validation.
ERROR in osqp_update_data_vec: Problem data validation.
ERROR in osqp_update_data_vec: Problem data validation.
ERROR in osqp_update_data_vec: Problem data validation.
ERROR in osqp_update_data_vec: Problem data validation.
ERROR in osqp_update_data_vec: Problem data validation.
ERROR in osqp_update_data_vec: Problem data validation.
ERROR in osqp_update_data_vec: Problem data validation.
ERROR in osqp_update_data_vec: Problem data validation.
ERROR in osqp_update_data_vec: Problem data validation.
ERROR in osqp_update_data_vec: Problem data validation.
ERROR in osqp_update_data_vec: Problem data validation.
ERROR in osqp_update_data_vec: Problem data validation.
ERROR in osqp_update_data_vec: Problem data validation.
ERROR in osqp_update_data_vec: Problem data validation.
ERROR in osqp_update_data_vec: Problem data validation.
ERROR in osqp_update_data_vec: Problem data validation.
ERROR in osqp_update_data_vec: Problem data validation.
ERROR in osqp_update_data_vec: Problem data validation.
ERROR in osqp_update_data_vec: Problem data validation.
ERROR in osqp_update_data_vec: Problem data validation.
ERROR in osqp_update_data_vec: Problem data validation.
ERROR in osqp_update_data_vec: Problem data validation.
ERROR in osqp_update_data_vec: Problem data validation.
ERROR in osqp_update_data_vec: Problem data validation.
ERROR in osqp_update_data_vec: Problem data validation.
ERROR in osqp_update_data_vec: Problem data validation.
ERROR in osqp_update_data_vec: Problem data validation.
ERROR in osqp_update_data_vec: Problem data validation.
ERROR in osqp_update_data_vec: Problem data validation.
ERROR in osqp_update_data_vec: Problem data validation.
ERROR in osqp_update_data_vec: Problem data validation.
ERROR in osqp_update_data_vec: Problem data validation.
ERROR in osqp_update_data_vec: Problem data validation.
ERROR in osqp_update_data_vec: Problem data validation.
ERROR in osqp_update_data_vec: Problem data validation.
ERROR in osqp_update_data_vec: Problem data validation.
ERROR in osqp_update_data_vec: Problem data validation.
ERROR in osqp_update_data_vec: Problem data validation.
ERROR in osqp_update_data_vec: Problem data validation.
ERROR in osqp_update_data_vec: Problem data validation.
ERROR in osqp_update_data_vec: Problem data validation.
ERROR in osqp_update_data_vec: Problem data validation.
ERROR in osqp_update_data_vec: Problem data validation.
ERROR in osqp_update_data_vec: Problem data validation.
ERROR in osqp_update_data_vec: Problem data validation.
ERROR in osqp_update_data_vec: Problem data validation.
ERROR in osqp_update_data_vec: Problem data validation.
ERROR in osqp_update_data_vec: Problem data validation.
ERROR in osqp_update_data_vec: Problem data validation.
ERROR in osqp_update_data_vec: Problem data validation.
ERROR in osqp_update_data_vec: Problem data validation.
ERROR in osqp_update_data_vec: Problem data validation.
ERROR in osqp_update_data_vec: Problem data validation.
ERROR in osqp_update_data_vec: Problem data validation.
ERROR in osqp_update_data_vec: Problem data validation.
ERROR in osqp_update_data_vec: Problem data validation.
ERROR in osqp_update_data_vec: Problem data validation.
ERROR in osqp_update_data_vec: Problem data validation.
ERROR in osqp_update_data_vec: Problem data validation.
ERROR in osqp_update_data_vec: Problem data validation.
ERROR in osqp_update_data_vec: Problem data validation.
ERROR in osqp_update_data_vec: Problem data validation.
ERROR in osqp_update_data_vec: Problem data validation.
ERROR in osqp_update_data_vec: Problem data validation.
ERROR in osqp_update_data_vec: Problem data validation.
ERROR in osqp_update_data_vec: Problem data validation.
ERROR in osqp_update_data_vec: Problem data validation.
ERROR in osqp_update_data_vec: Problem data validation.
ERROR in osqp_update_data_vec: Problem data validation.
ERROR in osqp_update_data_vec: Problem data validation.
ERROR in osqp_update_data_vec: Problem data validation.
ERROR in osqp_update_data_vec: Problem data validation.
ERROR in osqp_update_data_vec: Problem data validation.
ERROR in osqp_update_data_vec: Problem data validation.
ERROR in osqp_update_data_vec: Problem data validation.
ERROR in osqp_update_data_vec: Problem data validation.
ERROR in osqp_update_data_vec: Problem data validation.
ERROR in osqp_update_data_vec: Problem data validation.
ERROR in osqp_update_data_vec: Problem data validation.
ERROR in osqp_update_data_vec: Problem data validation.
ERROR in osqp_update_data_vec: Problem data validation.
ERROR in osqp_update_data_vec: Problem data validation.
ERROR in osqp_update_data_vec: Problem data validation.
ERROR in osqp_update_data_vec: Problem data validation.
ERROR in osqp_update_data_vec: Problem data validation.
ERROR in osqp_update_data_vec: Problem data validation.
ERROR in osqp_update_data_vec: Problem data validation.
ERROR in osqp_update_data_vec: Problem data validation.
ERROR in osqp_update_data_vec: Problem data validation.
ERROR in osqp_update_data_vec: Problem data validation.
ERROR in osqp_update_data_vec: Problem data validation.
ERROR in osqp_update_data_vec: Problem data validation.
ERROR in osqp_update_data_vec: Problem data validation.
ERROR in osqp_update_data_vec: Problem data validation.
ERROR in osqp_update_data_vec: Problem data validation.
ERROR in osqp_update_data_vec: Problem data validation.
ERROR in osqp_update_data_vec: Problem data validation.
ERROR in osqp_update_data_vec: Problem data validation.
ERROR in osqp_update_data_vec: Problem data validation.
ERROR in osqp_update_data_vec: Problem data validation.
ERROR in osqp_update_data_vec: Problem data validation.
ERROR in osqp_update_data_vec: Problem data validation.
ERROR in osqp_update_data_vec: Problem data validation.
ERROR in osqp_update_data_vec: Problem data validation.
ERROR in osqp_update_data_vec: Problem data validation.
ERROR in osqp_update_data_vec: Problem data validation.
ERROR in osqp_update_data_vec: Problem data validation.
ERROR in osqp_update_data_vec: Problem data validation.
ERROR in osqp_update_data_vec: Problem data validation.
ERROR in osqp_update_data_vec: Problem data validation.
ERROR in osqp_update_data_vec: Problem data validation.
[016/100] idx= 20 -> infeasible (raw=infeasible, compute_ms=5.961236006599411, intv=0.1329515251009286)
[017/100] idx= 18 -> infeasible (raw=infeasible, compute_ms=9.526667384583337, intv=0.12247274284672285)
[018/100] idx= 17 -> success    (raw=success, compute_ms=6.093961534894664, intv=0.12806723420389235)
[019/100] idx= 23 -> infeasible (raw=infeasible, compute_ms=18.003521240749503, intv=1.1509618775114456)
[020/100] idx= 22 -> infeasible (raw=infeasible, compute_ms=6.700662914617103, intv=0.5682706910286344)
[021/100] idx= 19 -> success    (raw=success, compute_ms=5.373545783680642, intv=0.1835362007041705)
[022/100] idx= 27 -> infeasible (raw=infeasible, compute_ms=7.884838365758436, intv=0.40835456549783106)
ERROR in osqp_update_data_vec: Problem data validation.
ERROR in osqp_update_data_vec: Problem data validation.
ERROR in osqp_update_data_vec: Problem data validation.
ERROR in osqp_update_data_vec: Problem data validation.
ERROR in osqp_update_data_vec: Problem data validation.
ERROR in osqp_update_data_vec: Problem data validation.
ERROR in osqp_update_data_vec: Problem data validation.
ERROR in osqp_update_data_vec: Problem data validation.
ERROR in osqp_update_data_vec: Problem data validation.
ERROR in osqp_update_data_vec: Problem data validation.
ERROR in osqp_update_data_vec: Problem data validation.
ERROR in osqp_update_data_vec: Problem data validation.
ERROR in osqp_update_data_vec: Problem data validation.
ERROR in osqp_update_data_vec: Problem data validation.
ERROR in osqp_update_data_vec: Problem data validation.
ERROR in osqp_update_data_vec: Problem data validation.
ERROR in osqp_update_data_vec: Problem data validation.
ERROR in osqp_update_data_vec: Problem data validation.
ERROR in osqp_update_data_vec: Problem data validation.
Restricted license - for non-production use only - expires 2027-11-29
/Users/parkcart/workspace/occlusion-cbf/.venv/lib/python3.10/site-packages/cvxpy/problems/problem.py:1539: UserWarning: Solution may be inaccurate. Try another solver, adjusting the solver settings, or solve with verbose=True for more information.
  warnings.warn(
[023/100] idx= 12 -> infeasible (raw=infeasible, compute_ms=5.70377939281359, intv=0.715797761125525)
[024/100] idx= 21 -> infeasible (raw=infeasible, compute_ms=6.527389587604285, intv=0.1464091594854115)
[025/100] idx= 24 -> success    (raw=success, compute_ms=5.4683685194329, intv=0.10161788110622398)
[026/100] idx= 25 -> infeasible (raw=infeasible, compute_ms=5.641257276821402, intv=0.145844706321)
[027/100] idx= 30 -> infeasible (raw=infeasible, compute_ms=6.129284439932393, intv=0.27246510958819337)
[028/100] idx= 32 -> infeasible (raw=infeasible, compute_ms=8.475977184532798, intv=0.472816650306633)
[029/100] idx= 26 -> success    (raw=success, compute_ms=5.816393176388122, intv=0.161286921864923)
[030/100] idx= 33 -> infeasible (raw=infeasible, compute_ms=7.415810225197588, intv=0.6123081292803693)
[031/100] idx= 29 -> success    (raw=success, compute_ms=5.6808838186785575, intv=0.0906889288104707)
[032/100] idx= 31 -> success    (raw=success, compute_ms=6.244431384619527, intv=0.20727374705629226)
[033/100] idx= 28 -> infeasible (raw=infeasible, compute_ms=5.739707584123818, intv=0.5340160536004301)
[034/100] idx= 38 -> infeasible (raw=infeasible, compute_ms=11.678074093651958, intv=0.5666436013846605)
[035/100] idx= 36 -> success    (raw=success, compute_ms=5.178864865763826, intv=0.23197469735898896)
[036/100] idx= 37 -> success    (raw=success, compute_ms=5.14188463866273, intv=0.15187776792817112)
[037/100] idx= 34 -> success    (raw=success, compute_ms=5.042012487354211, intv=0.31741292423108486)
[038/100] idx= 41 -> infeasible (raw=infeasible, compute_ms=8.684438295471084, intv=0.6436775596839441)
[039/100] idx= 35 -> success    (raw=success, compute_ms=5.749543263905648, intv=0.31721062527848537)
Infeasible detected!!
Infeasible detected!!
ERROR in osqp_update_data_vec: Problem data validation.
ERROR in osqp_update_data_vec: Problem data validation.
ERROR in osqp_update_data_vec: Problem data validation.
ERROR in osqp_update_data_vec: Problem data validation.
ERROR in osqp_update_data_vec: Problem data validation.
ERROR in osqp_update_data_vec: Problem data validation.
ERROR in osqp_update_data_vec: Problem data validation.
ERROR in osqp_update_data_vec: Problem data validation.
ERROR in osqp_update_data_vec: Problem data validation.
ERROR in osqp_update_data_vec: Problem data validation.
ERROR in osqp_update_data_vec: Problem data validation.
ERROR in osqp_update_data_vec: Problem data validation.
ERROR in osqp_update_data_vec: Problem data validation.
ERROR in osqp_update_data_vec: Problem data validation.
ERROR in osqp_update_data_vec: Problem data validation.
ERROR in osqp_update_data_vec: Problem data validation.
ERROR in osqp_update_data_vec: Problem data validation.
ERROR in osqp_update_data_vec: Problem data validation.
ERROR in osqp_update_data_vec: Problem data validation.
ERROR in osqp_update_data_vec: Problem data validation.
ERROR in osqp_update_data_vec: Problem data validation.
ERROR in osqp_update_data_vec: Problem data validation.
ERROR in osqp_update_data_vec: Problem data validation.
Infeasible detected!!
Collision with known obstacle detected! Obs: [ 2.19434181e+00  8.91185847e+00  3.39435091e-01 -4.60193793e-01
  2.09817256e-02 -2.00000000e+00  3.20000000e+01  1.00000000e+00], Robot: [1.68764445 8.61229527] 0.25, Distance: 0.5886257969968077, True
Collision detected !!
Infeasible detected!!
Infeasible detected!!
Infeasible detected!!
Infeasible detected!!
ERROR in osqp_update_data_vec: Problem data validation.
ERROR in osqp_update_data_vec: Problem data validation.
ERROR in osqp_update_data_vec: Problem data validation.
ERROR in osqp_update_data_vec: Problem data validation.
ERROR in osqp_update_data_vec: Problem data validation.
ERROR in osqp_update_data_vec: Problem data validation.
ERROR in osqp_update_data_vec: Problem data validation.
ERROR in osqp_update_data_vec: Problem data validation.
ERROR in osqp_update_data_vec: Problem data validation.
ERROR in osqp_update_data_vec: Problem data validation.
ERROR in osqp_update_data_vec: Problem data validation.
ERROR in osqp_update_data_vec: Problem data validation.
ERROR in osqp_update_data_vec: Problem data validation.
ERROR in osqp_update_data_vec: Problem data validation.
ERROR in osqp_update_data_vec: Problem data validation.
ERROR in osqp_update_data_vec: Problem data validation.
ERROR in osqp_update_data_vec: Problem data validation.
ERROR in osqp_update_data_vec: Problem data validation.
ERROR in osqp_update_data_vec: Problem data validation.
ERROR in osqp_update_data_vec: Problem data validation.
ERROR in osqp_update_data_vec: Problem data validation.
ERROR in osqp_update_data_vec: Problem data validation.
ERROR in osqp_update_data_vec: Problem data validation.
ERROR in osqp_update_data_vec: Problem data validation.
ERROR in osqp_update_data_vec: Problem data validation.
ERROR in osqp_update_data_vec: Problem data validation.
ERROR in osqp_update_data_vec: Problem data validation.
ERROR in osqp_update_data_vec: Problem data validation.
ERROR in osqp_update_data_vec: Problem data validation.
ERROR in osqp_update_data_vec: Problem data validation.
ERROR in osqp_update_data_vec: Problem data validation.
ERROR in osqp_update_data_vec: Problem data validation.
ERROR in osqp_update_data_vec: Problem data validation.
Infeasible detected!!
ERROR in osqp_update_data_vec: Problem data validation.
ERROR in osqp_update_data_vec: Problem data validation.
ERROR in osqp_update_data_vec: Problem data validation.
ERROR in osqp_update_data_vec: Problem data validation.
ERROR in osqp_update_data_vec: Problem data validation.
ERROR in osqp_update_data_vec: Problem data validation.
ERROR in osqp_update_data_vec: Problem data validation.
ERROR in osqp_update_data_vec: Problem data validation.
ERROR in osqp_update_data_vec: Problem data validation.
ERROR in osqp_update_data_vec: Problem data validation.
ERROR in osqp_update_data_vec: Problem data validation.
ERROR in osqp_update_data_vec: Problem data validation.
ERROR in osqp_update_data_vec: Problem data validation.
ERROR in osqp_update_data_vec: Problem data validation.
ERROR in osqp_update_data_vec: Problem data validation.
ERROR in osqp_update_data_vec: Problem data validation.
ERROR in osqp_update_data_vec: Problem data validation.
ERROR in osqp_update_data_vec: Problem data validation.
ERROR in osqp_update_data_vec: Problem data validation.
ERROR in osqp_update_data_vec: Problem data validation.
ERROR in osqp_update_data_vec: Problem data validation.
ERROR in osqp_update_data_vec: Problem data validation.
ERROR in osqp_update_data_vec: Problem data validation.
ERROR in osqp_update_data_vec: Problem data validation.
ERROR in osqp_update_data_vec: Problem data validation.
ERROR in osqp_update_data_vec: Problem data validation.
ERROR in osqp_update_data_vec: Problem data validation.
ERROR in osqp_update_data_vec: Problem data validation.
ERROR in osqp_update_data_vec: Problem data validation.
ERROR in osqp_update_data_vec: Problem data validation.
ERROR in osqp_update_data_vec: Problem data validation.
ERROR in osqp_update_data_vec: Problem data validation.
ERROR in osqp_update_data_vec: Problem data validation.
ERROR in osqp_update_data_vec: Problem data validation.
ERROR in osqp_update_data_vec: Problem data validation.
ERROR in osqp_update_data_vec: Problem data validation.
ERROR in osqp_update_data_vec: Problem data validation.
ERROR in osqp_update_data_vec: Problem data validation.
ERROR in osqp_update_data_vec: Problem data validation.
ERROR in osqp_update_data_vec: Problem data validation.
ERROR in osqp_update_data_vec: Problem data validation.
ERROR in osqp_update_data_vec: Problem data validation.
ERROR in osqp_update_data_vec: Problem data validation.
ERROR in osqp_update_data_vec: Problem data validation.
ERROR in osqp_update_data_vec: Problem data validation.
ERROR in osqp_update_data_vec: Problem data validation.
ERROR in osqp_update_data_vec: Problem data validation.
ERROR in osqp_update_data_vec: Problem data validation.
ERROR in osqp_update_data_vec: Problem data validation.
ERROR in osqp_update_data_vec: Problem data validation.
ERROR in osqp_update_data_vec: Problem data validation.
ERROR in osqp_update_data_vec: Problem data validation.
ERROR in osqp_update_data_vec: Problem data validation.
ERROR in osqp_update_data_vec: Problem data validation.
ERROR in osqp_update_data_vec: Problem data validation.
ERROR in osqp_update_data_vec: Problem data validation.
ERROR in osqp_update_data_vec: Problem data validation.
ERROR in osqp_update_data_vec: Problem data validation.
ERROR in osqp_update_data_vec: Problem data validation.
ERROR in osqp_update_data_vec: Problem data validation.
ERROR in osqp_update_data_vec: Problem data validation.
ERROR in osqp_update_data_vec: Problem data validation.
ERROR in osqp_update_data_vec: Problem data validation.
ERROR in osqp_update_data_vec: Problem data validation.
ERROR in osqp_update_data_vec: Problem data validation.
ERROR in osqp_update_data_vec: Problem data validation.
ERROR in osqp_update_data_vec: Problem data validation.
ERROR in osqp_update_data_vec: Problem data validation.
ERROR in osqp_update_data_vec: Problem data validation.
ERROR in osqp_update_data_vec: Problem data validation.
ERROR in osqp_update_data_vec: Problem data validation.
ERROR in osqp_update_data_vec: Problem data validation.
ERROR in osqp_update_data_vec: Problem data validation.
ERROR in osqp_update_data_vec: Problem data validation.
ERROR in osqp_update_data_vec: Problem data validation.
ERROR in osqp_update_data_vec: Problem data validation.
ERROR in osqp_update_data_vec: Problem data validation.
ERROR in osqp_update_data_vec: Problem data validation.
ERROR in osqp_update_data_vec: Problem data validation.
ERROR in osqp_update_data_vec: Problem data validation.
ERROR in osqp_update_data_vec: Problem data validation.
ERROR in osqp_update_data_vec: Problem data validation.
[040/100] idx= 40 -> success    (raw=success, compute_ms=5.648021432639881, intv=0.25991987484947116)
[041/100] idx= 43 -> success    (raw=success, compute_ms=6.2513736622811535, intv=0.27828390399024483)
[042/100] idx= 42 -> success    (raw=success, compute_ms=5.381164539915171, intv=0.25422179427100816)
[043/100] idx= 45 -> success    (raw=success, compute_ms=5.85190339664789, intv=0.1765855524522994)
ERROR in osqp_update_data_vec: Problem data validation.
ERROR in osqp_update_data_vec: Problem data validation.
ERROR in osqp_update_data_vec: Problem data validation.
Infeasible detected!!
Infeasible detected!!
ERROR in osqp_update_data_vec: Problem data validation.
ERROR in osqp_update_data_vec: Problem data validation.
ERROR in osqp_update_data_vec: Problem data validation.
ERROR in osqp_update_data_vec: Problem data validation.
ERROR in osqp_update_data_vec: Problem data validation.
ERROR in osqp_update_data_vec: Problem data validation.
ERROR in osqp_update_data_vec: Problem data validation.
ERROR in osqp_update_data_vec: Problem data validation.
ERROR in osqp_update_data_vec: Problem data validation.
ERROR in osqp_update_data_vec: Problem data validation.
ERROR in osqp_update_data_vec: Problem data validation.
ERROR in osqp_update_data_vec: Problem data validation.
ERROR in osqp_update_data_vec: Problem data validation.
ERROR in osqp_update_data_vec: Problem data validation.
ERROR in osqp_update_data_vec: Problem data validation.
ERROR in osqp_update_data_vec: Problem data validation.
ERROR in osqp_update_data_vec: Problem data validation.
ERROR in osqp_update_data_vec: Problem data validation.
ERROR in osqp_update_data_vec: Problem data validation.
ERROR in osqp_update_data_vec: Problem data validation.
ERROR in osqp_update_data_vec: Problem data validation.
ERROR in osqp_update_data_vec: Problem data validation.
ERROR in osqp_update_data_vec: Problem data validation.
ERROR in osqp_update_data_vec: Problem data validation.
ERROR in osqp_update_data_vec: Problem data validation.
ERROR in osqp_update_data_vec: Problem data validation.
ERROR in osqp_update_data_vec: Problem data validation.
ERROR in osqp_update_data_vec: Problem data validation.
ERROR in osqp_update_data_vec: Problem data validation.
ERROR in osqp_update_data_vec: Problem data validation.
ERROR in osqp_update_data_vec: Problem data validation.
ERROR in osqp_update_data_vec: Problem data validation.
ERROR in osqp_update_data_vec: Problem data validation.
ERROR in osqp_update_data_vec: Problem data validation.
ERROR in osqp_update_data_vec: Problem data validation.
ERROR in osqp_update_data_vec: Problem data validation.
ERROR in osqp_update_data_vec: Problem data validation.
ERROR in osqp_update_data_vec: Problem data validation.
ERROR in osqp_update_data_vec: Problem data validation.
ERROR in osqp_update_data_vec: Problem data validation.
ERROR in osqp_update_data_vec: Problem data validation.
ERROR in osqp_update_data_vec: Problem data validation.
ERROR in osqp_update_data_vec: Problem data validation.
ERROR in osqp_update_data_vec: Problem data validation.
ERROR in osqp_update_data_vec: Problem data validation.
ERROR in osqp_update_data_vec: Problem data validation.
ERROR in osqp_update_data_vec: Problem data validation.
ERROR in osqp_update_data_vec: Problem data validation.
ERROR in osqp_update_data_vec: Problem data validation.
ERROR in osqp_update_data_vec: Problem data validation.
ERROR in osqp_update_data_vec: Problem data validation.
ERROR in osqp_update_data_vec: Problem data validation.
ERROR in osqp_update_data_vec: Problem data validation.
ERROR in osqp_update_data_vec: Problem data validation.
ERROR in osqp_update_data_vec: Problem data validation.
ERROR in osqp_update_data_vec: Problem data validation.
ERROR in osqp_update_data_vec: Problem data validation.
ERROR in osqp_update_data_vec: Problem data validation.
ERROR in osqp_update_data_vec: Problem data validation.
ERROR in osqp_update_data_vec: Problem data validation.
ERROR in osqp_update_data_vec: Problem data validation.
ERROR in osqp_update_data_vec: Problem data validation.
ERROR in osqp_update_data_vec: Problem data validation.
ERROR in osqp_update_data_vec: Problem data validation.
ERROR in osqp_update_data_vec: Problem data validation.
ERROR in osqp_update_data_vec: Problem data validation.
ERROR in osqp_update_data_vec: Problem data validation.
ERROR in osqp_update_data_vec: Problem data validation.
ERROR in osqp_update_data_vec: Problem data validation.
ERROR in osqp_update_data_vec: Problem data validation.
ERROR in osqp_update_data_vec: Problem data validation.
ERROR in osqp_update_data_vec: Problem data validation.
ERROR in osqp_update_data_vec: Problem data validation.
ERROR in osqp_update_data_vec: Problem data validation.
ERROR in osqp_update_data_vec: Problem data validation.
ERROR in osqp_update_data_vec: Problem data validation.
ERROR in osqp_update_data_vec: Problem data validation.
ERROR in osqp_update_data_vec: Problem data validation.
ERROR in osqp_update_data_vec: Problem data validation.
ERROR in osqp_update_data_vec: Problem data validation.
ERROR in osqp_update_data_vec: Problem data validation.
ERROR in osqp_update_data_vec: Problem data validation.
ERROR in osqp_update_data_vec: Problem data validation.
ERROR in osqp_update_data_vec: Problem data validation.
ERROR in osqp_update_data_vec: Problem data validation.
ERROR in osqp_update_data_vec: Problem data validation.
ERROR in osqp_update_data_vec: Problem data validation.
ERROR in osqp_update_data_vec: Problem data validation.
ERROR in osqp_update_data_vec: Problem data validation.
ERROR in osqp_update_data_vec: Problem data validation.
ERROR in osqp_update_data_vec: Problem data validation.
ERROR in osqp_update_data_vec: Problem data validation.
ERROR in osqp_update_data_vec: Problem data validation.
ERROR in osqp_update_data_vec: Problem data validation.
ERROR in osqp_update_data_vec: Problem data validation.
ERROR in osqp_update_data_vec: Problem data validation.
ERROR in osqp_update_data_vec: Problem data validation.
ERROR in osqp_update_data_vec: Problem data validation.
ERROR in osqp_update_data_vec: Problem data validation.
ERROR in osqp_update_data_vec: Problem data validation.
ERROR in osqp_update_data_vec: Problem data validation.
ERROR in osqp_update_data_vec: Problem data validation.
ERROR in osqp_update_data_vec: Problem data validation.
ERROR in osqp_update_data_vec: Problem data validation.
ERROR in osqp_update_data_vec: Problem data validation.
ERROR in osqp_update_data_vec: Problem data validation.
ERROR in osqp_update_data_vec: Problem data validation.
ERROR in osqp_update_data_vec: Problem data validation.
ERROR in osqp_update_data_vec: Problem data validation.
ERROR in osqp_update_data_vec: Problem data validation.
ERROR in osqp_update_data_vec: Problem data validation.
ERROR in osqp_update_data_vec: Problem data validation.
ERROR in osqp_update_data_vec: Problem data validation.
ERROR in osqp_update_data_vec: Problem data validation.
ERROR in osqp_update_data_vec: Problem data validation.
ERROR in osqp_update_data_vec: Problem data validation.
ERROR in osqp_update_data_vec: Problem data validation.
ERROR in osqp_update_data_vec: Problem data validation.
ERROR in osqp_update_data_vec: Problem data validation.
ERROR in osqp_update_data_vec: Problem data validation.
ERROR in osqp_update_data_vec: Problem data validation.
ERROR in osqp_update_data_vec: Problem data validation.
ERROR in osqp_update_data_vec: Problem data validation.
ERROR in osqp_update_data_vec: Problem data validation.
ERROR in osqp_update_data_vec: Problem data validation.
ERROR in osqp_update_data_vec: Problem data validation.
ERROR in osqp_update_data_vec: Problem data validation.
ERROR in osqp_update_data_vec: Problem data validation.
ERROR in osqp_update_data_vec: Problem data validation.
ERROR in osqp_update_data_vec: Problem data validation.
ERROR in osqp_update_data_vec: Problem data validation.
ERROR in osqp_update_data_vec: Problem data validation.
ERROR in osqp_update_data_vec: Problem data validation.
ERROR in osqp_update_data_vec: Problem data validation.
ERROR in osqp_update_data_vec: Problem data validation.
ERROR in osqp_update_data_vec: Problem data validation.
ERROR in osqp_update_data_vec: Problem data validation.
ERROR in osqp_update_data_vec: Problem data validation.
ERROR in osqp_update_data_vec: Problem data validation.
ERROR in osqp_update_data_vec: Problem data validation.
ERROR in osqp_update_data_vec: Problem data validation.
ERROR in osqp_update_data_vec: Problem data validation.
[044/100] idx= 39 -> infeasible (raw=infeasible, compute_ms=5.885375513185408, intv=0.6219179134141397)
[045/100] idx= 44 -> success    (raw=success, compute_ms=5.120024350222704, intv=0.34946493794089867)
[046/100] idx= 47 -> infeasible (raw=infeasible, compute_ms=7.651864341058737, intv=0.5737338480591128)
[047/100] idx= 46 -> success    (raw=success, compute_ms=5.315708555965639, intv=0.1830903008068881)
[048/100] idx= 49 -> infeasible (raw=infeasible, compute_ms=6.196151649623442, intv=0.20704535186227738)
[049/100] idx= 50 -> collision  (raw=collision, compute_ms=5.068016243724396, intv=0.10798002967891195)
[050/100] idx= 51 -> infeasible (raw=infeasible, compute_ms=5.102008419482376, intv=0.2683513686777152)
[051/100] idx= 48 -> success    (raw=success, compute_ms=5.300321803830944, intv=0.192359096987139)
[052/100] idx= 56 -> infeasible (raw=infeasible, compute_ms=6.035023844026635, intv=0.6439395701940189)
[053/100] idx= 55 -> infeasible (raw=infeasible, compute_ms=6.1092663865887165, intv=0.22757527520494164)
[054/100] idx= 52 -> success    (raw=success, compute_ms=7.454926858387761, intv=0.21277908679033372)
[055/100] idx= 54 -> success    (raw=success, compute_ms=5.439890173935814, intv=0.09267944855052597)
[056/100] idx= 53 -> success    (raw=success, compute_ms=5.701507264029988, intv=0.18756002529671834)
[057/100] idx= 57 -> infeasible (raw=infeasible, compute_ms=6.322981604958822, intv=0.23699870454239155)
[058/100] idx= 58 -> success    (raw=success, compute_ms=5.929091233005079, intv=0.11403370679084487)
[059/100] idx= 60 -> success    (raw=success, compute_ms=5.798554229641578, intv=0.1719653067831831)
[060/100] idx= 59 -> success    (raw=success, compute_ms=7.689126619662466, intv=0.17340186873373126)
[061/100] idx= 61 -> success    (raw=success, compute_ms=5.081895566722124, intv=0.17610839064708447)
[062/100] idx= 65 -> infeasible (raw=infeasible, compute_ms=5.591354710298866, intv=0.28767212790307406)
[063/100] idx= 63 -> success    (raw=success, compute_ms=5.310512546505535, intv=0.1306152689863459)
[064/100] idx= 67 -> infeasible (raw=infeasible, compute_ms=5.909582980235484, intv=0.27815574373597945)
[065/100] idx= 64 -> infeasible (raw=infeasible, compute_ms=5.9708971897214544, intv=0.13472524188114499)
Infeasible detected!!
ERROR in osqp_update_data_vec: Problem data validation.
ERROR in osqp_update_data_vec: Problem data validation.
ERROR in osqp_update_data_vec: Problem data validation.
ERROR in osqp_update_data_vec: Problem data validation.
ERROR in osqp_update_data_vec: Problem data validation.
ERROR in osqp_update_data_vec: Problem data validation.
ERROR in osqp_update_data_vec: Problem data validation.
ERROR in osqp_update_data_vec: Problem data validation.
ERROR in osqp_update_data_vec: Problem data validation.
ERROR in osqp_update_data_vec: Problem data validation.
ERROR in osqp_update_data_vec: Problem data validation.
ERROR in osqp_update_data_vec: Problem data validation.
ERROR in osqp_update_data_vec: Problem data validation.
ERROR in osqp_update_data_vec: Problem data validation.
ERROR in osqp_update_data_vec: Problem data validation.
ERROR in osqp_update_data_vec: Problem data validation.
ERROR in osqp_update_data_vec: Problem data validation.
ERROR in osqp_update_data_vec: Problem data validation.
ERROR in osqp_update_data_vec: Problem data validation.
ERROR in osqp_update_data_vec: Problem data validation.
ERROR in osqp_update_data_vec: Problem data validation.
ERROR in osqp_update_data_vec: Problem data validation.
ERROR in osqp_update_data_vec: Problem data validation.
ERROR in osqp_update_data_vec: Problem data validation.
ERROR in osqp_update_data_vec: Problem data validation.
ERROR in osqp_update_data_vec: Problem data validation.
ERROR in osqp_update_data_vec: Problem data validation.
ERROR in osqp_update_data_vec: Problem data validation.
ERROR in osqp_update_data_vec: Problem data validation.
ERROR in osqp_update_data_vec: Problem data validation.
ERROR in osqp_update_data_vec: Problem data validation.
ERROR in osqp_update_data_vec: Problem data validation.
ERROR in osqp_update_data_vec: Problem data validation.
ERROR in osqp_update_data_vec: Problem data validation.
Infeasible detected!!
ERROR in osqp_update_data_vec: Problem data validation.
ERROR in osqp_update_data_vec: Problem data validation.
ERROR in osqp_update_data_vec: Problem data validation.
ERROR in osqp_update_data_vec: Problem data validation.
ERROR in osqp_update_data_vec: Problem data validation.
ERROR in osqp_update_data_vec: Problem data validation.
ERROR in osqp_update_data_vec: Problem data validation.
ERROR in osqp_update_data_vec: Problem data validation.
ERROR in osqp_update_data_vec: Problem data validation.
ERROR in osqp_update_data_vec: Problem data validation.
ERROR in osqp_update_data_vec: Problem data validation.
ERROR in osqp_update_data_vec: Problem data validation.
ERROR in osqp_update_data_vec: Problem data validation.
ERROR in osqp_update_data_vec: Problem data validation.
ERROR in osqp_update_data_vec: Problem data validation.
ERROR in osqp_update_data_vec: Problem data validation.
ERROR in osqp_update_data_vec: Problem data validation.
ERROR in osqp_update_data_vec: Problem data validation.
ERROR in osqp_update_data_vec: Problem data validation.
ERROR in osqp_update_data_vec: Problem data validation.
ERROR in osqp_update_data_vec: Problem data validation.
ERROR in osqp_update_data_vec: Problem data validation.
ERROR in osqp_update_data_vec: Problem data validation.
ERROR in osqp_update_data_vec: Problem data validation.
ERROR in osqp_update_data_vec: Problem data validation.
ERROR in osqp_update_data_vec: Problem data validation.
ERROR in osqp_update_data_vec: Problem data validation.
ERROR in osqp_update_data_vec: Problem data validation.
ERROR in osqp_update_data_vec: Problem data validation.
ERROR in osqp_update_data_vec: Problem data validation.
ERROR in osqp_update_data_vec: Problem data validation.
ERROR in osqp_update_data_vec: Problem data validation.
ERROR in osqp_update_data_vec: Problem data validation.
ERROR in osqp_update_data_vec: Problem data validation.
ERROR in osqp_update_data_vec: Problem data validation.
ERROR in osqp_update_data_vec: Problem data validation.
ERROR in osqp_update_data_vec: Problem data validation.
ERROR in osqp_update_data_vec: Problem data validation.
ERROR in osqp_update_data_vec: Problem data validation.
ERROR in osqp_update_data_vec: Problem data validation.
ERROR in osqp_update_data_vec: Problem data validation.
ERROR in osqp_update_data_vec: Problem data validation.
ERROR in osqp_update_data_vec: Problem data validation.
ERROR in osqp_update_data_vec: Problem data validation.
ERROR in osqp_update_data_vec: Problem data validation.
ERROR in osqp_update_data_vec: Problem data validation.
ERROR in osqp_update_data_vec: Problem data validation.
ERROR in osqp_update_data_vec: Problem data validation.
ERROR in osqp_update_data_vec: Problem data validation.
ERROR in osqp_update_data_vec: Problem data validation.
ERROR in osqp_update_data_vec: Problem data validation.
ERROR in osqp_update_data_vec: Problem data validation.
ERROR in osqp_update_data_vec: Problem data validation.
ERROR in osqp_update_data_vec: Problem data validation.
ERROR in osqp_update_data_vec: Problem data validation.
ERROR in osqp_update_data_vec: Problem data validation.
ERROR in osqp_update_data_vec: Problem data validation.
ERROR in osqp_update_data_vec: Problem data validation.
ERROR in osqp_update_data_vec: Problem data validation.
ERROR in osqp_update_data_vec: Problem data validation.
ERROR in osqp_update_data_vec: Problem data validation.
ERROR in osqp_update_data_vec: Problem data validation.
ERROR in osqp_update_data_vec: Problem data validation.
ERROR in osqp_update_data_vec: Problem data validation.
ERROR in osqp_update_data_vec: Problem data validation.
ERROR in osqp_update_data_vec: Problem data validation.
ERROR in osqp_update_data_vec: Problem data validation.
ERROR in osqp_update_data_vec: Problem data validation.
ERROR in osqp_update_data_vec: Problem data validation.
ERROR in osqp_update_data_vec: Problem data validation.
ERROR in osqp_update_data_vec: Problem data validation.
ERROR in osqp_update_data_vec: Problem data validation.
ERROR in osqp_update_data_vec: Problem data validation.
ERROR in osqp_update_data_vec: Problem data validation.
ERROR in osqp_update_data_vec: Problem data validation.
ERROR in osqp_update_data_vec: Problem data validation.
ERROR in osqp_update_data_vec: Problem data validation.
ERROR in osqp_update_data_vec: Problem data validation.
ERROR in osqp_update_data_vec: Problem data validation.
ERROR in osqp_update_data_vec: Problem data validation.
ERROR in osqp_update_data_vec: Problem data validation.
ERROR in osqp_update_data_vec: Problem data validation.
ERROR in osqp_update_data_vec: Problem data validation.
ERROR in osqp_update_data_vec: Problem data validation.
ERROR in osqp_update_data_vec: Problem data validation.
ERROR in osqp_update_data_vec: Problem data validation.
ERROR in osqp_update_data_vec: Problem data validation.
ERROR in osqp_update_data_vec: Problem data validation.
ERROR in osqp_update_data_vec: Problem data validation.
ERROR in osqp_update_data_vec: Problem data validation.
ERROR in osqp_update_data_vec: Problem data validation.
ERROR in osqp_update_data_vec: Problem data validation.
ERROR in osqp_update_data_vec: Problem data validation.
ERROR in osqp_update_data_vec: Problem data validation.
ERROR in osqp_update_data_vec: Problem data validation.
ERROR in osqp_update_data_vec: Problem data validation.
ERROR in osqp_update_data_vec: Problem data validation.
ERROR in osqp_update_data_vec: Problem data validation.
ERROR in osqp_update_data_vec: Problem data validation.
ERROR in osqp_update_data_vec: Problem data validation.
ERROR in osqp_update_data_vec: Problem data validation.
ERROR in osqp_update_data_vec: Problem data validation.
ERROR in osqp_update_data_vec: Problem data validation.
ERROR in osqp_update_data_vec: Problem data validation.
ERROR in osqp_update_data_vec: Problem data validation.
ERROR in osqp_update_data_vec: Problem data validation.
ERROR in osqp_update_data_vec: Problem data validation.
ERROR in osqp_update_data_vec: Problem data validation.
ERROR in osqp_update_data_vec: Problem data validation.
ERROR in osqp_update_data_vec: Problem data validation.
ERROR in osqp_update_data_vec: Problem data validation.
[066/100] idx= 69 -> infeasible (raw=infeasible, compute_ms=10.24088675510266, intv=0.5533497596130629)
[067/100] idx= 72 -> infeasible (raw=infeasible, compute_ms=10.40807676488637, intv=0.6181427495504351)
[068/100] idx= 66 -> collision  (raw=collision, compute_ms=6.389721586554237, intv=0.24898848916907657)
ERROR in osqp_update_data_vec: Problem data validation.
ERROR in osqp_update_data_vec: Problem data validation.
ERROR in osqp_update_data_vec: Problem data validation.
ERROR in osqp_update_data_vec: Problem data validation.
ERROR in osqp_update_data_vec: Problem data validation.
ERROR in osqp_update_data_vec: Problem data validation.
ERROR in osqp_update_data_vec: Problem data validation.
ERROR in osqp_update_data_vec: Problem data validation.
ERROR in osqp_update_data_vec: Problem data validation.
ERROR in osqp_update_data_vec: Problem data validation.
ERROR in osqp_update_data_vec: Problem data validation.
ERROR in osqp_update_data_vec: Problem data validation.
ERROR in osqp_update_data_vec: Problem data validation.
ERROR in osqp_update_data_vec: Problem data validation.
ERROR in osqp_update_data_vec: Problem data validation.
ERROR in osqp_update_data_vec: Problem data validation.
ERROR in osqp_update_data_vec: Problem data validation.
ERROR in osqp_update_data_vec: Problem data validation.
ERROR in osqp_update_data_vec: Problem data validation.
ERROR in osqp_update_data_vec: Problem data validation.
ERROR in osqp_update_data_vec: Problem data validation.
ERROR in osqp_update_data_vec: Problem data validation.
ERROR in osqp_update_data_vec: Problem data validation.
ERROR in osqp_update_data_vec: Problem data validation.
ERROR in osqp_update_data_vec: Problem data validation.
ERROR in osqp_update_data_vec: Problem data validation.
ERROR in osqp_update_data_vec: Problem data validation.
ERROR in osqp_update_data_vec: Problem data validation.
ERROR in osqp_update_data_vec: Problem data validation.
ERROR in osqp_update_data_vec: Problem data validation.
ERROR in osqp_update_data_vec: Problem data validation.
ERROR in osqp_update_data_vec: Problem data validation.
ERROR in osqp_update_data_vec: Problem data validation.
ERROR in osqp_update_data_vec: Problem data validation.
ERROR in osqp_update_data_vec: Problem data validation.
ERROR in osqp_update_data_vec: Problem data validation.
ERROR in osqp_update_data_vec: Problem data validation.
ERROR in osqp_update_data_vec: Problem data validation.
ERROR in osqp_update_data_vec: Problem data validation.
ERROR in osqp_update_data_vec: Problem data validation.
ERROR in osqp_update_data_vec: Problem data validation.
ERROR in osqp_update_data_vec: Problem data validation.
ERROR in osqp_update_data_vec: Problem data validation.
ERROR in osqp_update_data_vec: Problem data validation.
ERROR in osqp_update_data_vec: Problem data validation.
ERROR in osqp_update_data_vec: Problem data validation.
ERROR in osqp_update_data_vec: Problem data validation.
ERROR in osqp_update_data_vec: Problem data validation.
ERROR in osqp_update_data_vec: Problem data validation.
ERROR in osqp_update_data_vec: Problem data validation.
ERROR in osqp_update_data_vec: Problem data validation.
ERROR in osqp_update_data_vec: Problem data validation.
ERROR in osqp_update_data_vec: Problem data validation.
ERROR in osqp_update_data_vec: Problem data validation.
ERROR in osqp_update_data_vec: Problem data validation.
ERROR in osqp_update_data_vec: Problem data validation.
ERROR in osqp_update_data_vec: Problem data validation.
ERROR in osqp_update_data_vec: Problem data validation.
ERROR in osqp_update_data_vec: Problem data validation.
ERROR in osqp_update_data_vec: Problem data validation.
ERROR in osqp_update_data_vec: Problem data validation.
ERROR in osqp_update_data_vec: Problem data validation.
ERROR in osqp_update_data_vec: Problem data validation.
ERROR in osqp_update_data_vec: Problem data validation.
ERROR in osqp_update_data_vec: Problem data validation.
ERROR in osqp_update_data_vec: Problem data validation.
ERROR in osqp_update_data_vec: Problem data validation.
ERROR in osqp_update_data_vec: Problem data validation.
ERROR in osqp_update_data_vec: Problem data validation.
ERROR in osqp_update_data_vec: Problem data validation.
ERROR in osqp_update_data_vec: Problem data validation.
ERROR in osqp_update_data_vec: Problem data validation.
ERROR in osqp_update_data_vec: Problem data validation.
ERROR in osqp_update_data_vec: Problem data validation.
ERROR in osqp_update_data_vec: Problem data validation.
ERROR in osqp_update_data_vec: Problem data validation.
ERROR in osqp_update_data_vec: Problem data validation.
ERROR in osqp_update_data_vec: Problem data validation.
ERROR in osqp_update_data_vec: Problem data validation.
ERROR in osqp_update_data_vec: Problem data validation.
ERROR in osqp_update_data_vec: Problem data validation.
ERROR in osqp_update_data_vec: Problem data validation.
ERROR in osqp_update_data_vec: Problem data validation.
ERROR in osqp_update_data_vec: Problem data validation.
ERROR in osqp_update_data_vec: Problem data validation.
ERROR in osqp_update_data_vec: Problem data validation.
ERROR in osqp_update_data_vec: Problem data validation.
ERROR in osqp_update_data_vec: Problem data validation.
ERROR in osqp_update_data_vec: Problem data validation.
ERROR in osqp_update_data_vec: Problem data validation.
ERROR in osqp_update_data_vec: Problem data validation.
ERROR in osqp_update_data_vec: Problem data validation.
ERROR in osqp_update_data_vec: Problem data validation.
ERROR in osqp_update_data_vec: Problem data validation.
ERROR in osqp_update_data_vec: Problem data validation.
ERROR in osqp_update_data_vec: Problem data validation.
ERROR in osqp_update_data_vec: Problem data validation.
ERROR in osqp_update_data_vec: Problem data validation.
ERROR in osqp_update_data_vec: Problem data validation.
ERROR in osqp_update_data_vec: Problem data validation.
ERROR in osqp_update_data_vec: Problem data validation.
ERROR in osqp_update_data_vec: Problem data validation.
ERROR in osqp_update_data_vec: Problem data validation.
ERROR in osqp_update_data_vec: Problem data validation.
ERROR in osqp_update_data_vec: Problem data validation.
ERROR in osqp_update_data_vec: Problem data validation.
ERROR in osqp_update_data_vec: Problem data validation.
ERROR in osqp_update_data_vec: Problem data validation.
ERROR in osqp_update_data_vec: Problem data validation.
ERROR in osqp_update_data_vec: Problem data validation.
ERROR in osqp_update_data_vec: Problem data validation.
ERROR in osqp_update_data_vec: Problem data validation.
ERROR in osqp_update_data_vec: Problem data validation.
ERROR in osqp_update_data_vec: Problem data validation.
ERROR in osqp_update_data_vec: Problem data validation.
ERROR in osqp_update_data_vec: Problem data validation.
ERROR in osqp_update_data_vec: Problem data validation.
ERROR in osqp_update_data_vec: Problem data validation.
ERROR in osqp_update_data_vec: Problem data validation.
ERROR in osqp_update_data_vec: Problem data validation.
ERROR in osqp_update_data_vec: Problem data validation.
ERROR in osqp_update_data_vec: Problem data validation.
ERROR in osqp_update_data_vec: Problem data validation.
ERROR in osqp_update_data_vec: Problem data validation.
ERROR in osqp_update_data_vec: Problem data validation.
ERROR in osqp_update_data_vec: Problem data validation.
ERROR in osqp_update_data_vec: Problem data validation.
ERROR in osqp_update_data_vec: Problem data validation.
ERROR in osqp_update_data_vec: Problem data validation.
ERROR in osqp_update_data_vec: Problem data validation.
ERROR in osqp_update_data_vec: Problem data validation.
ERROR in osqp_update_data_vec: Problem data validation.
ERROR in osqp_update_data_vec: Problem data validation.
ERROR in osqp_update_data_vec: Problem data validation.
ERROR in osqp_update_data_vec: Problem data validation.
ERROR in osqp_update_data_vec: Problem data validation.
ERROR in osqp_update_data_vec: Problem data validation.
ERROR in osqp_update_data_vec: Problem data validation.
ERROR in osqp_update_data_vec: Problem data validation.
ERROR in osqp_update_data_vec: Problem data validation.
ERROR in osqp_update_data_vec: Problem data validation.
ERROR in osqp_update_data_vec: Problem data validation.
ERROR in osqp_update_data_vec: Problem data validation.
ERROR in osqp_update_data_vec: Problem data validation.
ERROR in osqp_update_data_vec: Problem data validation.
ERROR in osqp_update_data_vec: Problem data validation.
[069/100] idx= 68 -> infeasible (raw=infeasible, compute_ms=6.082811233622479, intv=0.22945960387491246)
[070/100] idx= 70 -> success    (raw=success, compute_ms=6.364166256870576, intv=0.16249118076617916)
[071/100] idx= 62 -> success    (raw=success, compute_ms=5.896305732799739, intv=0.5737962616751695)
[072/100] idx= 71 -> success    (raw=success, compute_ms=6.274548327533623, intv=0.25064201263851626)
[073/100] idx= 74 -> infeasible (raw=infeasible, compute_ms=6.501624670252876, intv=0.2599058115583208)
[074/100] idx= 73 -> success    (raw=success, compute_ms=6.132358425327613, intv=0.1872535078192102)
[075/100] idx= 78 -> infeasible (raw=infeasible, compute_ms=6.021115066155671, intv=0.265810977095786)
[076/100] idx= 75 -> infeasible (raw=infeasible, compute_ms=6.024902234573034, intv=0.17958333398991383)
[077/100] idx= 76 -> infeasible (raw=infeasible, compute_ms=5.4474493099678405, intv=0.13248370834980605)
[078/100] idx= 81 -> infeasible (raw=infeasible, compute_ms=7.808264354838336, intv=0.5264238664084803)
[079/100] idx= 80 -> infeasible (raw=infeasible, compute_ms=5.6821351508120985, intv=0.13999754895133767)
[080/100] idx= 79 -> success    (raw=success, compute_ms=5.93510620871969, intv=0.1176105660324391)
[081/100] idx= 77 -> success    (raw=success, compute_ms=6.124270773194328, intv=0.18562015743850233)
[082/100] idx= 86 -> infeasible (raw=infeasible, compute_ms=19.563863268838478, intv=0.7675122626780796)
[083/100] idx= 87 -> infeasible (raw=infeasible, compute_ms=16.15916662590785, intv=0.5669473960900706)
[084/100] idx= 82 -> success    (raw=success, compute_ms=6.203420627743467, intv=0.1810147399795347)
Infeasible detected!!
ERROR in osqp_update_data_vec: Problem data validation.
ERROR in osqp_update_data_vec: Problem data validation.
ERROR in osqp_update_data_vec: Problem data validation.
ERROR in osqp_update_data_vec: Problem data validation.
ERROR in osqp_update_data_vec: Problem data validation.
ERROR in osqp_update_data_vec: Problem data validation.
ERROR in osqp_update_data_vec: Problem data validation.
ERROR in osqp_update_data_vec: Problem data validation.
ERROR in osqp_update_data_vec: Problem data validation.
ERROR in osqp_update_data_vec: Problem data validation.
ERROR in osqp_update_data_vec: Problem data validation.
ERROR in osqp_update_data_vec: Problem data validation.
ERROR in osqp_update_data_vec: Problem data validation.
ERROR in osqp_update_data_vec: Problem data validation.
ERROR in osqp_update_data_vec: Problem data validation.
ERROR in osqp_update_data_vec: Problem data validation.
ERROR in osqp_update_data_vec: Problem data validation.
ERROR in osqp_update_data_vec: Problem data validation.
ERROR in osqp_update_data_vec: Problem data validation.
ERROR in osqp_update_data_vec: Problem data validation.
ERROR in osqp_update_data_vec: Problem data validation.
ERROR in osqp_update_data_vec: Problem data validation.
ERROR in osqp_update_data_vec: Problem data validation.
ERROR in osqp_update_data_vec: Problem data validation.
ERROR in osqp_update_data_vec: Problem data validation.
ERROR in osqp_update_data_vec: Problem data validation.
ERROR in osqp_update_data_vec: Problem data validation.
ERROR in osqp_update_data_vec: Problem data validation.
ERROR in osqp_update_data_vec: Problem data validation.
ERROR in osqp_update_data_vec: Problem data validation.
ERROR in osqp_update_data_vec: Problem data validation.
ERROR in osqp_update_data_vec: Problem data validation.
ERROR in osqp_update_data_vec: Problem data validation.
ERROR in osqp_update_data_vec: Problem data validation.
ERROR in osqp_update_data_vec: Problem data validation.
ERROR in osqp_update_data_vec: Problem data validation.
ERROR in osqp_update_data_vec: Problem data validation.
ERROR in osqp_update_data_vec: Problem data validation.
ERROR in osqp_update_data_vec: Problem data validation.
ERROR in osqp_update_data_vec: Problem data validation.
ERROR in osqp_update_data_vec: Problem data validation.
ERROR in osqp_update_data_vec: Problem data validation.
ERROR in osqp_update_data_vec: Problem data validation.
ERROR in osqp_update_data_vec: Problem data validation.
ERROR in osqp_update_data_vec: Problem data validation.
ERROR in osqp_update_data_vec: Problem data validation.
ERROR in osqp_update_data_vec: Problem data validation.
ERROR in osqp_update_data_vec: Problem data validation.
ERROR in osqp_update_data_vec: Problem data validation.
ERROR in osqp_update_data_vec: Problem data validation.
ERROR in osqp_update_data_vec: Problem data validation.
ERROR in osqp_update_data_vec: Problem data validation.
ERROR in osqp_update_data_vec: Problem data validation.
ERROR in osqp_update_data_vec: Problem data validation.
ERROR in osqp_update_data_vec: Problem data validation.
ERROR in osqp_update_data_vec: Problem data validation.
ERROR in osqp_update_data_vec: Problem data validation.
ERROR in osqp_update_data_vec: Problem data validation.
ERROR in osqp_update_data_vec: Problem data validation.
ERROR in osqp_update_data_vec: Problem data validation.
ERROR in osqp_update_data_vec: Problem data validation.
ERROR in osqp_update_data_vec: Problem data validation.
ERROR in osqp_update_data_vec: Problem data validation.
ERROR in osqp_update_data_vec: Problem data validation.
ERROR in osqp_update_data_vec: Problem data validation.
ERROR in osqp_update_data_vec: Problem data validation.
ERROR in osqp_update_data_vec: Problem data validation.
ERROR in osqp_update_data_vec: Problem data validation.
ERROR in osqp_update_data_vec: Problem data validation.
ERROR in osqp_update_data_vec: Problem data validation.
ERROR in osqp_update_data_vec: Problem data validation.
ERROR in osqp_update_data_vec: Problem data validation.
ERROR in osqp_update_data_vec: Problem data validation.
ERROR in osqp_update_data_vec: Problem data validation.
ERROR in osqp_update_data_vec: Problem data validation.
ERROR in osqp_update_data_vec: Problem data validation.
ERROR in osqp_update_data_vec: Problem data validation.
ERROR in osqp_update_data_vec: Problem data validation.
ERROR in osqp_update_data_vec: Problem data validation.
ERROR in osqp_update_data_vec: Problem data validation.
ERROR in osqp_update_data_vec: Problem data validation.
ERROR in osqp_update_data_vec: Problem data validation.
ERROR in osqp_update_data_vec: Problem data validation.
ERROR in osqp_update_data_vec: Problem data validation.
ERROR in osqp_update_data_vec: Problem data validation.
ERROR in osqp_update_data_vec: Problem data validation.
ERROR in osqp_update_data_vec: Problem data validation.
ERROR in osqp_update_data_vec: Problem data validation.
ERROR in osqp_update_data_vec: Problem data validation.
ERROR in osqp_update_data_vec: Problem data validation.
ERROR in osqp_update_data_vec: Problem data validation.
ERROR in osqp_update_data_vec: Problem data validation.
ERROR in osqp_update_data_vec: Problem data validation.
ERROR in osqp_update_data_vec: Problem data validation.
ERROR in osqp_update_data_vec: Problem data validation.
ERROR in osqp_update_data_vec: Problem data validation.
ERROR in osqp_update_data_vec: Problem data validation.
ERROR in osqp_update_data_vec: Problem data validation.
ERROR in osqp_update_data_vec: Problem data validation.
ERROR in osqp_update_data_vec: Problem data validation.
ERROR in osqp_update_data_vec: Problem data validation.
ERROR in osqp_update_data_vec: Problem data validation.
ERROR in osqp_update_data_vec: Problem data validation.
ERROR in osqp_update_data_vec: Problem data validation.
ERROR in osqp_update_data_vec: Problem data validation.
ERROR in osqp_update_data_vec: Problem data validation.
ERROR in osqp_update_data_vec: Problem data validation.
ERROR in osqp_update_data_vec: Problem data validation.
ERROR in osqp_update_data_vec: Problem data validation.
ERROR in osqp_update_data_vec: Problem data validation.
ERROR in osqp_update_data_vec: Problem data validation.
ERROR in osqp_update_data_vec: Problem data validation.
ERROR in osqp_update_data_vec: Problem data validation.
ERROR in osqp_update_data_vec: Problem data validation.
ERROR in osqp_update_data_vec: Problem data validation.
ERROR in osqp_update_data_vec: Problem data validation.
ERROR in osqp_update_data_vec: Problem data validation.
ERROR in osqp_update_data_vec: Problem data validation.
ERROR in osqp_update_data_vec: Problem data validation.
ERROR in osqp_update_data_vec: Problem data validation.
ERROR in osqp_update_data_vec: Problem data validation.
ERROR in osqp_update_data_vec: Problem data validation.
ERROR in osqp_update_data_vec: Problem data validation.
ERROR in osqp_update_data_vec: Problem data validation.
ERROR in osqp_update_data_vec: Problem data validation.
ERROR in osqp_update_data_vec: Problem data validation.
ERROR in osqp_update_data_vec: Problem data validation.
Infeasible detected!!
ERROR in osqp_update_data_vec: Problem data validation.
ERROR in osqp_update_data_vec: Problem data validation.
ERROR in osqp_update_data_vec: Problem data validation.
ERROR in osqp_update_data_vec: Problem data validation.
ERROR in osqp_update_data_vec: Problem data validation.
ERROR in osqp_update_data_vec: Problem data validation.
ERROR in osqp_update_data_vec: Problem data validation.
ERROR in osqp_update_data_vec: Problem data validation.
ERROR in osqp_update_data_vec: Problem data validation.
ERROR in osqp_update_data_vec: Problem data validation.
ERROR in osqp_update_data_vec: Problem data validation.
ERROR in osqp_update_data_vec: Problem data validation.
ERROR in osqp_update_data_vec: Problem data validation.
ERROR in osqp_update_data_vec: Problem data validation.
Infeasible detected!!
Infeasible detected!!
Infeasible detected!!
ERROR in osqp_update_data_vec: Problem data validation.
ERROR in osqp_update_data_vec: Problem data validation.
ERROR in osqp_update_data_vec: Problem data validation.
[085/100] idx= 84 -> success    (raw=success, compute_ms=5.099159877112178, intv=0.1138959088402065)
[086/100] idx= 83 -> success    (raw=success, compute_ms=5.564901641761713, intv=0.23079160742078023)
[087/100] idx= 85 -> success    (raw=success, compute_ms=5.635934850273096, intv=0.14603471108630806)
[088/100] idx= 88 -> success    (raw=success, compute_ms=5.009421850753021, intv=0.2285630418693063)
[089/100] idx= 93 -> infeasible (raw=infeasible, compute_ms=6.300194267710741, intv=0.2958108437240372)
ERROR in osqp_update_data_vec: Problem data validation.
ERROR in osqp_update_data_vec: Problem data validation.
ERROR in osqp_update_data_vec: Problem data validation.
ERROR in osqp_update_data_vec: Problem data validation.
ERROR in osqp_update_data_vec: Problem data validation.
ERROR in osqp_update_data_vec: Problem data validation.
ERROR in osqp_update_data_vec: Problem data validation.
ERROR in osqp_update_data_vec: Problem data validation.
ERROR in osqp_update_data_vec: Problem data validation.
ERROR in osqp_update_data_vec: Problem data validation.
ERROR in osqp_update_data_vec: Problem data validation.
ERROR in osqp_update_data_vec: Problem data validation.
ERROR in osqp_update_data_vec: Problem data validation.
ERROR in osqp_update_data_vec: Problem data validation.
ERROR in osqp_update_data_vec: Problem data validation.
ERROR in osqp_update_data_vec: Problem data validation.
ERROR in osqp_update_data_vec: Problem data validation.
ERROR in osqp_update_data_vec: Problem data validation.
ERROR in osqp_update_data_vec: Problem data validation.
ERROR in osqp_update_data_vec: Problem data validation.
ERROR in osqp_update_data_vec: Problem data validation.
ERROR in osqp_update_data_vec: Problem data validation.
ERROR in osqp_update_data_vec: Problem data validation.
ERROR in osqp_update_data_vec: Problem data validation.
ERROR in osqp_update_data_vec: Problem data validation.
ERROR in osqp_update_data_vec: Problem data validation.
ERROR in osqp_update_data_vec: Problem data validation.
ERROR in osqp_update_data_vec: Problem data validation.
ERROR in osqp_update_data_vec: Problem data validation.
ERROR in osqp_update_data_vec: Problem data validation.
ERROR in osqp_update_data_vec: Problem data validation.
ERROR in osqp_update_data_vec: Problem data validation.
ERROR in osqp_update_data_vec: Problem data validation.
ERROR in osqp_update_data_vec: Problem data validation.
ERROR in osqp_update_data_vec: Problem data validation.
ERROR in osqp_update_data_vec: Problem data validation.
ERROR in osqp_update_data_vec: Problem data validation.
ERROR in osqp_update_data_vec: Problem data validation.
ERROR in osqp_update_data_vec: Problem data validation.
ERROR in osqp_update_data_vec: Problem data validation.
ERROR in osqp_update_data_vec: Problem data validation.
ERROR in osqp_update_data_vec: Problem data validation.
ERROR in osqp_update_data_vec: Problem data validation.
ERROR in osqp_update_data_vec: Problem data validation.
ERROR in osqp_update_data_vec: Problem data validation.
ERROR in osqp_update_data_vec: Problem data validation.
ERROR in osqp_update_data_vec: Problem data validation.
ERROR in osqp_update_data_vec: Problem data validation.
ERROR in osqp_update_data_vec: Problem data validation.
ERROR in osqp_update_data_vec: Problem data validation.
ERROR in osqp_update_data_vec: Problem data validation.
ERROR in osqp_update_data_vec: Problem data validation.
ERROR in osqp_update_data_vec: Problem data validation.
ERROR in osqp_update_data_vec: Problem data validation.
ERROR in osqp_update_data_vec: Problem data validation.
ERROR in osqp_update_data_vec: Problem data validation.
ERROR in osqp_update_data_vec: Problem data validation.
ERROR in osqp_update_data_vec: Problem data validation.
ERROR in osqp_update_data_vec: Problem data validation.
ERROR in osqp_update_data_vec: Problem data validation.
ERROR in osqp_update_data_vec: Problem data validation.
ERROR in osqp_update_data_vec: Problem data validation.
ERROR in osqp_update_data_vec: Problem data validation.
ERROR in osqp_update_data_vec: Problem data validation.
ERROR in osqp_update_data_vec: Problem data validation.
ERROR in osqp_update_data_vec: Problem data validation.
ERROR in osqp_update_data_vec: Problem data validation.
ERROR in osqp_update_data_vec: Problem data validation.
ERROR in osqp_update_data_vec: Problem data validation.
ERROR in osqp_update_data_vec: Problem data validation.
ERROR in osqp_update_data_vec: Problem data validation.
ERROR in osqp_update_data_vec: Problem data validation.
ERROR in osqp_update_data_vec: Problem data validation.
ERROR in osqp_update_data_vec: Problem data validation.
ERROR in osqp_update_data_vec: Problem data validation.
ERROR in osqp_update_data_vec: Problem data validation.
ERROR in osqp_update_data_vec: Problem data validation.
ERROR in osqp_update_data_vec: Problem data validation.
ERROR in osqp_update_data_vec: Problem data validation.
ERROR in osqp_update_data_vec: Problem data validation.
ERROR in osqp_update_data_vec: Problem data validation.
ERROR in osqp_update_data_vec: Problem data validation.
ERROR in osqp_update_data_vec: Problem data validation.
ERROR in osqp_update_data_vec: Problem data validation.
ERROR in osqp_update_data_vec: Problem data validation.
ERROR in osqp_update_data_vec: Problem data validation.
ERROR in osqp_update_data_vec: Problem data validation.
ERROR in osqp_update_data_vec: Problem data validation.
ERROR in osqp_update_data_vec: Problem data validation.
ERROR in osqp_update_data_vec: Problem data validation.
ERROR in osqp_update_data_vec: Problem data validation.
ERROR in osqp_update_data_vec: Problem data validation.
ERROR in osqp_update_data_vec: Problem data validation.
ERROR in osqp_update_data_vec: Problem data validation.
ERROR in osqp_update_data_vec: Problem data validation.
ERROR in osqp_update_data_vec: Problem data validation.
ERROR in osqp_update_data_vec: Problem data validation.
ERROR in osqp_update_data_vec: Problem data validation.
ERROR in osqp_update_data_vec: Problem data validation.
ERROR in osqp_update_data_vec: Problem data validation.
ERROR in osqp_update_data_vec: Problem data validation.
ERROR in osqp_update_data_vec: Problem data validation.
ERROR in osqp_update_data_vec: Problem data validation.
ERROR in osqp_update_data_vec: Problem data validation.
ERROR in osqp_update_data_vec: Problem data validation.
ERROR in osqp_update_data_vec: Problem data validation.
ERROR in osqp_update_data_vec: Problem data validation.
ERROR in osqp_update_data_vec: Problem data validation.
ERROR in osqp_update_data_vec: Problem data validation.
ERROR in osqp_update_data_vec: Problem data validation.
ERROR in osqp_update_data_vec: Problem data validation.
ERROR in osqp_update_data_vec: Problem data validation.
ERROR in osqp_update_data_vec: Problem data validation.
ERROR in osqp_update_data_vec: Problem data validation.
ERROR in osqp_update_data_vec: Problem data validation.
ERROR in osqp_update_data_vec: Problem data validation.
ERROR in osqp_update_data_vec: Problem data validation.
ERROR in osqp_update_data_vec: Problem data validation.
ERROR in osqp_update_data_vec: Problem data validation.
ERROR in osqp_update_data_vec: Problem data validation.
ERROR in osqp_update_data_vec: Problem data validation.
Infeasible detected!!
ERROR in osqp_update_data_vec: Problem data validation.
ERROR in osqp_update_data_vec: Problem data validation.
ERROR in osqp_update_data_vec: Problem data validation.
ERROR in osqp_update_data_vec: Problem data validation.
ERROR in osqp_update_data_vec: Problem data validation.
ERROR in osqp_update_data_vec: Problem data validation.
ERROR in osqp_update_data_vec: Problem data validation.
ERROR in osqp_update_data_vec: Problem data validation.
ERROR in osqp_update_data_vec: Problem data validation.
ERROR in osqp_update_data_vec: Problem data validation.
ERROR in osqp_update_data_vec: Problem data validation.
ERROR in osqp_update_data_vec: Problem data validation.
ERROR in osqp_update_data_vec: Problem data validation.
ERROR in osqp_update_data_vec: Problem data validation.
ERROR in osqp_update_data_vec: Problem data validation.
ERROR in osqp_update_data_vec: Problem data validation.
ERROR in osqp_update_data_vec: Problem data validation.
ERROR in osqp_update_data_vec: Problem data validation.
ERROR in osqp_update_data_vec: Problem data validation.
ERROR in osqp_update_data_vec: Problem data validation.
ERROR in osqp_update_data_vec: Problem data validation.
ERROR in osqp_update_data_vec: Problem data validation.
ERROR in osqp_update_data_vec: Problem data validation.
ERROR in osqp_update_data_vec: Problem data validation.
[090/100] idx= 94 -> infeasible (raw=infeasible, compute_ms=8.998042203826842, intv=0.42951143304218825)
[091/100] idx= 89 -> success    (raw=success, compute_ms=5.46574861230601, intv=0.13608542794917866)
ERROR in osqp_update_data_vec: Problem data validation.
ERROR in osqp_update_data_vec: Problem data validation.
ERROR in osqp_update_data_vec: Problem data validation.
ERROR in osqp_update_data_vec: Problem data validation.
ERROR in osqp_update_data_vec: Problem data validation.
ERROR in osqp_update_data_vec: Problem data validation.
ERROR in osqp_update_data_vec: Problem data validation.
ERROR in osqp_update_data_vec: Problem data validation.
ERROR in osqp_update_data_vec: Problem data validation.
ERROR in osqp_update_data_vec: Problem data validation.
ERROR in osqp_update_data_vec: Problem data validation.
ERROR in osqp_update_data_vec: Problem data validation.
ERROR in osqp_update_data_vec: Problem data validation.
ERROR in osqp_update_data_vec: Problem data validation.
ERROR in osqp_update_data_vec: Problem data validation.
ERROR in osqp_update_data_vec: Problem data validation.
ERROR in osqp_update_data_vec: Problem data validation.
ERROR in osqp_update_data_vec: Problem data validation.
ERROR in osqp_update_data_vec: Problem data validation.
ERROR in osqp_update_data_vec: Problem data validation.
ERROR in osqp_update_data_vec: Problem data validation.
ERROR in osqp_update_data_vec: Problem data validation.
ERROR in osqp_update_data_vec: Problem data validation.
ERROR in osqp_update_data_vec: Problem data validation.
ERROR in osqp_update_data_vec: Problem data validation.
ERROR in osqp_update_data_vec: Problem data validation.
ERROR in osqp_update_data_vec: Problem data validation.
ERROR in osqp_update_data_vec: Problem data validation.
ERROR in osqp_update_data_vec: Problem data validation.
ERROR in osqp_update_data_vec: Problem data validation.
ERROR in osqp_update_data_vec: Problem data validation.
ERROR in osqp_update_data_vec: Problem data validation.
ERROR in osqp_update_data_vec: Problem data validation.
ERROR in osqp_update_data_vec: Problem data validation.
ERROR in osqp_update_data_vec: Problem data validation.
ERROR in osqp_update_data_vec: Problem data validation.
ERROR in osqp_update_data_vec: Problem data validation.
ERROR in osqp_update_data_vec: Problem data validation.
ERROR in osqp_update_data_vec: Problem data validation.
ERROR in osqp_update_data_vec: Problem data validation.
ERROR in osqp_update_data_vec: Problem data validation.
ERROR in osqp_update_data_vec: Problem data validation.
ERROR in osqp_update_data_vec: Problem data validation.
ERROR in osqp_update_data_vec: Problem data validation.
ERROR in osqp_update_data_vec: Problem data validation.
ERROR in osqp_update_data_vec: Problem data validation.
ERROR in osqp_update_data_vec: Problem data validation.
ERROR in osqp_update_data_vec: Problem data validation.
ERROR in osqp_update_data_vec: Problem data validation.
ERROR in osqp_update_data_vec: Problem data validation.
ERROR in osqp_update_data_vec: Problem data validation.
ERROR in osqp_update_data_vec: Problem data validation.
ERROR in osqp_update_data_vec: Problem data validation.
ERROR in osqp_update_data_vec: Problem data validation.
ERROR in osqp_update_data_vec: Problem data validation.
ERROR in osqp_update_data_vec: Problem data validation.
ERROR in osqp_update_data_vec: Problem data validation.
ERROR in osqp_update_data_vec: Problem data validation.
ERROR in osqp_update_data_vec: Problem data validation.
ERROR in osqp_update_data_vec: Problem data validation.
ERROR in osqp_update_data_vec: Problem data validation.
ERROR in osqp_update_data_vec: Problem data validation.
ERROR in osqp_update_data_vec: Problem data validation.
ERROR in osqp_update_data_vec: Problem data validation.
ERROR in osqp_update_data_vec: Problem data validation.
ERROR in osqp_update_data_vec: Problem data validation.
ERROR in osqp_update_data_vec: Problem data validation.
ERROR in osqp_update_data_vec: Problem data validation.
ERROR in osqp_update_data_vec: Problem data validation.
ERROR in osqp_update_data_vec: Problem data validation.
ERROR in osqp_update_data_vec: Problem data validation.
ERROR in osqp_update_data_vec: Problem data validation.
ERROR in osqp_update_data_vec: Problem data validation.
ERROR in osqp_update_data_vec: Problem data validation.
ERROR in osqp_update_data_vec: Problem data validation.
Infeasible detected!!
ERROR in osqp_update_data_vec: Problem data validation.
ERROR in osqp_update_data_vec: Problem data validation.
ERROR in osqp_update_data_vec: Problem data validation.
ERROR in osqp_update_data_vec: Problem data validation.
ERROR in osqp_update_data_vec: Problem data validation.
ERROR in osqp_update_data_vec: Problem data validation.
ERROR in osqp_update_data_vec: Problem data validation.
ERROR in osqp_update_data_vec: Problem data validation.
ERROR in osqp_update_data_vec: Problem data validation.
ERROR in osqp_update_data_vec: Problem data validation.
ERROR in osqp_update_data_vec: Problem data validation.
ERROR in osqp_update_data_vec: Problem data validation.
ERROR in osqp_update_data_vec: Problem data validation.
ERROR in osqp_update_data_vec: Problem data validation.
ERROR in osqp_update_data_vec: Problem data validation.
ERROR in osqp_update_data_vec: Problem data validation.
ERROR in osqp_update_data_vec: Problem data validation.
ERROR in osqp_update_data_vec: Problem data validation.
ERROR in osqp_update_data_vec: Problem data validation.
ERROR in osqp_update_data_vec: Problem data validation.
ERROR in osqp_update_data_vec: Problem data validation.
ERROR in osqp_update_data_vec: Problem data validation.
ERROR in osqp_update_data_vec: Problem data validation.
ERROR in osqp_update_data_vec: Problem data validation.
ERROR in osqp_update_data_vec: Problem data validation.
ERROR in osqp_update_data_vec: Problem data validation.
Infeasible detected!!
ERROR in osqp_update_data_vec: Problem data validation.
ERROR in osqp_update_data_vec: Problem data validation.
ERROR in osqp_update_data_vec: Problem data validation.
ERROR in osqp_update_data_vec: Problem data validation.
ERROR in osqp_update_data_vec: Problem data validation.
ERROR in osqp_update_data_vec: Problem data validation.
ERROR in osqp_update_data_vec: Problem data validation.
ERROR in osqp_update_data_vec: Problem data validation.
Infeasible detected!!
ERROR in osqp_update_data_vec: Problem data validation.
ERROR in osqp_update_data_vec: Problem data validation.
ERROR in osqp_update_data_vec: Problem data validation.
ERROR in osqp_update_data_vec: Problem data validation.
ERROR in osqp_update_data_vec: Problem data validation.
ERROR in osqp_update_data_vec: Problem data validation.
ERROR in osqp_update_data_vec: Problem data validation.
ERROR in osqp_update_data_vec: Problem data validation.
ERROR in osqp_update_data_vec: Problem data validation.
ERROR in osqp_update_data_vec: Problem data validation.
ERROR in osqp_update_data_vec: Problem data validation.
ERROR in osqp_update_data_vec: Problem data validation.
ERROR in osqp_update_data_vec: Problem data validation.
ERROR in osqp_update_data_vec: Problem data validation.
ERROR in osqp_update_data_vec: Problem data validation.
ERROR in osqp_update_data_vec: Problem data validation.
ERROR in osqp_update_data_vec: Problem data validation.
ERROR in osqp_update_data_vec: Problem data validation.
ERROR in osqp_update_data_vec: Problem data validation.
ERROR in osqp_update_data_vec: Problem data validation.
ERROR in osqp_update_data_vec: Problem data validation.
ERROR in osqp_update_data_vec: Problem data validation.
Infeasible detected!!
Infeasible detected!!
ERROR in osqp_update_data_vec: Problem data validation.
ERROR in osqp_update_data_vec: Problem data validation.
ERROR in osqp_update_data_vec: Problem data validation.
ERROR in osqp_update_data_vec: Problem data validation.
ERROR in osqp_update_data_vec: Problem data validation.
ERROR in osqp_update_data_vec: Problem data validation.
ERROR in osqp_update_data_vec: Problem data validation.
ERROR in osqp_update_data_vec: Problem data validation.
ERROR in osqp_update_data_vec: Problem data validation.
ERROR in osqp_update_data_vec: Problem data validation.
ERROR in osqp_update_data_vec: Problem data validation.
ERROR in osqp_update_data_vec: Problem data validation.
ERROR in osqp_update_data_vec: Problem data validation.
[092/100] idx= 90 -> success    (raw=success, compute_ms=5.332635806185878, intv=0.15186879727985453)
[093/100] idx= 91 -> infeasible (raw=infeasible, compute_ms=6.889117202895172, intv=0.4339969048896776)
[094/100] idx= 96 -> infeasible (raw=infeasible, compute_ms=6.401327335988518, intv=0.5321442548383318)
[095/100] idx= 95 -> infeasible (raw=infeasible, compute_ms=6.399610959025894, intv=0.13319192452438314)
[096/100] idx= 92 -> success    (raw=success, compute_ms=5.753894913386316, intv=0.2781300837674637)
[097/100] idx= 97 -> success    (raw=success, compute_ms=5.381958889804917, intv=0.13401351970702327)
[098/100] idx= 98 -> success    (raw=success, compute_ms=5.7055230148719245, intv=0.14390493247838068)
[099/100] idx= 99 -> success    (raw=success, compute_ms=5.429016120422856, intv=0.17495919363097204)
ERROR in osqp_update_data_vec: Problem data validation.
ERROR in osqp_update_data_vec: Problem data validation.
ERROR in osqp_update_data_vec: Problem data validation.
ERROR in osqp_update_data_vec: Problem data validation.
ERROR in osqp_update_data_vec: Problem data validation.
Infeasible detected!!
Collision with known obstacle detected! Obs: [28.78695752  7.5864026   0.34865162  0.41072589  0.41942031 -2.
 32.          1.        ], Robot: [29.23202435  7.98341432] 0.25, Distance: 0.59640824193349, True
Collision detected !!
Infeasible detected!!
ERROR in osqp_update_data_vec: Problem data validation.
ERROR in osqp_update_data_vec: Problem data validation.
ERROR in osqp_update_data_vec: Problem data validation.
ERROR in osqp_update_data_vec: Problem data validation.
ERROR in osqp_update_data_vec: Problem data validation.
ERROR in osqp_update_data_vec: Problem data validation.
ERROR in osqp_update_data_vec: Problem data validation.
ERROR in osqp_update_data_vec: Problem data validation.
ERROR in osqp_update_data_vec: Problem data validation.
ERROR in osqp_update_data_vec: Problem data validation.
ERROR in osqp_update_data_vec: Problem data validation.
ERROR in osqp_update_data_vec: Problem data validation.
ERROR in osqp_update_data_vec: Problem data validation.
ERROR in osqp_update_data_vec: Problem data validation.
ERROR in osqp_update_data_vec: Problem data validation.
ERROR in osqp_update_data_vec: Problem data validation.
ERROR in osqp_update_data_vec: Problem data validation.
ERROR in osqp_update_data_vec: Problem data validation.
ERROR in osqp_update_data_vec: Problem data validation.
ERROR in osqp_update_data_vec: Problem data validation.
ERROR in osqp_update_data_vec: Problem data validation.
ERROR in osqp_update_data_vec: Problem data validation.
ERROR in osqp_update_data_vec: Problem data validation.
ERROR in osqp_update_data_vec: Problem data validation.
ERROR in osqp_update_data_vec: Problem data validation.
ERROR in osqp_update_data_vec: Problem data validation.
ERROR in osqp_update_data_vec: Problem data validation.
ERROR in osqp_update_data_vec: Problem data validation.
ERROR in osqp_update_data_vec: Problem data validation.
ERROR in osqp_update_data_vec: Problem data validation.
Collision with known obstacle detected! Obs: [20.32978851  9.49150188  0.31261134  0.12481084  0.52558683 -2.
 32.          1.        ], Robot: [20.77142681  9.83998671] 0.25, Distance: 0.5625709512114557, True
Collision detected !!
ERROR in osqp_update_data_vec: Problem data validation.
ERROR in osqp_update_data_vec: Problem data validation.
ERROR in osqp_update_data_vec: Problem data validation.
ERROR in osqp_update_data_vec: Problem data validation.
ERROR in osqp_update_data_vec: Problem data validation.
ERROR in osqp_update_data_vec: Problem data validation.
ERROR in osqp_update_data_vec: Problem data validation.
ERROR in osqp_update_data_vec: Problem data validation.
ERROR in osqp_update_data_vec: Problem data validation.
ERROR in osqp_update_data_vec: Problem data validation.
ERROR in osqp_update_data_vec: Problem data validation.
ERROR in osqp_update_data_vec: Problem data validation.
ERROR in osqp_update_data_vec: Problem data validation.
ERROR in osqp_update_data_vec: Problem data validation.
ERROR in osqp_update_data_vec: Problem data validation.
ERROR in osqp_update_data_vec: Problem data validation.
ERROR in osqp_update_data_vec: Problem data validation.
ERROR in osqp_update_data_vec: Problem data validation.
ERROR in osqp_update_data_vec: Problem data validation.
ERROR in osqp_update_data_vec: Problem data validation.
ERROR in osqp_update_data_vec: Problem data validation.
ERROR in osqp_update_data_vec: Problem data validation.
ERROR in osqp_update_data_vec: Problem data validation.
ERROR in osqp_update_data_vec: Problem data validation.
ERROR in osqp_update_data_vec: Problem data validation.
ERROR in osqp_update_data_vec: Problem data validation.
ERROR in osqp_update_data_vec: Problem data validation.
ERROR in osqp_update_data_vec: Problem data validation.
ERROR in osqp_update_data_vec: Problem data validation.
ERROR in osqp_update_data_vec: Problem data validation.
ERROR in osqp_update_data_vec: Problem data validation.
Infeasible detected!!
ERROR in osqp_update_data_vec: Problem data validation.
ERROR in osqp_update_data_vec: Problem data validation.
ERROR in osqp_update_data_vec: Problem data validation.
ERROR in osqp_update_data_vec: Problem data validation.
ERROR in osqp_update_data_vec: Problem data validation.
ERROR in osqp_update_data_vec: Problem data validation.
ERROR in osqp_update_data_vec: Problem data validation.
ERROR in osqp_update_data_vec: Problem data validation.
ERROR in osqp_update_data_vec: Problem data validation.
ERROR in osqp_update_data_vec: Problem data validation.
ERROR in osqp_update_data_vec: Problem data validation.
ERROR in osqp_update_data_vec: Problem data validation.
Infeasible detected!!
ERROR in osqp_update_data_vec: Problem data validation.
ERROR in osqp_update_data_vec: Problem data validation.
ERROR in osqp_update_data_vec: Problem data validation.
ERROR in osqp_update_data_vec: Problem data validation.
ERROR in osqp_update_data_vec: Problem data validation.
ERROR in osqp_update_data_vec: Problem data validation.
ERROR in osqp_update_data_vec: Problem data validation.
ERROR in osqp_update_data_vec: Problem data validation.
ERROR in osqp_update_data_vec: Problem data validation.
ERROR in osqp_update_data_vec: Problem data validation.
ERROR in osqp_update_data_vec: Problem data validation.
ERROR in osqp_update_data_vec: Problem data validation.
ERROR in osqp_update_data_vec: Problem data validation.
ERROR in osqp_update_data_vec: Problem data validation.
ERROR in osqp_update_data_vec: Problem data validation.
ERROR in osqp_update_data_vec: Problem data validation.
ERROR in osqp_update_data_vec: Problem data validation.
ERROR in osqp_update_data_vec: Problem data validation.
ERROR in osqp_update_data_vec: Problem data validation.
ERROR in osqp_update_data_vec: Problem data validation.
ERROR in osqp_update_data_vec: Problem data validation.
ERROR in osqp_update_data_vec: Problem data validation.
ERROR in osqp_update_data_vec: Problem data validation.
ERROR in osqp_update_data_vec: Problem data validation.
ERROR in osqp_update_data_vec: Problem data validation.
ERROR in osqp_update_data_vec: Problem data validation.
ERROR in osqp_update_data_vec: Problem data validation.
ERROR in osqp_update_data_vec: Problem data validation.
Infeasible detected!!
ERROR in osqp_update_data_vec: Problem data validation.
ERROR in osqp_update_data_vec: Problem data validation.
ERROR in osqp_update_data_vec: Problem data validation.
ERROR in osqp_update_data_vec: Problem data validation.
ERROR in osqp_update_data_vec: Problem data validation.
ERROR in osqp_update_data_vec: Problem data validation.
ERROR in osqp_update_data_vec: Problem data validation.
ERROR in osqp_update_data_vec: Problem data validation.
ERROR in osqp_update_data_vec: Problem data validation.
ERROR in osqp_update_data_vec: Problem data validation.
ERROR in osqp_update_data_vec: Problem data validation.
ERROR in osqp_update_data_vec: Problem data validation.
ERROR in osqp_update_data_vec: Problem data validation.
ERROR in osqp_update_data_vec: Problem data validation.
Infeasible detected!!
ERROR in osqp_update_data_vec: Problem data validation.
ERROR in osqp_update_data_vec: Problem data validation.
ERROR in osqp_update_data_vec: Problem data validation.
ERROR in osqp_update_data_vec: Problem data validation.
ERROR in osqp_update_data_vec: Problem data validation.
ERROR in osqp_update_data_vec: Problem data validation.
ERROR in osqp_update_data_vec: Problem data validation.
ERROR in osqp_update_data_vec: Problem data validation.
ERROR in osqp_update_data_vec: Problem data validation.
ERROR in osqp_update_data_vec: Problem data validation.
ERROR in osqp_update_data_vec: Problem data validation.
ERROR in osqp_update_data_vec: Problem data validation.
ERROR in osqp_update_data_vec: Problem data validation.
ERROR in osqp_update_data_vec: Problem data validation.
ERROR in osqp_update_data_vec: Problem data validation.
[100/100] idx=100 -> success    (raw=success, compute_ms=5.248156254823016, intv=0.19924782745686653)
ERROR in osqp_update_data_vec: Problem data validation.
ERROR in osqp_update_data_vec: Problem data validation.
ERROR in osqp_update_data_vec: Problem data validation.
ERROR in osqp_update_data_vec: Problem data validation.
ERROR in osqp_update_data_vec: Problem data validation.
ERROR in osqp_update_data_vec: Problem data validation.
ERROR in osqp_update_data_vec: Problem data validation.
ERROR in osqp_update_data_vec: Problem data validation.
Infeasible detected!!
Infeasible detected!!
ERROR in osqp_update_data_vec: Problem data validation.
ERROR in osqp_update_data_vec: Problem data validation.
ERROR in osqp_update_data_vec: Problem data validation.
ERROR in osqp_update_data_vec: Problem data validation.
ERROR in osqp_update_data_vec: Problem data validation.
ERROR in osqp_update_data_vec: Problem data validation.
ERROR in osqp_update_data_vec: Problem data validation.
ERROR in osqp_update_data_vec: Problem data validation.
ERROR in osqp_update_data_vec: Problem data validation.
ERROR in osqp_update_data_vec: Problem data validation.
ERROR in osqp_update_data_vec: Problem data validation.
ERROR in osqp_update_data_vec: Problem data validation.
ERROR in osqp_update_data_vec: Problem data validation.
ERROR in osqp_update_data_vec: Problem data validation.
ERROR in osqp_update_data_vec: Problem data validation.
ERROR in osqp_update_data_vec: Problem data validation.
ERROR in osqp_update_data_vec: Problem data validation.
ERROR in osqp_update_data_vec: Problem data validation.
ERROR in osqp_update_data_vec: Problem data validation.
Infeasible detected!!
Infeasible detected!!
ERROR in osqp_update_data_vec: Problem data validation.
ERROR in osqp_update_data_vec: Problem data validation.
ERROR in osqp_update_data_vec: Problem data validation.
ERROR in osqp_update_data_vec: Problem data validation.
ERROR in osqp_update_data_vec: Problem data validation.
ERROR in osqp_update_data_vec: Problem data validation.
ERROR in osqp_update_data_vec: Problem data validation.
ERROR in osqp_update_data_vec: Problem data validation.
ERROR in osqp_update_data_vec: Problem data validation.
ERROR in osqp_update_data_vec: Problem data validation.
ERROR in osqp_update_data_vec: Problem data validation.
ERROR in osqp_update_data_vec: Problem data validation.
ERROR in osqp_update_data_vec: Problem data validation.
ERROR in osqp_update_data_vec: Problem data validation.
ERROR in osqp_update_data_vec: Problem data validation.
ERROR in osqp_update_data_vec: Problem data validation.
ERROR in osqp_update_data_vec: Problem data validation.
ERROR in osqp_update_data_vec: Problem data validation.
ERROR in osqp_update_data_vec: Problem data validation.
ERROR in osqp_update_data_vec: Problem data validation.
ERROR in osqp_update_data_vec: Problem data validation.
ERROR in osqp_update_data_vec: Problem data validation.
ERROR in osqp_update_data_vec: Problem data validation.
ERROR in osqp_update_data_vec: Problem data validation.
ERROR in osqp_update_data_vec: Problem data validation.
ERROR in osqp_update_data_vec: Problem data validation.
ERROR in osqp_update_data_vec: Problem data validation.
ERROR in osqp_update_data_vec: Problem data validation.
ERROR in osqp_update_data_vec: Problem data validation.
ERROR in osqp_update_data_vec: Problem data validation.
ERROR in osqp_update_data_vec: Problem data validation.
ERROR in osqp_update_data_vec: Problem data validation.
ERROR in osqp_update_data_vec: Problem data validation.
ERROR in osqp_update_data_vec: Problem data validation.
ERROR in osqp_update_data_vec: Problem data validation.
ERROR in osqp_update_data_vec: Problem data validation.
ERROR in osqp_update_data_vec: Problem data validation.
ERROR in osqp_update_data_vec: Problem data validation.
ERROR in osqp_update_data_vec: Problem data validation.
ERROR in osqp_update_data_vec: Problem data validation.
ERROR in osqp_update_data_vec: Problem data validation.
ERROR in osqp_update_data_vec: Problem data validation.
ERROR in osqp_update_data_vec: Problem data validation.
Infeasible detected!!
Infeasible detected!!
ERROR in osqp_update_data_vec: Problem data validation.
ERROR in osqp_update_data_vec: Problem data validation.
ERROR in osqp_update_data_vec: Problem data validation.
ERROR in osqp_update_data_vec: Problem data validation.
ERROR in osqp_update_data_vec: Problem data validation.
ERROR in osqp_update_data_vec: Problem data validation.
ERROR in osqp_update_data_vec: Problem data validation.
ERROR in osqp_update_data_vec: Problem data validation.
ERROR in osqp_update_data_vec: Problem data validation.
ERROR in osqp_update_data_vec: Problem data validation.
ERROR in osqp_update_data_vec: Problem data validation.
ERROR in osqp_update_data_vec: Problem data validation.
ERROR in osqp_update_data_vec: Problem data validation.
ERROR in osqp_update_data_vec: Problem data validation.
ERROR in osqp_update_data_vec: Problem data validation.
ERROR in osqp_update_data_vec: Problem data validation.
ERROR in osqp_update_data_vec: Problem data validation.
Infeasible detected!!
ERROR in osqp_update_data_vec: Problem data validation.
ERROR in osqp_update_data_vec: Problem data validation.
ERROR in osqp_update_data_vec: Problem data validation.
ERROR in osqp_update_data_vec: Problem data validation.
ERROR in osqp_update_data_vec: Problem data validation.
Infeasible detected!!
Infeasible detected!!
ERROR in osqp_update_data_vec: Problem data validation.
ERROR in osqp_update_data_vec: Problem data validation.
ERROR in osqp_update_data_vec: Problem data validation.
ERROR in osqp_update_data_vec: Problem data validation.
ERROR in osqp_update_data_vec: Problem data validation.
Infeasible detected!!
ERROR in osqp_update_data_vec: Problem data validation.
ERROR in osqp_update_data_vec: Problem data validation.
ERROR in osqp_update_data_vec: Problem data validation.
ERROR in osqp_update_data_vec: Problem data validation.
ERROR in osqp_update_data_vec: Problem data validation.
ERROR in osqp_update_data_vec: Problem data validation.
ERROR in osqp_update_data_vec: Problem data validation.
ERROR in osqp_update_data_vec: Problem data validation.
ERROR in osqp_update_data_vec: Problem data validation.
ERROR in osqp_update_data_vec: Problem data validation.
ERROR in osqp_update_data_vec: Problem data validation.
ERROR in osqp_update_data_vec: Problem data validation.
ERROR in osqp_update_data_vec: Problem data validation.
ERROR in osqp_update_data_vec: Problem data validation.
ERROR in osqp_update_data_vec: Problem data validation.
ERROR in osqp_update_data_vec: Problem data validation.
ERROR in osqp_update_data_vec: Problem data validation.
ERROR in osqp_update_data_vec: Problem data validation.
ERROR in osqp_update_data_vec: Problem data validation.
ERROR in osqp_update_data_vec: Problem data validation.
ERROR in osqp_update_data_vec: Problem data validation.
ERROR in osqp_update_data_vec: Problem data validation.
ERROR in osqp_update_data_vec: Problem data validation.
ERROR in osqp_update_data_vec: Problem data validation.
ERROR in osqp_update_data_vec: Problem data validation.
ERROR in osqp_update_data_vec: Problem data validation.
ERROR in osqp_update_data_vec: Problem data validation.
ERROR in osqp_update_data_vec: Problem data validation.
ERROR in osqp_update_data_vec: Problem data validation.
ERROR in osqp_update_data_vec: Problem data validation.
ERROR in osqp_update_data_vec: Problem data validation.
Infeasible detected!!
Infeasible detected!!
ERROR in osqp_update_data_vec: Problem data validation.
ERROR in osqp_update_data_vec: Problem data validation.
ERROR in osqp_update_data_vec: Problem data validation.
ERROR in osqp_update_data_vec: Problem data validation.
ERROR in osqp_update_data_vec: Problem data validation.
ERROR in osqp_update_data_vec: Problem data validation.
ERROR in osqp_update_data_vec: Problem data validation.
ERROR in osqp_update_data_vec: Problem data validation.
ERROR in osqp_update_data_vec: Problem data validation.
ERROR in osqp_update_data_vec: Problem data validation.
ERROR in osqp_update_data_vec: Problem data validation.
ERROR in osqp_update_data_vec: Problem data validation.
ERROR in osqp_update_data_vec: Problem data validation.
ERROR in osqp_update_data_vec: Problem data validation.
ERROR in osqp_update_data_vec: Problem data validation.
ERROR in osqp_update_data_vec: Problem data validation.
ERROR in osqp_update_data_vec: Problem data validation.
ERROR in osqp_update_data_vec: Problem data validation.
ERROR in osqp_update_data_vec: Problem data validation.
ERROR in osqp_update_data_vec: Problem data validation.
ERROR in osqp_update_data_vec: Problem data validation.
ERROR in osqp_update_data_vec: Problem data validation.
ERROR in osqp_update_data_vec: Problem data validation.
ERROR in osqp_update_data_vec: Problem data validation.
ERROR in osqp_update_data_vec: Problem data validation.
ERROR in osqp_update_data_vec: Problem data validation.
ERROR in osqp_update_data_vec: Problem data validation.
ERROR in osqp_update_data_vec: Problem data validation.
ERROR in osqp_update_data_vec: Problem data validation.
ERROR in osqp_update_data_vec: Problem data validation.
ERROR in osqp_update_data_vec: Problem data validation.
ERROR in osqp_update_data_vec: Problem data validation.
ERROR in osqp_update_data_vec: Problem data validation.
ERROR in osqp_update_data_vec: Problem data validation.
ERROR in osqp_update_data_vec: Problem data validation.
ERROR in osqp_update_data_vec: Problem data validation.
ERROR in osqp_update_data_vec: Problem data validation.
ERROR in osqp_update_data_vec: Problem data validation.
ERROR in osqp_update_data_vec: Problem data validation.
ERROR in osqp_update_data_vec: Problem data validation.
ERROR in osqp_update_data_vec: Problem data validation.
Infeasible detected!!
ERROR in osqp_update_data_vec: Problem data validation.
ERROR in osqp_update_data_vec: Problem data validation.
ERROR in osqp_update_data_vec: Problem data validation.
ERROR in osqp_update_data_vec: Problem data validation.
ERROR in osqp_update_data_vec: Problem data validation.
ERROR in osqp_update_data_vec: Problem data validation.
ERROR in osqp_update_data_vec: Problem data validation.
ERROR in osqp_update_data_vec: Problem data validation.
ERROR in osqp_update_data_vec: Problem data validation.
ERROR in osqp_update_data_vec: Problem data validation.
ERROR in osqp_update_data_vec: Problem data validation.
ERROR in osqp_update_data_vec: Problem data validation.
ERROR in osqp_update_data_vec: Problem data validation.
ERROR in osqp_update_data_vec: Problem data validation.
ERROR in osqp_update_data_vec: Problem data validation.
ERROR in osqp_update_data_vec: Problem data validation.
ERROR in osqp_update_data_vec: Problem data validation.
ERROR in osqp_update_data_vec: Problem data validation.
ERROR in osqp_update_data_vec: Problem data validation.
ERROR in osqp_update_data_vec: Problem data validation.
ERROR in osqp_update_data_vec: Problem data validation.
ERROR in osqp_update_data_vec: Problem data validation.
ERROR in osqp_update_data_vec: Problem data validation.
ERROR in osqp_update_data_vec: Problem data validation.
ERROR in osqp_update_data_vec: Problem data validation.
ERROR in osqp_update_data_vec: Problem data validation.
ERROR in osqp_update_data_vec: Problem data validation.
ERROR in osqp_update_data_vec: Problem data validation.
ERROR in osqp_update_data_vec: Problem data validation.
ERROR in osqp_update_data_vec: Problem data validation.
ERROR in osqp_update_data_vec: Problem data validation.
ERROR in osqp_update_data_vec: Problem data validation.
ERROR in osqp_update_data_vec: Problem data validation.
ERROR in osqp_update_data_vec: Problem data validation.
ERROR in osqp_update_data_vec: Problem data validation.
ERROR in osqp_update_data_vec: Problem data validation.
ERROR in osqp_update_data_vec: Problem data validation.
ERROR in osqp_update_data_vec: Problem data validation.
ERROR in osqp_update_data_vec: Problem data validation.
ERROR in osqp_update_data_vec: Problem data validation.
ERROR in osqp_update_data_vec: Problem data validation.
ERROR in osqp_update_data_vec: Problem data validation.
ERROR in osqp_update_data_vec: Problem data validation.
Infeasible detected!!
ERROR in osqp_update_data_vec: Problem data validation.
ERROR in osqp_update_data_vec: Problem data validation.
ERROR in osqp_update_data_vec: Problem data validation.
ERROR in osqp_update_data_vec: Problem data validation.
ERROR in osqp_update_data_vec: Problem data validation.
ERROR in osqp_update_data_vec: Problem data validation.
ERROR in osqp_update_data_vec: Problem data validation.
ERROR in osqp_update_data_vec: Problem data validation.
ERROR in osqp_update_data_vec: Problem data validation.
ERROR in osqp_update_data_vec: Problem data validation.
ERROR in osqp_update_data_vec: Problem data validation.
ERROR in osqp_update_data_vec: Problem data validation.
ERROR in osqp_update_data_vec: Problem data validation.
ERROR in osqp_update_data_vec: Problem data validation.
ERROR in osqp_update_data_vec: Problem data validation.
ERROR in osqp_update_data_vec: Problem data validation.
ERROR in osqp_update_data_vec: Problem data validation.
Infeasible detected!!
ERROR in osqp_update_data_vec: Problem data validation.
ERROR in osqp_update_data_vec: Problem data validation.
ERROR in osqp_update_data_vec: Problem data validation.
ERROR in osqp_update_data_vec: Problem data validation.
ERROR in osqp_update_data_vec: Problem data validation.
ERROR in osqp_update_data_vec: Problem data validation.
ERROR in osqp_update_data_vec: Problem data validation.
ERROR in osqp_update_data_vec: Problem data validation.
ERROR in osqp_update_data_vec: Problem data validation.
ERROR in osqp_update_data_vec: Problem data validation.
ERROR in osqp_update_data_vec: Problem data validation.
ERROR in osqp_update_data_vec: Problem data validation.
ERROR in osqp_update_data_vec: Problem data validation.
ERROR in osqp_update_data_vec: Problem data validation.
ERROR in osqp_update_data_vec: Problem data validation.
ERROR in osqp_update_data_vec: Problem data validation.
ERROR in osqp_update_data_vec: Problem data validation.
ERROR in osqp_update_data_vec: Problem data validation.
ERROR in osqp_update_data_vec: Problem data validation.
ERROR in osqp_update_data_vec: Problem data validation.
ERROR in osqp_update_data_vec: Problem data validation.
ERROR in osqp_update_data_vec: Problem data validation.
ERROR in osqp_update_data_vec: Problem data validation.
ERROR in osqp_update_data_vec: Problem data validation.
ERROR in osqp_update_data_vec: Problem data validation.
ERROR in osqp_update_data_vec: Problem data validation.
ERROR in osqp_update_data_vec: Problem data validation.
ERROR in osqp_update_data_vec: Problem data validation.
ERROR in osqp_update_data_vec: Problem data validation.
ERROR in osqp_update_data_vec: Problem data validation.
ERROR in osqp_update_data_vec: Problem data validation.
ERROR in osqp_update_data_vec: Problem data validation.
ERROR in osqp_update_data_vec: Problem data validation.
ERROR in osqp_update_data_vec: Problem data validation.
ERROR in osqp_update_data_vec: Problem data validation.
ERROR in osqp_update_data_vec: Problem data validation.
ERROR in osqp_update_data_vec: Problem data validation.
ERROR in osqp_update_data_vec: Problem data validation.
ERROR in osqp_update_data_vec: Problem data validation.
ERROR in osqp_update_data_vec: Problem data validation.
ERROR in osqp_update_data_vec: Problem data validation.
ERROR in osqp_update_data_vec: Problem data validation.
ERROR in osqp_update_data_vec: Problem data validation.
ERROR in osqp_update_data_vec: Problem data validation.
ERROR in osqp_update_data_vec: Problem data validation.
ERROR in osqp_update_data_vec: Problem data validation.
ERROR in osqp_update_data_vec: Problem data validation.
ERROR in osqp_update_data_vec: Problem data validation.
ERROR in osqp_update_data_vec: Problem data validation.
ERROR in osqp_update_data_vec: Problem data validation.
ERROR in osqp_update_data_vec: Problem data validation.
ERROR in osqp_update_data_vec: Problem data validation.
ERROR in osqp_update_data_vec: Problem data validation.
ERROR in osqp_update_data_vec: Problem data validation.
ERROR in osqp_update_data_vec: Problem data validation.
ERROR in osqp_update_data_vec: Problem data validation.
ERROR in osqp_update_data_vec: Problem data validation.
ERROR in osqp_update_data_vec: Problem data validation.
ERROR in osqp_update_data_vec: Problem data validation.
Infeasible detected!!
ERROR in osqp_update_data_vec: Problem data validation.
ERROR in osqp_update_data_vec: Problem data validation.

=== Crowd Trial Summary (3-way) ===
success=52 | collision=3 | infeasible=45 | total=100
success idx   : [1, 2, 3, 4, 9, 11, 13, 15, 16, 17, 19, 24, 26, 29, 31, 34, 35, 36, 37, 40, 42, 43, 44, 45, 46, 48, 52, 53, 54, 58, 59, 60, 61, 62, 63, 70, 71, 73, 77, 79, 82, 83, 84, 85, 88, 89, 90, 92, 97, 98, 99, 100]
collision idx : [10, 50, 66]
infeasible idx: [5, 6, 7, 8, 12, 14, 18, 20, 21, 22, 23, 25, 27, 28, 30, 32, 33, 38, 39, 41, 47, 49, 51, 55, 56, 57, 64, 65, 67, 68, 69, 72, 74, 75, 76, 78, 80, 81, 86, 87, 91, 93, 94, 95, 96]
avg controller compute time over idx [ms]: 6.62904353644683
avg control intervention over idx: 0.28954073498262944
avg terminal slack L1 over idx: 0.03090986782327031
avg terminal slack max over idx: 0.03000480981559304
avg terminal slack active ratio over idx: 0.317487333554546
avg sim time over idx [s]: 85.52499999999998
avg wall time per idx [s]: 13.139383480378893
avg forced initially occluded over idx: 5.86
avg forced revealed over idx: 4.47
avg forced corridor conflict over idx: 1.0
forced reveal-positive trial rate: 1.0
saved rows    : debug_logs/uni_ocbf_nrand10_30_best_w6_20260626_002621/nrand10_slack20m2_T0p75_top2_k20_gated/crowd_trials_occlusion_cbf_42_1_100_20260626_020017.csv
saved summary : debug_logs/uni_ocbf_nrand10_30_best_w6_20260626_002621/nrand10_slack20m2_T0p75_top2_k20_gated/crowd_trials_occlusion_cbf_42_1_100_20260626_020017.json

