[RUN] scenario=crowd2 label=occlusion_cbf baseline=occlusion_cbf pos=occlusion_cbf_qp model=uni seed=42 idx=1..100 n_rand=10 tf=500.0 wmax=default oa_allow_solver_fallback=None oa_dynamic_occluders=None oa_dsafe=None oa_visible_reach_mode=None oa_use_nominal_tracking_cost=None oa_dt=None occ_version=v2 occ_visible_scale=None occ_enable_visible_hocbf=True crowd_mode=forced_emergence
[RUN] show_animation=False, save_animation=False
Restricted license - for non-production use only - expires 2027-11-29
/Users/parkcart/workspace/occlusion-cbf/.venv/lib/python3.10/site-packages/cvxpy/problems/problem.py:1539: UserWarning: Solution may be inaccurate. Try another solver, adjusting the solver settings, or solve with verbose=True for more information.
  warnings.warn(
Restricted license - for non-production use only - expires 2027-11-29
/Users/parkcart/workspace/occlusion-cbf/.venv/lib/python3.10/site-packages/cvxpy/problems/problem.py:1539: UserWarning: Solution may be inaccurate. Try another solver, adjusting the solver settings, or solve with verbose=True for more information.
  warnings.warn(
Restricted license - for non-production use only - expires 2027-11-29
/Users/parkcart/workspace/occlusion-cbf/.venv/lib/python3.10/site-packages/cvxpy/problems/problem.py:1539: UserWarning: Solution may be inaccurate. Try another solver, adjusting the solver settings, or solve with verbose=True for more information.
  warnings.warn(
Restricted license - for non-production use only - expires 2027-11-29
/Users/parkcart/workspace/occlusion-cbf/.venv/lib/python3.10/site-packages/cvxpy/problems/problem.py:1539: UserWarning: Solution may be inaccurate. Try another solver, adjusting the solver settings, or solve with verbose=True for more information.
  warnings.warn(
/Users/parkcart/workspace/occlusion-cbf/.venv/lib/python3.10/site-packages/cvxpy/problems/problem.py:1545: UserWarning: 
    The problem is either infeasible or unbounded, but the solver
    cannot tell which. Disable any solver-specific presolve methods
    and re-solve to determine the precise problem status.

    For GUROBI and CPLEX you can automatically perform this re-solve
    with the keyword argument prob.solve(reoptimize=True, ...).
    
  warnings.warn(INF_OR_UNB_MESSAGE)
ERROR in osqp_update_data_vec: Problem data validation.
ERROR in osqp_update_data_vec: Problem data validation.
Restricted license - for non-production use only - expires 2027-11-29
/Users/parkcart/workspace/occlusion-cbf/.venv/lib/python3.10/site-packages/cvxpy/problems/problem.py:1539: UserWarning: Solution may be inaccurate. Try another solver, adjusting the solver settings, or solve with verbose=True for more information.
  warnings.warn(
[001/100] idx=  1 -> infeasible (raw=infeasible, compute_ms=13.339471799882789, intv=1.1258461761837366)
[002/100] idx=  2 -> infeasible (raw=infeasible, compute_ms=10.550747381111487, intv=0.49738027196870566)
/Users/parkcart/workspace/occlusion-cbf/.venv/lib/python3.10/site-packages/cvxpy/problems/problem.py:1539: UserWarning: Solution may be inaccurate. Try another solver, adjusting the solver settings, or solve with verbose=True for more information.
  warnings.warn(
[003/100] idx=  5 -> success    (raw=success, compute_ms=6.989855204431309, intv=0.12351957095468673)
/Users/parkcart/workspace/occlusion-cbf/.venv/lib/python3.10/site-packages/cvxpy/problems/problem.py:1545: UserWarning: 
    The problem is either infeasible or unbounded, but the solver
    cannot tell which. Disable any solver-specific presolve methods
    and re-solve to determine the precise problem status.

    For GUROBI and CPLEX you can automatically perform this re-solve
    with the keyword argument prob.solve(reoptimize=True, ...).
    
  warnings.warn(INF_OR_UNB_MESSAGE)
[004/100] idx=  3 -> success    (raw=success, compute_ms=7.238657227312955, intv=0.23252670736864578)
[005/100] idx=  6 -> success    (raw=success, compute_ms=8.115034846029053, intv=0.3116448797500289)
[006/100] idx=  8 -> infeasible (raw=infeasible, compute_ms=12.238089465079252, intv=0.9189903953630798)
[007/100] idx=  4 -> success    (raw=success, compute_ms=9.144982383014426, intv=0.29449636607231516)
ERROR in osqp_update_data_vec: Problem data validation.
ERROR in osqp_update_data_vec: Problem data validation.
ERROR in osqp_update_data_vec: Problem data validation.
ERROR in osqp_update_data_vec: Problem data validation.
ERROR in osqp_update_data_vec: Problem data validation.
ERROR in osqp_update_data_vec: Problem data validation.
ERROR in osqp_update_data_vec: Problem data validation.
ERROR in osqp_update_data_vec: Problem data validation.
ERROR in osqp_update_data_vec: Problem data validation.
ERROR in osqp_update_data_vec: Problem data validation.
ERROR in osqp_update_data_vec: Problem data validation.
ERROR in osqp_update_data_vec: Problem data validation.
ERROR in osqp_update_data_vec: Problem data validation.
ERROR in osqp_update_data_vec: Problem data validation.
ERROR in osqp_update_data_vec: Problem data validation.
ERROR in osqp_update_data_vec: Problem data validation.
ERROR in osqp_update_data_vec: Problem data validation.
ERROR in osqp_update_data_vec: Problem data validation.
ERROR in osqp_update_data_vec: Problem data validation.
ERROR in osqp_update_data_vec: Problem data validation.
ERROR in osqp_update_data_vec: Problem data validation.
ERROR in osqp_update_data_vec: Problem data validation.
ERROR in osqp_update_data_vec: Problem data validation.
ERROR in osqp_update_data_vec: Problem data validation.
ERROR in osqp_update_data_vec: Problem data validation.
ERROR in osqp_update_data_vec: Problem data validation.
ERROR in osqp_update_data_vec: Problem data validation.
ERROR in osqp_update_data_vec: Problem data validation.
ERROR in osqp_update_data_vec: Problem data validation.
ERROR in osqp_update_data_vec: Problem data validation.
ERROR in osqp_update_data_vec: Problem data validation.
ERROR in osqp_update_data_vec: Problem data validation.
ERROR in osqp_update_data_vec: Problem data validation.
ERROR in osqp_update_data_vec: Problem data validation.
ERROR in osqp_update_data_vec: Problem data validation.
ERROR in osqp_update_data_vec: Problem data validation.
ERROR in osqp_update_data_vec: Problem data validation.
ERROR in osqp_update_data_vec: Problem data validation.
ERROR in osqp_update_data_vec: Problem data validation.
ERROR in osqp_update_data_vec: Problem data validation.
ERROR in osqp_update_data_vec: Problem data validation.
ERROR in osqp_update_data_vec: Problem data validation.
ERROR in osqp_update_data_vec: Problem data validation.
ERROR in osqp_update_data_vec: Problem data validation.
ERROR in osqp_update_data_vec: Problem data validation.
ERROR in osqp_update_data_vec: Problem data validation.
ERROR in osqp_update_data_vec: Problem data validation.
ERROR in osqp_update_data_vec: Problem data validation.
ERROR in osqp_update_data_vec: Problem data validation.
ERROR in osqp_update_data_vec: Problem data validation.
ERROR in osqp_update_data_vec: Problem data validation.
ERROR in osqp_update_data_vec: Problem data validation.
ERROR in osqp_update_data_vec: Problem data validation.
ERROR in osqp_update_data_vec: Problem data validation.
ERROR in osqp_update_data_vec: Problem data validation.
ERROR in osqp_update_data_vec: Problem data validation.
ERROR in osqp_update_data_vec: Problem data validation.
ERROR in osqp_update_data_vec: Problem data validation.
ERROR in osqp_update_data_vec: Problem data validation.
ERROR in osqp_update_data_vec: Problem data validation.
ERROR in osqp_update_data_vec: Problem data validation.
ERROR in osqp_update_data_vec: Problem data validation.
ERROR in osqp_update_data_vec: Problem data validation.
ERROR in osqp_update_data_vec: Problem data validation.
ERROR in osqp_update_data_vec: Problem data validation.
ERROR in osqp_update_data_vec: Problem data validation.
ERROR in osqp_update_data_vec: Problem data validation.
ERROR in osqp_update_data_vec: Problem data validation.
ERROR in osqp_update_data_vec: Problem data validation.
ERROR in osqp_update_data_vec: Problem data validation.
ERROR in osqp_update_data_vec: Problem data validation.
ERROR in osqp_update_data_vec: Problem data validation.
ERROR in osqp_update_data_vec: Problem data validation.
ERROR in osqp_update_data_vec: Problem data validation.
ERROR in osqp_update_data_vec: Problem data validation.
ERROR in osqp_update_data_vec: Problem data validation.
ERROR in osqp_update_data_vec: Problem data validation.
ERROR in osqp_update_data_vec: Problem data validation.
ERROR in osqp_update_data_vec: Problem data validation.
ERROR in osqp_update_data_vec: Problem data validation.
ERROR in osqp_update_data_vec: Problem data validation.
ERROR in osqp_update_data_vec: Problem data validation.
ERROR in osqp_update_data_vec: Problem data validation.
ERROR in osqp_update_data_vec: Problem data validation.
ERROR in osqp_update_data_vec: Problem data validation.
ERROR in osqp_update_data_vec: Problem data validation.
ERROR in osqp_update_data_vec: Problem data validation.
ERROR in osqp_update_data_vec: Problem data validation.
ERROR in osqp_update_data_vec: Problem data validation.
ERROR in osqp_update_data_vec: Problem data validation.
ERROR in osqp_update_data_vec: Problem data validation.
ERROR in osqp_update_data_vec: Problem data validation.
ERROR in osqp_update_data_vec: Problem data validation.
ERROR in osqp_update_data_vec: Problem data validation.
ERROR in osqp_update_data_vec: Problem data validation.
ERROR in osqp_update_data_vec: Problem data validation.
ERROR in osqp_update_data_vec: Problem data validation.
ERROR in osqp_update_data_vec: Problem data validation.
ERROR in osqp_update_data_vec: Problem data validation.
ERROR in osqp_update_data_vec: Problem data validation.
ERROR in osqp_update_data_vec: Problem data validation.
ERROR in osqp_update_data_vec: Problem data validation.
ERROR in osqp_update_data_vec: Problem data validation.
ERROR in osqp_update_data_vec: Problem data validation.
ERROR in osqp_update_data_vec: Problem data validation.
ERROR in osqp_update_data_vec: Problem data validation.
ERROR in osqp_update_data_vec: Problem data validation.
ERROR in osqp_update_data_vec: Problem data validation.
ERROR in osqp_update_data_vec: Problem data validation.
ERROR in osqp_update_data_vec: Problem data validation.
ERROR in osqp_update_data_vec: Problem data validation.
ERROR in osqp_update_data_vec: Problem data validation.
ERROR in osqp_update_data_vec: Problem data validation.
ERROR in osqp_update_data_vec: Problem data validation.
ERROR in osqp_update_data_vec: Problem data validation.
ERROR in osqp_update_data_vec: Problem data validation.
ERROR in osqp_update_data_vec: Problem data validation.
ERROR in osqp_update_data_vec: Problem data validation.
ERROR in osqp_update_data_vec: Problem data validation.
ERROR in osqp_update_data_vec: Problem data validation.
ERROR in osqp_update_data_vec: Problem data validation.
ERROR in osqp_update_data_vec: Problem data validation.
ERROR in osqp_update_data_vec: Problem data validation.
ERROR in osqp_update_data_vec: Problem data validation.
ERROR in osqp_update_data_vec: Problem data validation.
ERROR in osqp_update_data_vec: Problem data validation.
ERROR in osqp_update_data_vec: Problem data validation.
ERROR in osqp_update_data_vec: Problem data validation.
ERROR in osqp_update_data_vec: Problem data validation.
ERROR in osqp_update_data_vec: Problem data validation.
ERROR in osqp_update_data_vec: Problem data validation.
ERROR in osqp_update_data_vec: Problem data validation.
ERROR in osqp_update_data_vec: Problem data validation.
ERROR in osqp_update_data_vec: Problem data validation.
ERROR in osqp_update_data_vec: Problem data validation.
ERROR in osqp_update_data_vec: Problem data validation.
ERROR in osqp_update_data_vec: Problem data validation.
ERROR in osqp_update_data_vec: Problem data validation.
ERROR in osqp_update_data_vec: Problem data validation.
ERROR in osqp_update_data_vec: Problem data validation.
ERROR in osqp_update_data_vec: Problem data validation.
ERROR in osqp_update_data_vec: Problem data validation.
ERROR in osqp_update_data_vec: Problem data validation.
ERROR in osqp_update_data_vec: Problem data validation.
ERROR in osqp_update_data_vec: Problem data validation.
ERROR in osqp_update_data_vec: Problem data validation.
ERROR in osqp_update_data_vec: Problem data validation.
ERROR in osqp_update_data_vec: Problem data validation.
ERROR in osqp_update_data_vec: Problem data validation.
ERROR in osqp_update_data_vec: Problem data validation.
ERROR in osqp_update_data_vec: Problem data validation.
ERROR in osqp_update_data_vec: Problem data validation.
ERROR in osqp_update_data_vec: Problem data validation.
ERROR in osqp_update_data_vec: Problem data validation.
ERROR in osqp_update_data_vec: Problem data validation.
Restricted license - for non-production use only - expires 2027-11-29
[008/100] idx=  9 -> infeasible (raw=infeasible, compute_ms=8.023944548947453, intv=0.21267658751262242)
[009/100] idx=  7 -> success    (raw=success, compute_ms=7.3088332761247194, intv=0.25517127532932704)
[010/100] idx= 14 -> infeasible (raw=infeasible, compute_ms=7.943707095691934, intv=0.7153323258575455)
/Users/parkcart/workspace/occlusion-cbf/.venv/lib/python3.10/site-packages/cvxpy/problems/problem.py:1545: UserWarning: 
    The problem is either infeasible or unbounded, but the solver
    cannot tell which. Disable any solver-specific presolve methods
    and re-solve to determine the precise problem status.

    For GUROBI and CPLEX you can automatically perform this re-solve
    with the keyword argument prob.solve(reoptimize=True, ...).
    
  warnings.warn(INF_OR_UNB_MESSAGE)
[011/100] idx= 10 -> infeasible (raw=infeasible, compute_ms=8.173551989626908, intv=0.3641423611787229)
[012/100] idx= 11 -> infeasible (raw=infeasible, compute_ms=8.104573481846538, intv=0.4327335077484388)
[013/100] idx= 13 -> success    (raw=success, compute_ms=7.256871864423086, intv=0.17844715521243815)
[014/100] idx= 18 -> infeasible (raw=infeasible, compute_ms=10.858492376808872, intv=0.7563548516204178)
[015/100] idx= 12 -> success    (raw=success, compute_ms=7.372454169780685, intv=0.23176981161997862)
/Users/parkcart/workspace/occlusion-cbf/.venv/lib/python3.10/site-packages/cvxpy/problems/problem.py:1545: UserWarning: 
    The problem is either infeasible or unbounded, but the solver
    cannot tell which. Disable any solver-specific presolve methods
    and re-solve to determine the precise problem status.

    For GUROBI and CPLEX you can automatically perform this re-solve
    with the keyword argument prob.solve(reoptimize=True, ...).
    
  warnings.warn(INF_OR_UNB_MESSAGE)
/Users/parkcart/workspace/occlusion-cbf/.venv/lib/python3.10/site-packages/cvxpy/problems/problem.py:1545: UserWarning: 
    The problem is either infeasible or unbounded, but the solver
    cannot tell which. Disable any solver-specific presolve methods
    and re-solve to determine the precise problem status.

    For GUROBI and CPLEX you can automatically perform this re-solve
    with the keyword argument prob.solve(reoptimize=True, ...).
    
  warnings.warn(INF_OR_UNB_MESSAGE)
[016/100] idx= 17 -> infeasible (raw=infeasible, compute_ms=9.806702766950906, intv=0.42200294513257414)
[017/100] idx= 15 -> success    (raw=success, compute_ms=7.779117981002355, intv=0.32826063338367834)
ERROR in osqp_update_data_vec: Problem data validation.
ERROR in osqp_update_data_vec: Problem data validation.
ERROR in osqp_update_data_vec: Problem data validation.
ERROR in osqp_update_data_vec: Problem data validation.
ERROR in osqp_update_data_vec: Problem data validation.
ERROR in osqp_update_data_vec: Problem data validation.
ERROR in osqp_update_data_vec: Problem data validation.
ERROR in osqp_update_data_vec: Problem data validation.
ERROR in osqp_update_data_vec: Problem data validation.
ERROR in osqp_update_data_vec: Problem data validation.
ERROR in osqp_update_data_vec: Problem data validation.
ERROR in osqp_update_data_vec: Problem data validation.
ERROR in osqp_update_data_vec: Problem data validation.
ERROR in osqp_update_data_vec: Problem data validation.
ERROR in osqp_update_data_vec: Problem data validation.
ERROR in osqp_update_data_vec: Problem data validation.
ERROR in osqp_update_data_vec: Problem data validation.
ERROR in osqp_update_data_vec: Problem data validation.
ERROR in osqp_update_data_vec: Problem data validation.
ERROR in osqp_update_data_vec: Problem data validation.
ERROR in osqp_update_data_vec: Problem data validation.
ERROR in osqp_update_data_vec: Problem data validation.
ERROR in osqp_update_data_vec: Problem data validation.
ERROR in osqp_update_data_vec: Problem data validation.
ERROR in osqp_update_data_vec: Problem data validation.
ERROR in osqp_update_data_vec: Problem data validation.
ERROR in osqp_update_data_vec: Problem data validation.
ERROR in osqp_update_data_vec: Problem data validation.
ERROR in osqp_update_data_vec: Problem data validation.
ERROR in osqp_update_data_vec: Problem data validation.
ERROR in osqp_update_data_vec: Problem data validation.
ERROR in osqp_update_data_vec: Problem data validation.
ERROR in osqp_update_data_vec: Problem data validation.
ERROR in osqp_update_data_vec: Problem data validation.
ERROR in osqp_update_data_vec: Problem data validation.
ERROR in osqp_update_data_vec: Problem data validation.
ERROR in osqp_update_data_vec: Problem data validation.
ERROR in osqp_update_data_vec: Problem data validation.
ERROR in osqp_update_data_vec: Problem data validation.
ERROR in osqp_update_data_vec: Problem data validation.
ERROR in osqp_update_data_vec: Problem data validation.
ERROR in osqp_update_data_vec: Problem data validation.
ERROR in osqp_update_data_vec: Problem data validation.
ERROR in osqp_update_data_vec: Problem data validation.
ERROR in osqp_update_data_vec: Problem data validation.
ERROR in osqp_update_data_vec: Problem data validation.
ERROR in osqp_update_data_vec: Problem data validation.
ERROR in osqp_update_data_vec: Problem data validation.
ERROR in osqp_update_data_vec: Problem data validation.
ERROR in osqp_update_data_vec: Problem data validation.
ERROR in osqp_update_data_vec: Problem data validation.
ERROR in osqp_update_data_vec: Problem data validation.
ERROR in osqp_update_data_vec: Problem data validation.
ERROR in osqp_update_data_vec: Problem data validation.
ERROR in osqp_update_data_vec: Problem data validation.
ERROR in osqp_update_data_vec: Problem data validation.
ERROR in osqp_update_data_vec: Problem data validation.
ERROR in osqp_update_data_vec: Problem data validation.
ERROR in osqp_update_data_vec: Problem data validation.
ERROR in osqp_update_data_vec: Problem data validation.
ERROR in osqp_update_data_vec: Problem data validation.
ERROR in osqp_update_data_vec: Problem data validation.
ERROR in osqp_update_data_vec: Problem data validation.
ERROR in osqp_update_data_vec: Problem data validation.
ERROR in osqp_update_data_vec: Problem data validation.
ERROR in osqp_update_data_vec: Problem data validation.
ERROR in osqp_update_data_vec: Problem data validation.
ERROR in osqp_update_data_vec: Problem data validation.
ERROR in osqp_update_data_vec: Problem data validation.
ERROR in osqp_update_data_vec: Problem data validation.
ERROR in osqp_update_data_vec: Problem data validation.
ERROR in osqp_update_data_vec: Problem data validation.
ERROR in osqp_update_data_vec: Problem data validation.
ERROR in osqp_update_data_vec: Problem data validation.
ERROR in osqp_update_data_vec: Problem data validation.
ERROR in osqp_update_data_vec: Problem data validation.
ERROR in osqp_update_data_vec: Problem data validation.
ERROR in osqp_update_data_vec: Problem data validation.
ERROR in osqp_update_data_vec: Problem data validation.
ERROR in osqp_update_data_vec: Problem data validation.
ERROR in osqp_update_data_vec: Problem data validation.
ERROR in osqp_update_data_vec: Problem data validation.
ERROR in osqp_update_data_vec: Problem data validation.
ERROR in osqp_update_data_vec: Problem data validation.
ERROR in osqp_update_data_vec: Problem data validation.
ERROR in osqp_update_data_vec: Problem data validation.
ERROR in osqp_update_data_vec: Problem data validation.
ERROR in osqp_update_data_vec: Problem data validation.
ERROR in osqp_update_data_vec: Problem data validation.
ERROR in osqp_update_data_vec: Problem data validation.
ERROR in osqp_update_data_vec: Problem data validation.
ERROR in osqp_update_data_vec: Problem data validation.
ERROR in osqp_update_data_vec: Problem data validation.
ERROR in osqp_update_data_vec: Problem data validation.
ERROR in osqp_update_data_vec: Problem data validation.
ERROR in osqp_update_data_vec: Problem data validation.
ERROR in osqp_update_data_vec: Problem data validation.
ERROR in osqp_update_data_vec: Problem data validation.
ERROR in osqp_update_data_vec: Problem data validation.
ERROR in osqp_update_data_vec: Problem data validation.
ERROR in osqp_update_data_vec: Problem data validation.
ERROR in osqp_update_data_vec: Problem data validation.
ERROR in osqp_update_data_vec: Problem data validation.
ERROR in osqp_update_data_vec: Problem data validation.
ERROR in osqp_update_data_vec: Problem data validation.
ERROR in osqp_update_data_vec: Problem data validation.
ERROR in osqp_update_data_vec: Problem data validation.
ERROR in osqp_update_data_vec: Problem data validation.
ERROR in osqp_update_data_vec: Problem data validation.
ERROR in osqp_update_data_vec: Problem data validation.
ERROR in osqp_update_data_vec: Problem data validation.
ERROR in osqp_update_data_vec: Problem data validation.
ERROR in osqp_update_data_vec: Problem data validation.
ERROR in osqp_update_data_vec: Problem data validation.
ERROR in osqp_update_data_vec: Problem data validation.
ERROR in osqp_update_data_vec: Problem data validation.
ERROR in osqp_update_data_vec: Problem data validation.
ERROR in osqp_update_data_vec: Problem data validation.
ERROR in osqp_update_data_vec: Problem data validation.
ERROR in osqp_update_data_vec: Problem data validation.
ERROR in osqp_update_data_vec: Problem data validation.
ERROR in osqp_update_data_vec: Problem data validation.
ERROR in osqp_update_data_vec: Problem data validation.
ERROR in osqp_update_data_vec: Problem data validation.
ERROR in osqp_update_data_vec: Problem data validation.
ERROR in osqp_update_data_vec: Problem data validation.
ERROR in osqp_update_data_vec: Problem data validation.
Infeasible detected!!
Infeasible detected!!
ERROR in osqp_update_data_vec: Problem data validation.
ERROR in osqp_update_data_vec: Problem data validation.
ERROR in osqp_update_data_vec: Problem data validation.
ERROR in osqp_update_data_vec: Problem data validation.
ERROR in osqp_update_data_vec: Problem data validation.
ERROR in osqp_update_data_vec: Problem data validation.
ERROR in osqp_update_data_vec: Problem data validation.
ERROR in osqp_update_data_vec: Problem data validation.
ERROR in osqp_update_data_vec: Problem data validation.
ERROR in osqp_update_data_vec: Problem data validation.
ERROR in osqp_update_data_vec: Problem data validation.
ERROR in osqp_update_data_vec: Problem data validation.
ERROR in osqp_update_data_vec: Problem data validation.
ERROR in osqp_update_data_vec: Problem data validation.
ERROR in osqp_update_data_vec: Problem data validation.
ERROR in osqp_update_data_vec: Problem data validation.
ERROR in osqp_update_data_vec: Problem data validation.
ERROR in osqp_update_data_vec: Problem data validation.
[018/100] idx= 16 -> success    (raw=success, compute_ms=8.868478189877134, intv=0.24396806688175665)
[019/100] idx= 21 -> success    (raw=success, compute_ms=8.096019052562706, intv=0.1874901016925459)
[020/100] idx= 20 -> success    (raw=success, compute_ms=8.179257421550032, intv=0.2715638595779057)
[021/100] idx= 19 -> success    (raw=success, compute_ms=8.97551440779715, intv=0.32090641692614824)
[022/100] idx= 27 -> collision  (raw=collision, compute_ms=9.943395005443376, intv=0.6285237683921592)
[023/100] idx= 22 -> success    (raw=success, compute_ms=7.997831309661694, intv=0.25080302540377697)
[024/100] idx= 24 -> success    (raw=success, compute_ms=6.873468926881136, intv=0.1254864477310547)
[025/100] idx= 23 -> success    (raw=success, compute_ms=7.677493920859105, intv=0.3548221718723495)
[026/100] idx= 25 -> success    (raw=success, compute_ms=7.8336610883030735, intv=0.18603420291320635)
[027/100] idx= 26 -> success    (raw=success, compute_ms=8.65134725909961, intv=0.20662785975426992)
[028/100] idx= 29 -> success    (raw=success, compute_ms=7.094540013494914, intv=0.12716832135749023)
[029/100] idx= 28 -> success    (raw=success, compute_ms=8.300939625432434, intv=0.13125953439244378)
[030/100] idx= 33 -> collision  (raw=collision, compute_ms=10.287669571055094, intv=0.814340415539776)
ERROR in osqp_update_data_vec: Problem data validation.
ERROR in osqp_update_data_vec: Problem data validation.
ERROR in osqp_update_data_vec: Problem data validation.
ERROR in osqp_update_data_vec: Problem data validation.
ERROR in osqp_update_data_vec: Problem data validation.
ERROR in osqp_update_data_vec: Problem data validation.
ERROR in osqp_update_data_vec: Problem data validation.
ERROR in osqp_update_data_vec: Problem data validation.
ERROR in osqp_update_data_vec: Problem data validation.
ERROR in osqp_update_data_vec: Problem data validation.
ERROR in osqp_update_data_vec: Problem data validation.
ERROR in osqp_update_data_vec: Problem data validation.
ERROR in osqp_update_data_vec: Problem data validation.
Infeasible detected!!
ERROR in osqp_update_data_vec: Problem data validation.
ERROR in osqp_update_data_vec: Problem data validation.
ERROR in osqp_update_data_vec: Problem data validation.
ERROR in osqp_update_data_vec: Problem data validation.
ERROR in osqp_update_data_vec: Problem data validation.
ERROR in osqp_update_data_vec: Problem data validation.
ERROR in osqp_update_data_vec: Problem data validation.
ERROR in osqp_update_data_vec: Problem data validation.
ERROR in osqp_update_data_vec: Problem data validation.
ERROR in osqp_update_data_vec: Problem data validation.
ERROR in osqp_update_data_vec: Problem data validation.
ERROR in osqp_update_data_vec: Problem data validation.
ERROR in osqp_update_data_vec: Problem data validation.
ERROR in osqp_update_data_vec: Problem data validation.
ERROR in osqp_update_data_vec: Problem data validation.
ERROR in osqp_update_data_vec: Problem data validation.
ERROR in osqp_update_data_vec: Problem data validation.
ERROR in osqp_update_data_vec: Problem data validation.
ERROR in osqp_update_data_vec: Problem data validation.
ERROR in osqp_update_data_vec: Problem data validation.
ERROR in osqp_update_data_vec: Problem data validation.
ERROR in osqp_update_data_vec: Problem data validation.
ERROR in osqp_update_data_vec: Problem data validation.
ERROR in osqp_update_data_vec: Problem data validation.
ERROR in osqp_update_data_vec: Problem data validation.
ERROR in osqp_update_data_vec: Problem data validation.
ERROR in osqp_update_data_vec: Problem data validation.
ERROR in osqp_update_data_vec: Problem data validation.
ERROR in osqp_update_data_vec: Problem data validation.
ERROR in osqp_update_data_vec: Problem data validation.
ERROR in osqp_update_data_vec: Problem data validation.
ERROR in osqp_update_data_vec: Problem data validation.
ERROR in osqp_update_data_vec: Problem data validation.
ERROR in osqp_update_data_vec: Problem data validation.
ERROR in osqp_update_data_vec: Problem data validation.
ERROR in osqp_update_data_vec: Problem data validation.
ERROR in osqp_update_data_vec: Problem data validation.
ERROR in osqp_update_data_vec: Problem data validation.
ERROR in osqp_update_data_vec: Problem data validation.
ERROR in osqp_update_data_vec: Problem data validation.
ERROR in osqp_update_data_vec: Problem data validation.
ERROR in osqp_update_data_vec: Problem data validation.
ERROR in osqp_update_data_vec: Problem data validation.
ERROR in osqp_update_data_vec: Problem data validation.
ERROR in osqp_update_data_vec: Problem data validation.
ERROR in osqp_update_data_vec: Problem data validation.
ERROR in osqp_update_data_vec: Problem data validation.
ERROR in osqp_update_data_vec: Problem data validation.
ERROR in osqp_update_data_vec: Problem data validation.
ERROR in osqp_update_data_vec: Problem data validation.
ERROR in osqp_update_data_vec: Problem data validation.
ERROR in osqp_update_data_vec: Problem data validation.
ERROR in osqp_update_data_vec: Problem data validation.
ERROR in osqp_update_data_vec: Problem data validation.
ERROR in osqp_update_data_vec: Problem data validation.
ERROR in osqp_update_data_vec: Problem data validation.
ERROR in osqp_update_data_vec: Problem data validation.
ERROR in osqp_update_data_vec: Problem data validation.
ERROR in osqp_update_data_vec: Problem data validation.
ERROR in osqp_update_data_vec: Problem data validation.
ERROR in osqp_update_data_vec: Problem data validation.
ERROR in osqp_update_data_vec: Problem data validation.
ERROR in osqp_update_data_vec: Problem data validation.
ERROR in osqp_update_data_vec: Problem data validation.
ERROR in osqp_update_data_vec: Problem data validation.
ERROR in osqp_update_data_vec: Problem data validation.
ERROR in osqp_update_data_vec: Problem data validation.
ERROR in osqp_update_data_vec: Problem data validation.
ERROR in osqp_update_data_vec: Problem data validation.
ERROR in osqp_update_data_vec: Problem data validation.
Infeasible detected!!
ERROR in osqp_update_data_vec: Problem data validation.
ERROR in osqp_update_data_vec: Problem data validation.
ERROR in osqp_update_data_vec: Problem data validation.
ERROR in osqp_update_data_vec: Problem data validation.
ERROR in osqp_update_data_vec: Problem data validation.
ERROR in osqp_update_data_vec: Problem data validation.
ERROR in osqp_update_data_vec: Problem data validation.
ERROR in osqp_update_data_vec: Problem data validation.
ERROR in osqp_update_data_vec: Problem data validation.
ERROR in osqp_update_data_vec: Problem data validation.
ERROR in osqp_update_data_vec: Problem data validation.
ERROR in osqp_update_data_vec: Problem data validation.
ERROR in osqp_update_data_vec: Problem data validation.
ERROR in osqp_update_data_vec: Problem data validation.
ERROR in osqp_update_data_vec: Problem data validation.
ERROR in osqp_update_data_vec: Problem data validation.
ERROR in osqp_update_data_vec: Problem data validation.
ERROR in osqp_update_data_vec: Problem data validation.
ERROR in osqp_update_data_vec: Problem data validation.
ERROR in osqp_update_data_vec: Problem data validation.
ERROR in osqp_update_data_vec: Problem data validation.
ERROR in osqp_update_data_vec: Problem data validation.
ERROR in osqp_update_data_vec: Problem data validation.
ERROR in osqp_update_data_vec: Problem data validation.
ERROR in osqp_update_data_vec: Problem data validation.
ERROR in osqp_update_data_vec: Problem data validation.
ERROR in osqp_update_data_vec: Problem data validation.
ERROR in osqp_update_data_vec: Problem data validation.
ERROR in osqp_update_data_vec: Problem data validation.
ERROR in osqp_update_data_vec: Problem data validation.
ERROR in osqp_update_data_vec: Problem data validation.
ERROR in osqp_update_data_vec: Problem data validation.
ERROR in osqp_update_data_vec: Problem data validation.
ERROR in osqp_update_data_vec: Problem data validation.
ERROR in osqp_update_data_vec: Problem data validation.
ERROR in osqp_update_data_vec: Problem data validation.
ERROR in osqp_update_data_vec: Problem data validation.
ERROR in osqp_update_data_vec: Problem data validation.
ERROR in osqp_update_data_vec: Problem data validation.
ERROR in osqp_update_data_vec: Problem data validation.
ERROR in osqp_update_data_vec: Problem data validation.
ERROR in osqp_update_data_vec: Problem data validation.
ERROR in osqp_update_data_vec: Problem data validation.
ERROR in osqp_update_data_vec: Problem data validation.
ERROR in osqp_update_data_vec: Problem data validation.
ERROR in osqp_update_data_vec: Problem data validation.
ERROR in osqp_update_data_vec: Problem data validation.
ERROR in osqp_update_data_vec: Problem data validation.
ERROR in osqp_update_data_vec: Problem data validation.
ERROR in osqp_update_data_vec: Problem data validation.
ERROR in osqp_update_data_vec: Problem data validation.
ERROR in osqp_update_data_vec: Problem data validation.
ERROR in osqp_update_data_vec: Problem data validation.
ERROR in osqp_update_data_vec: Problem data validation.
ERROR in osqp_update_data_vec: Problem data validation.
ERROR in osqp_update_data_vec: Problem data validation.
ERROR in osqp_update_data_vec: Problem data validation.
ERROR in osqp_update_data_vec: Problem data validation.
ERROR in osqp_update_data_vec: Problem data validation.
ERROR in osqp_update_data_vec: Problem data validation.
ERROR in osqp_update_data_vec: Problem data validation.
ERROR in osqp_update_data_vec: Problem data validation.
ERROR in osqp_update_data_vec: Problem data validation.
ERROR in osqp_update_data_vec: Problem data validation.
ERROR in osqp_update_data_vec: Problem data validation.
ERROR in osqp_update_data_vec: Problem data validation.
Infeasible detected!!
ERROR in osqp_update_data_vec: Problem data validation.
ERROR in osqp_update_data_vec: Problem data validation.
ERROR in osqp_update_data_vec: Problem data validation.
ERROR in osqp_update_data_vec: Problem data validation.
ERROR in osqp_update_data_vec: Problem data validation.
ERROR in osqp_update_data_vec: Problem data validation.
ERROR in osqp_update_data_vec: Problem data validation.
ERROR in osqp_update_data_vec: Problem data validation.
ERROR in osqp_update_data_vec: Problem data validation.
ERROR in osqp_update_data_vec: Problem data validation.
ERROR in osqp_update_data_vec: Problem data validation.
ERROR in osqp_update_data_vec: Problem data validation.
ERROR in osqp_update_data_vec: Problem data validation.
ERROR in osqp_update_data_vec: Problem data validation.
ERROR in osqp_update_data_vec: Problem data validation.
ERROR in osqp_update_data_vec: Problem data validation.
ERROR in osqp_update_data_vec: Problem data validation.
ERROR in osqp_update_data_vec: Problem data validation.
ERROR in osqp_update_data_vec: Problem data validation.
ERROR in osqp_update_data_vec: Problem data validation.
ERROR in osqp_update_data_vec: Problem data validation.
ERROR in osqp_update_data_vec: Problem data validation.
ERROR in osqp_update_data_vec: Problem data validation.
ERROR in osqp_update_data_vec: Problem data validation.
ERROR in osqp_update_data_vec: Problem data validation.
ERROR in osqp_update_data_vec: Problem data validation.
ERROR in osqp_update_data_vec: Problem data validation.
ERROR in osqp_update_data_vec: Problem data validation.
ERROR in osqp_update_data_vec: Problem data validation.
ERROR in osqp_update_data_vec: Problem data validation.
ERROR in osqp_update_data_vec: Problem data validation.
ERROR in osqp_update_data_vec: Problem data validation.
ERROR in osqp_update_data_vec: Problem data validation.
ERROR in osqp_update_data_vec: Problem data validation.
ERROR in osqp_update_data_vec: Problem data validation.
ERROR in osqp_update_data_vec: Problem data validation.
ERROR in osqp_update_data_vec: Problem data validation.
ERROR in osqp_update_data_vec: Problem data validation.
ERROR in osqp_update_data_vec: Problem data validation.
ERROR in osqp_update_data_vec: Problem data validation.
ERROR in osqp_update_data_vec: Problem data validation.
ERROR in osqp_update_data_vec: Problem data validation.
ERROR in osqp_update_data_vec: Problem data validation.
ERROR in osqp_update_data_vec: Problem data validation.
ERROR in osqp_update_data_vec: Problem data validation.
ERROR in osqp_update_data_vec: Problem data validation.
ERROR in osqp_update_data_vec: Problem data validation.
ERROR in osqp_update_data_vec: Problem data validation.
ERROR in osqp_update_data_vec: Problem data validation.
ERROR in osqp_update_data_vec: Problem data validation.
ERROR in osqp_update_data_vec: Problem data validation.
ERROR in osqp_update_data_vec: Problem data validation.
ERROR in osqp_update_data_vec: Problem data validation.
ERROR in osqp_update_data_vec: Problem data validation.
ERROR in osqp_update_data_vec: Problem data validation.
ERROR in osqp_update_data_vec: Problem data validation.
ERROR in osqp_update_data_vec: Problem data validation.
ERROR in osqp_update_data_vec: Problem data validation.
ERROR in osqp_update_data_vec: Problem data validation.
ERROR in osqp_update_data_vec: Problem data validation.
ERROR in osqp_update_data_vec: Problem data validation.
ERROR in osqp_update_data_vec: Problem data validation.
ERROR in osqp_update_data_vec: Problem data validation.
ERROR in osqp_update_data_vec: Problem data validation.
ERROR in osqp_update_data_vec: Problem data validation.
ERROR in osqp_update_data_vec: Problem data validation.
ERROR in osqp_update_data_vec: Problem data validation.
ERROR in osqp_update_data_vec: Problem data validation.
ERROR in osqp_update_data_vec: Problem data validation.
ERROR in osqp_update_data_vec: Problem data validation.
ERROR in osqp_update_data_vec: Problem data validation.
ERROR in osqp_update_data_vec: Problem data validation.
ERROR in osqp_update_data_vec: Problem data validation.
ERROR in osqp_update_data_vec: Problem data validation.
ERROR in osqp_update_data_vec: Problem data validation.
ERROR in osqp_update_data_vec: Problem data validation.
ERROR in osqp_update_data_vec: Problem data validation.
ERROR in osqp_update_data_vec: Problem data validation.
ERROR in osqp_update_data_vec: Problem data validation.
ERROR in osqp_update_data_vec: Problem data validation.
ERROR in osqp_update_data_vec: Problem data validation.
ERROR in osqp_update_data_vec: Problem data validation.
ERROR in osqp_update_data_vec: Problem data validation.
ERROR in osqp_update_data_vec: Problem data validation.
ERROR in osqp_update_data_vec: Problem data validation.
ERROR in osqp_update_data_vec: Problem data validation.
ERROR in osqp_update_data_vec: Problem data validation.
ERROR in osqp_update_data_vec: Problem data validation.
ERROR in osqp_update_data_vec: Problem data validation.
ERROR in osqp_update_data_vec: Problem data validation.
ERROR in osqp_update_data_vec: Problem data validation.
ERROR in osqp_update_data_vec: Problem data validation.
ERROR in osqp_update_data_vec: Problem data validation.
ERROR in osqp_update_data_vec: Problem data validation.
ERROR in osqp_update_data_vec: Problem data validation.
ERROR in osqp_update_data_vec: Problem data validation.
ERROR in osqp_update_data_vec: Problem data validation.
ERROR in osqp_update_data_vec: Problem data validation.
ERROR in osqp_update_data_vec: Problem data validation.
ERROR in osqp_update_data_vec: Problem data validation.
ERROR in osqp_update_data_vec: Problem data validation.
ERROR in osqp_update_data_vec: Problem data validation.
ERROR in osqp_update_data_vec: Problem data validation.
ERROR in osqp_update_data_vec: Problem data validation.
ERROR in osqp_update_data_vec: Problem data validation.
ERROR in osqp_update_data_vec: Problem data validation.
ERROR in osqp_update_data_vec: Problem data validation.
ERROR in osqp_update_data_vec: Problem data validation.
ERROR in osqp_update_data_vec: Problem data validation.
ERROR in osqp_update_data_vec: Problem data validation.
ERROR in osqp_update_data_vec: Problem data validation.
ERROR in osqp_update_data_vec: Problem data validation.
ERROR in osqp_update_data_vec: Problem data validation.
ERROR in osqp_update_data_vec: Problem data validation.
ERROR in osqp_update_data_vec: Problem data validation.
ERROR in osqp_update_data_vec: Problem data validation.
ERROR in osqp_update_data_vec: Problem data validation.
ERROR in osqp_update_data_vec: Problem data validation.
ERROR in osqp_update_data_vec: Problem data validation.
ERROR in osqp_update_data_vec: Problem data validation.
ERROR in osqp_update_data_vec: Problem data validation.
ERROR in osqp_update_data_vec: Problem data validation.
ERROR in osqp_update_data_vec: Problem data validation.
ERROR in osqp_update_data_vec: Problem data validation.
ERROR in osqp_update_data_vec: Problem data validation.
ERROR in osqp_update_data_vec: Problem data validation.
ERROR in osqp_update_data_vec: Problem data validation.
ERROR in osqp_update_data_vec: Problem data validation.
ERROR in osqp_update_data_vec: Problem data validation.
ERROR in osqp_update_data_vec: Problem data validation.
ERROR in osqp_update_data_vec: Problem data validation.
ERROR in osqp_update_data_vec: Problem data validation.
ERROR in osqp_update_data_vec: Problem data validation.
ERROR in osqp_update_data_vec: Problem data validation.
ERROR in osqp_update_data_vec: Problem data validation.
ERROR in osqp_update_data_vec: Problem data validation.
ERROR in osqp_update_data_vec: Problem data validation.
ERROR in osqp_update_data_vec: Problem data validation.
ERROR in osqp_update_data_vec: Problem data validation.
ERROR in osqp_update_data_vec: Problem data validation.
ERROR in osqp_update_data_vec: Problem data validation.
[031/100] idx= 31 -> success    (raw=success, compute_ms=7.640478377604274, intv=0.16838829396264515)
Infeasible detected!!
ERROR in osqp_update_data_vec: Problem data validation.
ERROR in osqp_update_data_vec: Problem data validation.
ERROR in osqp_update_data_vec: Problem data validation.
ERROR in osqp_update_data_vec: Problem data validation.
ERROR in osqp_update_data_vec: Problem data validation.
ERROR in osqp_update_data_vec: Problem data validation.
ERROR in osqp_update_data_vec: Problem data validation.
ERROR in osqp_update_data_vec: Problem data validation.
ERROR in osqp_update_data_vec: Problem data validation.
ERROR in osqp_update_data_vec: Problem data validation.
ERROR in osqp_update_data_vec: Problem data validation.
ERROR in osqp_update_data_vec: Problem data validation.
ERROR in osqp_update_data_vec: Problem data validation.
ERROR in osqp_update_data_vec: Problem data validation.
ERROR in osqp_update_data_vec: Problem data validation.
ERROR in osqp_update_data_vec: Problem data validation.
ERROR in osqp_update_data_vec: Problem data validation.
ERROR in osqp_update_data_vec: Problem data validation.
ERROR in osqp_update_data_vec: Problem data validation.
Infeasible detected!!
ERROR in osqp_update_data_vec: Problem data validation.
ERROR in osqp_update_data_vec: Problem data validation.
ERROR in osqp_update_data_vec: Problem data validation.
ERROR in osqp_update_data_vec: Problem data validation.
ERROR in osqp_update_data_vec: Problem data validation.
ERROR in osqp_update_data_vec: Problem data validation.
ERROR in osqp_update_data_vec: Problem data validation.
ERROR in osqp_update_data_vec: Problem data validation.
ERROR in osqp_update_data_vec: Problem data validation.
ERROR in osqp_update_data_vec: Problem data validation.
ERROR in osqp_update_data_vec: Problem data validation.
ERROR in osqp_update_data_vec: Problem data validation.
ERROR in osqp_update_data_vec: Problem data validation.
ERROR in osqp_update_data_vec: Problem data validation.
ERROR in osqp_update_data_vec: Problem data validation.
ERROR in osqp_update_data_vec: Problem data validation.
ERROR in osqp_update_data_vec: Problem data validation.
ERROR in osqp_update_data_vec: Problem data validation.
ERROR in osqp_update_data_vec: Problem data validation.
ERROR in osqp_update_data_vec: Problem data validation.
ERROR in osqp_update_data_vec: Problem data validation.
ERROR in osqp_update_data_vec: Problem data validation.
ERROR in osqp_update_data_vec: Problem data validation.
ERROR in osqp_update_data_vec: Problem data validation.
ERROR in osqp_update_data_vec: Problem data validation.
ERROR in osqp_update_data_vec: Problem data validation.
ERROR in osqp_update_data_vec: Problem data validation.
ERROR in osqp_update_data_vec: Problem data validation.
ERROR in osqp_update_data_vec: Problem data validation.
ERROR in osqp_update_data_vec: Problem data validation.
ERROR in osqp_update_data_vec: Problem data validation.
ERROR in osqp_update_data_vec: Problem data validation.
ERROR in osqp_update_data_vec: Problem data validation.
ERROR in osqp_update_data_vec: Problem data validation.
ERROR in osqp_update_data_vec: Problem data validation.
ERROR in osqp_update_data_vec: Problem data validation.
ERROR in osqp_update_data_vec: Problem data validation.
ERROR in osqp_update_data_vec: Problem data validation.
ERROR in osqp_update_data_vec: Problem data validation.
ERROR in osqp_update_data_vec: Problem data validation.
ERROR in osqp_update_data_vec: Problem data validation.
ERROR in osqp_update_data_vec: Problem data validation.
ERROR in osqp_update_data_vec: Problem data validation.
ERROR in osqp_update_data_vec: Problem data validation.
ERROR in osqp_update_data_vec: Problem data validation.
ERROR in osqp_update_data_vec: Problem data validation.
ERROR in osqp_update_data_vec: Problem data validation.
ERROR in osqp_update_data_vec: Problem data validation.
ERROR in osqp_update_data_vec: Problem data validation.
ERROR in osqp_update_data_vec: Problem data validation.
ERROR in osqp_update_data_vec: Problem data validation.
ERROR in osqp_update_data_vec: Problem data validation.
ERROR in osqp_update_data_vec: Problem data validation.
ERROR in osqp_update_data_vec: Problem data validation.
ERROR in osqp_update_data_vec: Problem data validation.
ERROR in osqp_update_data_vec: Problem data validation.
ERROR in osqp_update_data_vec: Problem data validation.
ERROR in osqp_update_data_vec: Problem data validation.
ERROR in osqp_update_data_vec: Problem data validation.
ERROR in osqp_update_data_vec: Problem data validation.
ERROR in osqp_update_data_vec: Problem data validation.
ERROR in osqp_update_data_vec: Problem data validation.
ERROR in osqp_update_data_vec: Problem data validation.
ERROR in osqp_update_data_vec: Problem data validation.
ERROR in osqp_update_data_vec: Problem data validation.
ERROR in osqp_update_data_vec: Problem data validation.
ERROR in osqp_update_data_vec: Problem data validation.
ERROR in osqp_update_data_vec: Problem data validation.
ERROR in osqp_update_data_vec: Problem data validation.
ERROR in osqp_update_data_vec: Problem data validation.
ERROR in osqp_update_data_vec: Problem data validation.
ERROR in osqp_update_data_vec: Problem data validation.
ERROR in osqp_update_data_vec: Problem data validation.
ERROR in osqp_update_data_vec: Problem data validation.
ERROR in osqp_update_data_vec: Problem data validation.
ERROR in osqp_update_data_vec: Problem data validation.
ERROR in osqp_update_data_vec: Problem data validation.
ERROR in osqp_update_data_vec: Problem data validation.
ERROR in osqp_update_data_vec: Problem data validation.
ERROR in osqp_update_data_vec: Problem data validation.
ERROR in osqp_update_data_vec: Problem data validation.
ERROR in osqp_update_data_vec: Problem data validation.
ERROR in osqp_update_data_vec: Problem data validation.
ERROR in osqp_update_data_vec: Problem data validation.
ERROR in osqp_update_data_vec: Problem data validation.
ERROR in osqp_update_data_vec: Problem data validation.
ERROR in osqp_update_data_vec: Problem data validation.
ERROR in osqp_update_data_vec: Problem data validation.
ERROR in osqp_update_data_vec: Problem data validation.
ERROR in osqp_update_data_vec: Problem data validation.
ERROR in osqp_update_data_vec: Problem data validation.
ERROR in osqp_update_data_vec: Problem data validation.
ERROR in osqp_update_data_vec: Problem data validation.
ERROR in osqp_update_data_vec: Problem data validation.
ERROR in osqp_update_data_vec: Problem data validation.
ERROR in osqp_update_data_vec: Problem data validation.
ERROR in osqp_update_data_vec: Problem data validation.
ERROR in osqp_update_data_vec: Problem data validation.
ERROR in osqp_update_data_vec: Problem data validation.
ERROR in osqp_update_data_vec: Problem data validation.
ERROR in osqp_update_data_vec: Problem data validation.
ERROR in osqp_update_data_vec: Problem data validation.
ERROR in osqp_update_data_vec: Problem data validation.
ERROR in osqp_update_data_vec: Problem data validation.
ERROR in osqp_update_data_vec: Problem data validation.
ERROR in osqp_update_data_vec: Problem data validation.
ERROR in osqp_update_data_vec: Problem data validation.
ERROR in osqp_update_data_vec: Problem data validation.
ERROR in osqp_update_data_vec: Problem data validation.
ERROR in osqp_update_data_vec: Problem data validation.
ERROR in osqp_update_data_vec: Problem data validation.
ERROR in osqp_update_data_vec: Problem data validation.
ERROR in osqp_update_data_vec: Problem data validation.
ERROR in osqp_update_data_vec: Problem data validation.
ERROR in osqp_update_data_vec: Problem data validation.
ERROR in osqp_update_data_vec: Problem data validation.
ERROR in osqp_update_data_vec: Problem data validation.
ERROR in osqp_update_data_vec: Problem data validation.
ERROR in osqp_update_data_vec: Problem data validation.
ERROR in osqp_update_data_vec: Problem data validation.
ERROR in osqp_update_data_vec: Problem data validation.
ERROR in osqp_update_data_vec: Problem data validation.
ERROR in osqp_update_data_vec: Problem data validation.
ERROR in osqp_update_data_vec: Problem data validation.
ERROR in osqp_update_data_vec: Problem data validation.
ERROR in osqp_update_data_vec: Problem data validation.
[032/100] idx= 30 -> success    (raw=success, compute_ms=8.42756522434779, intv=0.3393233452692368)
[033/100] idx= 32 -> success    (raw=success, compute_ms=7.699914267976527, intv=0.23478282625293648)
ERROR in osqp_update_data_vec: Problem data validation.
ERROR in osqp_update_data_vec: Problem data validation.
ERROR in osqp_update_data_vec: Problem data validation.
ERROR in osqp_update_data_vec: Problem data validation.
ERROR in osqp_update_data_vec: Problem data validation.
ERROR in osqp_update_data_vec: Problem data validation.
ERROR in osqp_update_data_vec: Problem data validation.
ERROR in osqp_update_data_vec: Problem data validation.
ERROR in osqp_update_data_vec: Problem data validation.
ERROR in osqp_update_data_vec: Problem data validation.
ERROR in osqp_update_data_vec: Problem data validation.
ERROR in osqp_update_data_vec: Problem data validation.
ERROR in osqp_update_data_vec: Problem data validation.
ERROR in osqp_update_data_vec: Problem data validation.
ERROR in osqp_update_data_vec: Problem data validation.
ERROR in osqp_update_data_vec: Problem data validation.
ERROR in osqp_update_data_vec: Problem data validation.
ERROR in osqp_update_data_vec: Problem data validation.
ERROR in osqp_update_data_vec: Problem data validation.
ERROR in osqp_update_data_vec: Problem data validation.
ERROR in osqp_update_data_vec: Problem data validation.
ERROR in osqp_update_data_vec: Problem data validation.
ERROR in osqp_update_data_vec: Problem data validation.
ERROR in osqp_update_data_vec: Problem data validation.
ERROR in osqp_update_data_vec: Problem data validation.
ERROR in osqp_update_data_vec: Problem data validation.
ERROR in osqp_update_data_vec: Problem data validation.
ERROR in osqp_update_data_vec: Problem data validation.
ERROR in osqp_update_data_vec: Problem data validation.
ERROR in osqp_update_data_vec: Problem data validation.
ERROR in osqp_update_data_vec: Problem data validation.
ERROR in osqp_update_data_vec: Problem data validation.
ERROR in osqp_update_data_vec: Problem data validation.
ERROR in osqp_update_data_vec: Problem data validation.
ERROR in osqp_update_data_vec: Problem data validation.
ERROR in osqp_update_data_vec: Problem data validation.
ERROR in osqp_update_data_vec: Problem data validation.
ERROR in osqp_update_data_vec: Problem data validation.
ERROR in osqp_update_data_vec: Problem data validation.
ERROR in osqp_update_data_vec: Problem data validation.
ERROR in osqp_update_data_vec: Problem data validation.
ERROR in osqp_update_data_vec: Problem data validation.
ERROR in osqp_update_data_vec: Problem data validation.
ERROR in osqp_update_data_vec: Problem data validation.
ERROR in osqp_update_data_vec: Problem data validation.
ERROR in osqp_update_data_vec: Problem data validation.
ERROR in osqp_update_data_vec: Problem data validation.
ERROR in osqp_update_data_vec: Problem data validation.
ERROR in osqp_update_data_vec: Problem data validation.
ERROR in osqp_update_data_vec: Problem data validation.
ERROR in osqp_update_data_vec: Problem data validation.
ERROR in osqp_update_data_vec: Problem data validation.
ERROR in osqp_update_data_vec: Problem data validation.
ERROR in osqp_update_data_vec: Problem data validation.
ERROR in osqp_update_data_vec: Problem data validation.
ERROR in osqp_update_data_vec: Problem data validation.
ERROR in osqp_update_data_vec: Problem data validation.
ERROR in osqp_update_data_vec: Problem data validation.
ERROR in osqp_update_data_vec: Problem data validation.
ERROR in osqp_update_data_vec: Problem data validation.
ERROR in osqp_update_data_vec: Problem data validation.
ERROR in osqp_update_data_vec: Problem data validation.
ERROR in osqp_update_data_vec: Problem data validation.
ERROR in osqp_update_data_vec: Problem data validation.
ERROR in osqp_update_data_vec: Problem data validation.
ERROR in osqp_update_data_vec: Problem data validation.
ERROR in osqp_update_data_vec: Problem data validation.
ERROR in osqp_update_data_vec: Problem data validation.
ERROR in osqp_update_data_vec: Problem data validation.
ERROR in osqp_update_data_vec: Problem data validation.
ERROR in osqp_update_data_vec: Problem data validation.
ERROR in osqp_update_data_vec: Problem data validation.
ERROR in osqp_update_data_vec: Problem data validation.
ERROR in osqp_update_data_vec: Problem data validation.
ERROR in osqp_update_data_vec: Problem data validation.
ERROR in osqp_update_data_vec: Problem data validation.
ERROR in osqp_update_data_vec: Problem data validation.
ERROR in osqp_update_data_vec: Problem data validation.
ERROR in osqp_update_data_vec: Problem data validation.
ERROR in osqp_update_data_vec: Problem data validation.
ERROR in osqp_update_data_vec: Problem data validation.
ERROR in osqp_update_data_vec: Problem data validation.
ERROR in osqp_update_data_vec: Problem data validation.
ERROR in osqp_update_data_vec: Problem data validation.
ERROR in osqp_update_data_vec: Problem data validation.
ERROR in osqp_update_data_vec: Problem data validation.
ERROR in osqp_update_data_vec: Problem data validation.
ERROR in osqp_update_data_vec: Problem data validation.
ERROR in osqp_update_data_vec: Problem data validation.
ERROR in osqp_update_data_vec: Problem data validation.
ERROR in osqp_update_data_vec: Problem data validation.
ERROR in osqp_update_data_vec: Problem data validation.
ERROR in osqp_update_data_vec: Problem data validation.
ERROR in osqp_update_data_vec: Problem data validation.
ERROR in osqp_update_data_vec: Problem data validation.
ERROR in osqp_update_data_vec: Problem data validation.
ERROR in osqp_update_data_vec: Problem data validation.
ERROR in osqp_update_data_vec: Problem data validation.
ERROR in osqp_update_data_vec: Problem data validation.
ERROR in osqp_update_data_vec: Problem data validation.
ERROR in osqp_update_data_vec: Problem data validation.
ERROR in osqp_update_data_vec: Problem data validation.
ERROR in osqp_update_data_vec: Problem data validation.
ERROR in osqp_update_data_vec: Problem data validation.
ERROR in osqp_update_data_vec: Problem data validation.
ERROR in osqp_update_data_vec: Problem data validation.
ERROR in osqp_update_data_vec: Problem data validation.
ERROR in osqp_update_data_vec: Problem data validation.
ERROR in osqp_update_data_vec: Problem data validation.
ERROR in osqp_update_data_vec: Problem data validation.
ERROR in osqp_update_data_vec: Problem data validation.
ERROR in osqp_update_data_vec: Problem data validation.
ERROR in osqp_update_data_vec: Problem data validation.
ERROR in osqp_update_data_vec: Problem data validation.
ERROR in osqp_update_data_vec: Problem data validation.
ERROR in osqp_update_data_vec: Problem data validation.
ERROR in osqp_update_data_vec: Problem data validation.
ERROR in osqp_update_data_vec: Problem data validation.
ERROR in osqp_update_data_vec: Problem data validation.
ERROR in osqp_update_data_vec: Problem data validation.
ERROR in osqp_update_data_vec: Problem data validation.
ERROR in osqp_update_data_vec: Problem data validation.
ERROR in osqp_update_data_vec: Problem data validation.
ERROR in osqp_update_data_vec: Problem data validation.
ERROR in osqp_update_data_vec: Problem data validation.
ERROR in osqp_update_data_vec: Problem data validation.
ERROR in osqp_update_data_vec: Problem data validation.
ERROR in osqp_update_data_vec: Problem data validation.
ERROR in osqp_update_data_vec: Problem data validation.
ERROR in osqp_update_data_vec: Problem data validation.
ERROR in osqp_update_data_vec: Problem data validation.
ERROR in osqp_update_data_vec: Problem data validation.
ERROR in osqp_update_data_vec: Problem data validation.
ERROR in osqp_update_data_vec: Problem data validation.
ERROR in osqp_update_data_vec: Problem data validation.
ERROR in osqp_update_data_vec: Problem data validation.
ERROR in osqp_update_data_vec: Problem data validation.
ERROR in osqp_update_data_vec: Problem data validation.
ERROR in osqp_update_data_vec: Problem data validation.
ERROR in osqp_update_data_vec: Problem data validation.
ERROR in osqp_update_data_vec: Problem data validation.
ERROR in osqp_update_data_vec: Problem data validation.
ERROR in osqp_update_data_vec: Problem data validation.
ERROR in osqp_update_data_vec: Problem data validation.
ERROR in osqp_update_data_vec: Problem data validation.
ERROR in osqp_update_data_vec: Problem data validation.
[034/100] idx= 36 -> success    (raw=success, compute_ms=7.071638257608046, intv=0.14032842074130647)
[035/100] idx= 35 -> infeasible (raw=infeasible, compute_ms=9.947379990213488, intv=0.3950099084638353)
ERROR in osqp_update_data_vec: Problem data validation.
ERROR in osqp_update_data_vec: Problem data validation.
ERROR in osqp_update_data_vec: Problem data validation.
ERROR in osqp_update_data_vec: Problem data validation.
ERROR in osqp_update_data_vec: Problem data validation.
ERROR in osqp_update_data_vec: Problem data validation.
ERROR in osqp_update_data_vec: Problem data validation.
ERROR in osqp_update_data_vec: Problem data validation.
ERROR in osqp_update_data_vec: Problem data validation.
ERROR in osqp_update_data_vec: Problem data validation.
ERROR in osqp_update_data_vec: Problem data validation.
ERROR in osqp_update_data_vec: Problem data validation.
ERROR in osqp_update_data_vec: Problem data validation.
ERROR in osqp_update_data_vec: Problem data validation.
ERROR in osqp_update_data_vec: Problem data validation.
ERROR in osqp_update_data_vec: Problem data validation.
ERROR in osqp_update_data_vec: Problem data validation.
ERROR in osqp_update_data_vec: Problem data validation.
ERROR in osqp_update_data_vec: Problem data validation.
ERROR in osqp_update_data_vec: Problem data validation.
ERROR in osqp_update_data_vec: Problem data validation.
ERROR in osqp_update_data_vec: Problem data validation.
ERROR in osqp_update_data_vec: Problem data validation.
ERROR in osqp_update_data_vec: Problem data validation.
ERROR in osqp_update_data_vec: Problem data validation.
ERROR in osqp_update_data_vec: Problem data validation.
ERROR in osqp_update_data_vec: Problem data validation.
ERROR in osqp_update_data_vec: Problem data validation.
ERROR in osqp_update_data_vec: Problem data validation.
ERROR in osqp_update_data_vec: Problem data validation.
ERROR in osqp_update_data_vec: Problem data validation.
ERROR in osqp_update_data_vec: Problem data validation.
ERROR in osqp_update_data_vec: Problem data validation.
ERROR in osqp_update_data_vec: Problem data validation.
ERROR in osqp_update_data_vec: Problem data validation.
ERROR in osqp_update_data_vec: Problem data validation.
ERROR in osqp_update_data_vec: Problem data validation.
ERROR in osqp_update_data_vec: Problem data validation.
ERROR in osqp_update_data_vec: Problem data validation.
ERROR in osqp_update_data_vec: Problem data validation.
ERROR in osqp_update_data_vec: Problem data validation.
ERROR in osqp_update_data_vec: Problem data validation.
ERROR in osqp_update_data_vec: Problem data validation.
ERROR in osqp_update_data_vec: Problem data validation.
ERROR in osqp_update_data_vec: Problem data validation.
ERROR in osqp_update_data_vec: Problem data validation.
ERROR in osqp_update_data_vec: Problem data validation.
ERROR in osqp_update_data_vec: Problem data validation.
ERROR in osqp_update_data_vec: Problem data validation.
ERROR in osqp_update_data_vec: Problem data validation.
ERROR in osqp_update_data_vec: Problem data validation.
ERROR in osqp_update_data_vec: Problem data validation.
ERROR in osqp_update_data_vec: Problem data validation.
ERROR in osqp_update_data_vec: Problem data validation.
ERROR in osqp_update_data_vec: Problem data validation.
ERROR in osqp_update_data_vec: Problem data validation.
ERROR in osqp_update_data_vec: Problem data validation.
ERROR in osqp_update_data_vec: Problem data validation.
ERROR in osqp_update_data_vec: Problem data validation.
ERROR in osqp_update_data_vec: Problem data validation.
ERROR in osqp_update_data_vec: Problem data validation.
ERROR in osqp_update_data_vec: Problem data validation.
ERROR in osqp_update_data_vec: Problem data validation.
ERROR in osqp_update_data_vec: Problem data validation.
ERROR in osqp_update_data_vec: Problem data validation.
ERROR in osqp_update_data_vec: Problem data validation.
ERROR in osqp_update_data_vec: Problem data validation.
ERROR in osqp_update_data_vec: Problem data validation.
ERROR in osqp_update_data_vec: Problem data validation.
ERROR in osqp_update_data_vec: Problem data validation.
ERROR in osqp_update_data_vec: Problem data validation.
ERROR in osqp_update_data_vec: Problem data validation.
ERROR in osqp_update_data_vec: Problem data validation.
ERROR in osqp_update_data_vec: Problem data validation.
ERROR in osqp_update_data_vec: Problem data validation.
ERROR in osqp_update_data_vec: Problem data validation.
ERROR in osqp_update_data_vec: Problem data validation.
ERROR in osqp_update_data_vec: Problem data validation.
ERROR in osqp_update_data_vec: Problem data validation.
ERROR in osqp_update_data_vec: Problem data validation.
ERROR in osqp_update_data_vec: Problem data validation.
ERROR in osqp_update_data_vec: Problem data validation.
Collision with known obstacle detected! Obs: [ 3.84420075 13.00092073  0.32662525  0.52025132 -0.46653348 -2.
 32.          1.        ], Robot: [ 4.405264   13.11654233] 0.25, Distance: 0.5728527980968116, True
Collision detected !!
ERROR in osqp_update_data_vec: Problem data validation.
ERROR in osqp_update_data_vec: Problem data validation.
ERROR in osqp_update_data_vec: Problem data validation.
ERROR in osqp_update_data_vec: Problem data validation.
ERROR in osqp_update_data_vec: Problem data validation.
ERROR in osqp_update_data_vec: Problem data validation.
ERROR in osqp_update_data_vec: Problem data validation.
ERROR in osqp_update_data_vec: Problem data validation.
ERROR in osqp_update_data_vec: Problem data validation.
ERROR in osqp_update_data_vec: Problem data validation.
ERROR in osqp_update_data_vec: Problem data validation.
ERROR in osqp_update_data_vec: Problem data validation.
ERROR in osqp_update_data_vec: Problem data validation.
ERROR in osqp_update_data_vec: Problem data validation.
ERROR in osqp_update_data_vec: Problem data validation.
ERROR in osqp_update_data_vec: Problem data validation.
ERROR in osqp_update_data_vec: Problem data validation.
ERROR in osqp_update_data_vec: Problem data validation.
ERROR in osqp_update_data_vec: Problem data validation.
ERROR in osqp_update_data_vec: Problem data validation.
ERROR in osqp_update_data_vec: Problem data validation.
ERROR in osqp_update_data_vec: Problem data validation.
Infeasible detected!!
ERROR in osqp_update_data_vec: Problem data validation.
ERROR in osqp_update_data_vec: Problem data validation.
ERROR in osqp_update_data_vec: Problem data validation.
ERROR in osqp_update_data_vec: Problem data validation.
ERROR in osqp_update_data_vec: Problem data validation.
ERROR in osqp_update_data_vec: Problem data validation.
ERROR in osqp_update_data_vec: Problem data validation.
ERROR in osqp_update_data_vec: Problem data validation.
ERROR in osqp_update_data_vec: Problem data validation.
ERROR in osqp_update_data_vec: Problem data validation.
ERROR in osqp_update_data_vec: Problem data validation.
ERROR in osqp_update_data_vec: Problem data validation.
ERROR in osqp_update_data_vec: Problem data validation.
ERROR in osqp_update_data_vec: Problem data validation.
ERROR in osqp_update_data_vec: Problem data validation.
ERROR in osqp_update_data_vec: Problem data validation.
ERROR in osqp_update_data_vec: Problem data validation.
ERROR in osqp_update_data_vec: Problem data validation.
ERROR in osqp_update_data_vec: Problem data validation.
ERROR in osqp_update_data_vec: Problem data validation.
ERROR in osqp_update_data_vec: Problem data validation.
ERROR in osqp_update_data_vec: Problem data validation.
ERROR in osqp_update_data_vec: Problem data validation.
ERROR in osqp_update_data_vec: Problem data validation.
ERROR in osqp_update_data_vec: Problem data validation.
ERROR in osqp_update_data_vec: Problem data validation.
ERROR in osqp_update_data_vec: Problem data validation.
ERROR in osqp_update_data_vec: Problem data validation.
ERROR in osqp_update_data_vec: Problem data validation.
ERROR in osqp_update_data_vec: Problem data validation.
ERROR in osqp_update_data_vec: Problem data validation.
ERROR in osqp_update_data_vec: Problem data validation.
ERROR in osqp_update_data_vec: Problem data validation.
ERROR in osqp_update_data_vec: Problem data validation.
ERROR in osqp_update_data_vec: Problem data validation.
ERROR in osqp_update_data_vec: Problem data validation.
ERROR in osqp_update_data_vec: Problem data validation.
[036/100] idx= 37 -> success    (raw=success, compute_ms=7.412048954551972, intv=0.24237885218062447)
ERROR in osqp_update_data_vec: Problem data validation.
ERROR in osqp_update_data_vec: Problem data validation.
ERROR in osqp_update_data_vec: Problem data validation.
ERROR in osqp_update_data_vec: Problem data validation.
ERROR in osqp_update_data_vec: Problem data validation.
ERROR in osqp_update_data_vec: Problem data validation.
ERROR in osqp_update_data_vec: Problem data validation.
ERROR in osqp_update_data_vec: Problem data validation.
ERROR in osqp_update_data_vec: Problem data validation.
ERROR in osqp_update_data_vec: Problem data validation.
ERROR in osqp_update_data_vec: Problem data validation.
ERROR in osqp_update_data_vec: Problem data validation.
ERROR in osqp_update_data_vec: Problem data validation.
ERROR in osqp_update_data_vec: Problem data validation.
ERROR in osqp_update_data_vec: Problem data validation.
ERROR in osqp_update_data_vec: Problem data validation.
ERROR in osqp_update_data_vec: Problem data validation.
ERROR in osqp_update_data_vec: Problem data validation.
ERROR in osqp_update_data_vec: Problem data validation.
ERROR in osqp_update_data_vec: Problem data validation.
ERROR in osqp_update_data_vec: Problem data validation.
ERROR in osqp_update_data_vec: Problem data validation.
ERROR in osqp_update_data_vec: Problem data validation.
ERROR in osqp_update_data_vec: Problem data validation.
ERROR in osqp_update_data_vec: Problem data validation.
ERROR in osqp_update_data_vec: Problem data validation.
ERROR in osqp_update_data_vec: Problem data validation.
ERROR in osqp_update_data_vec: Problem data validation.
ERROR in osqp_update_data_vec: Problem data validation.
ERROR in osqp_update_data_vec: Problem data validation.
ERROR in osqp_update_data_vec: Problem data validation.
ERROR in osqp_update_data_vec: Problem data validation.
ERROR in osqp_update_data_vec: Problem data validation.
ERROR in osqp_update_data_vec: Problem data validation.
ERROR in osqp_update_data_vec: Problem data validation.
ERROR in osqp_update_data_vec: Problem data validation.
ERROR in osqp_update_data_vec: Problem data validation.
ERROR in osqp_update_data_vec: Problem data validation.
ERROR in osqp_update_data_vec: Problem data validation.
ERROR in osqp_update_data_vec: Problem data validation.
ERROR in osqp_update_data_vec: Problem data validation.
ERROR in osqp_update_data_vec: Problem data validation.
ERROR in osqp_update_data_vec: Problem data validation.
ERROR in osqp_update_data_vec: Problem data validation.
ERROR in osqp_update_data_vec: Problem data validation.
ERROR in osqp_update_data_vec: Problem data validation.
ERROR in osqp_update_data_vec: Problem data validation.
ERROR in osqp_update_data_vec: Problem data validation.
ERROR in osqp_update_data_vec: Problem data validation.
ERROR in osqp_update_data_vec: Problem data validation.
ERROR in osqp_update_data_vec: Problem data validation.
ERROR in osqp_update_data_vec: Problem data validation.
ERROR in osqp_update_data_vec: Problem data validation.
ERROR in osqp_update_data_vec: Problem data validation.
ERROR in osqp_update_data_vec: Problem data validation.
ERROR in osqp_update_data_vec: Problem data validation.
ERROR in osqp_update_data_vec: Problem data validation.
ERROR in osqp_update_data_vec: Problem data validation.
ERROR in osqp_update_data_vec: Problem data validation.
ERROR in osqp_update_data_vec: Problem data validation.
ERROR in osqp_update_data_vec: Problem data validation.
ERROR in osqp_update_data_vec: Problem data validation.
ERROR in osqp_update_data_vec: Problem data validation.
ERROR in osqp_update_data_vec: Problem data validation.
ERROR in osqp_update_data_vec: Problem data validation.
ERROR in osqp_update_data_vec: Problem data validation.
ERROR in osqp_update_data_vec: Problem data validation.
ERROR in osqp_update_data_vec: Problem data validation.
ERROR in osqp_update_data_vec: Problem data validation.
ERROR in osqp_update_data_vec: Problem data validation.
ERROR in osqp_update_data_vec: Problem data validation.
ERROR in osqp_update_data_vec: Problem data validation.
ERROR in osqp_update_data_vec: Problem data validation.
ERROR in osqp_update_data_vec: Problem data validation.
ERROR in osqp_update_data_vec: Problem data validation.
ERROR in osqp_update_data_vec: Problem data validation.
ERROR in osqp_update_data_vec: Problem data validation.
ERROR in osqp_update_data_vec: Problem data validation.
ERROR in osqp_update_data_vec: Problem data validation.
ERROR in osqp_update_data_vec: Problem data validation.
ERROR in osqp_update_data_vec: Problem data validation.
ERROR in osqp_update_data_vec: Problem data validation.
ERROR in osqp_update_data_vec: Problem data validation.
ERROR in osqp_update_data_vec: Problem data validation.
ERROR in osqp_update_data_vec: Problem data validation.
ERROR in osqp_update_data_vec: Problem data validation.
ERROR in osqp_update_data_vec: Problem data validation.
ERROR in osqp_update_data_vec: Problem data validation.
ERROR in osqp_update_data_vec: Problem data validation.
ERROR in osqp_update_data_vec: Problem data validation.
ERROR in osqp_update_data_vec: Problem data validation.
ERROR in osqp_update_data_vec: Problem data validation.
ERROR in osqp_update_data_vec: Problem data validation.
ERROR in osqp_update_data_vec: Problem data validation.
ERROR in osqp_update_data_vec: Problem data validation.
ERROR in osqp_update_data_vec: Problem data validation.
ERROR in osqp_update_data_vec: Problem data validation.
ERROR in osqp_update_data_vec: Problem data validation.
ERROR in osqp_update_data_vec: Problem data validation.
ERROR in osqp_update_data_vec: Problem data validation.
ERROR in osqp_update_data_vec: Problem data validation.
ERROR in osqp_update_data_vec: Problem data validation.
ERROR in osqp_update_data_vec: Problem data validation.
ERROR in osqp_update_data_vec: Problem data validation.
ERROR in osqp_update_data_vec: Problem data validation.
ERROR in osqp_update_data_vec: Problem data validation.
ERROR in osqp_update_data_vec: Problem data validation.
ERROR in osqp_update_data_vec: Problem data validation.
ERROR in osqp_update_data_vec: Problem data validation.
ERROR in osqp_update_data_vec: Problem data validation.
ERROR in osqp_update_data_vec: Problem data validation.
ERROR in osqp_update_data_vec: Problem data validation.
ERROR in osqp_update_data_vec: Problem data validation.
ERROR in osqp_update_data_vec: Problem data validation.
ERROR in osqp_update_data_vec: Problem data validation.
ERROR in osqp_update_data_vec: Problem data validation.
ERROR in osqp_update_data_vec: Problem data validation.
ERROR in osqp_update_data_vec: Problem data validation.
ERROR in osqp_update_data_vec: Problem data validation.
ERROR in osqp_update_data_vec: Problem data validation.
ERROR in osqp_update_data_vec: Problem data validation.
ERROR in osqp_update_data_vec: Problem data validation.
ERROR in osqp_update_data_vec: Problem data validation.
ERROR in osqp_update_data_vec: Problem data validation.
ERROR in osqp_update_data_vec: Problem data validation.
ERROR in osqp_update_data_vec: Problem data validation.
ERROR in osqp_update_data_vec: Problem data validation.
ERROR in osqp_update_data_vec: Problem data validation.
ERROR in osqp_update_data_vec: Problem data validation.
ERROR in osqp_update_data_vec: Problem data validation.
ERROR in osqp_update_data_vec: Problem data validation.
ERROR in osqp_update_data_vec: Problem data validation.
ERROR in osqp_update_data_vec: Problem data validation.
ERROR in osqp_update_data_vec: Problem data validation.
ERROR in osqp_update_data_vec: Problem data validation.
ERROR in osqp_update_data_vec: Problem data validation.
ERROR in osqp_update_data_vec: Problem data validation.
ERROR in osqp_update_data_vec: Problem data validation.
ERROR in osqp_update_data_vec: Problem data validation.
ERROR in osqp_update_data_vec: Problem data validation.
ERROR in osqp_update_data_vec: Problem data validation.
ERROR in osqp_update_data_vec: Problem data validation.
ERROR in osqp_update_data_vec: Problem data validation.
ERROR in osqp_update_data_vec: Problem data validation.
ERROR in osqp_update_data_vec: Problem data validation.
ERROR in osqp_update_data_vec: Problem data validation.
ERROR in osqp_update_data_vec: Problem data validation.
ERROR in osqp_update_data_vec: Problem data validation.
ERROR in osqp_update_data_vec: Problem data validation.
ERROR in osqp_update_data_vec: Problem data validation.
ERROR in osqp_update_data_vec: Problem data validation.
ERROR in osqp_update_data_vec: Problem data validation.
ERROR in osqp_update_data_vec: Problem data validation.
ERROR in osqp_update_data_vec: Problem data validation.
ERROR in osqp_update_data_vec: Problem data validation.
ERROR in osqp_update_data_vec: Problem data validation.
ERROR in osqp_update_data_vec: Problem data validation.
ERROR in osqp_update_data_vec: Problem data validation.
ERROR in osqp_update_data_vec: Problem data validation.
ERROR in osqp_update_data_vec: Problem data validation.
ERROR in osqp_update_data_vec: Problem data validation.
ERROR in osqp_update_data_vec: Problem data validation.
ERROR in osqp_update_data_vec: Problem data validation.
ERROR in osqp_update_data_vec: Problem data validation.
ERROR in osqp_update_data_vec: Problem data validation.
ERROR in osqp_update_data_vec: Problem data validation.
ERROR in osqp_update_data_vec: Problem data validation.
ERROR in osqp_update_data_vec: Problem data validation.
ERROR in osqp_update_data_vec: Problem data validation.
ERROR in osqp_update_data_vec: Problem data validation.
ERROR in osqp_update_data_vec: Problem data validation.
ERROR in osqp_update_data_vec: Problem data validation.
ERROR in osqp_update_data_vec: Problem data validation.
ERROR in osqp_update_data_vec: Problem data validation.
ERROR in osqp_update_data_vec: Problem data validation.
ERROR in osqp_update_data_vec: Problem data validation.
ERROR in osqp_update_data_vec: Problem data validation.
ERROR in osqp_update_data_vec: Problem data validation.
ERROR in osqp_update_data_vec: Problem data validation.
ERROR in osqp_update_data_vec: Problem data validation.
ERROR in osqp_update_data_vec: Problem data validation.
ERROR in osqp_update_data_vec: Problem data validation.
ERROR in osqp_update_data_vec: Problem data validation.
ERROR in osqp_update_data_vec: Problem data validation.
ERROR in osqp_update_data_vec: Problem data validation.
ERROR in osqp_update_data_vec: Problem data validation.
ERROR in osqp_update_data_vec: Problem data validation.
ERROR in osqp_update_data_vec: Problem data validation.
ERROR in osqp_update_data_vec: Problem data validation.
ERROR in osqp_update_data_vec: Problem data validation.
ERROR in osqp_update_data_vec: Problem data validation.
ERROR in osqp_update_data_vec: Problem data validation.
ERROR in osqp_update_data_vec: Problem data validation.
ERROR in osqp_update_data_vec: Problem data validation.
ERROR in osqp_update_data_vec: Problem data validation.
ERROR in osqp_update_data_vec: Problem data validation.
ERROR in osqp_update_data_vec: Problem data validation.
ERROR in osqp_update_data_vec: Problem data validation.
ERROR in osqp_update_data_vec: Problem data validation.
ERROR in osqp_update_data_vec: Problem data validation.
ERROR in osqp_update_data_vec: Problem data validation.
ERROR in osqp_update_data_vec: Problem data validation.
ERROR in osqp_update_data_vec: Problem data validation.
ERROR in osqp_update_data_vec: Problem data validation.
ERROR in osqp_update_data_vec: Problem data validation.
ERROR in osqp_update_data_vec: Problem data validation.
ERROR in osqp_update_data_vec: Problem data validation.
ERROR in osqp_update_data_vec: Problem data validation.
ERROR in osqp_update_data_vec: Problem data validation.
ERROR in osqp_update_data_vec: Problem data validation.
ERROR in osqp_update_data_vec: Problem data validation.
ERROR in osqp_update_data_vec: Problem data validation.
ERROR in osqp_update_data_vec: Problem data validation.
ERROR in osqp_update_data_vec: Problem data validation.
ERROR in osqp_update_data_vec: Problem data validation.
ERROR in osqp_update_data_vec: Problem data validation.
ERROR in osqp_update_data_vec: Problem data validation.
ERROR in osqp_update_data_vec: Problem data validation.
ERROR in osqp_update_data_vec: Problem data validation.
ERROR in osqp_update_data_vec: Problem data validation.
ERROR in osqp_update_data_vec: Problem data validation.
ERROR in osqp_update_data_vec: Problem data validation.
ERROR in osqp_update_data_vec: Problem data validation.
ERROR in osqp_update_data_vec: Problem data validation.
ERROR in osqp_update_data_vec: Problem data validation.
ERROR in osqp_update_data_vec: Problem data validation.
ERROR in osqp_update_data_vec: Problem data validation.
ERROR in osqp_update_data_vec: Problem data validation.
ERROR in osqp_update_data_vec: Problem data validation.
ERROR in osqp_update_data_vec: Problem data validation.
ERROR in osqp_update_data_vec: Problem data validation.
ERROR in osqp_update_data_vec: Problem data validation.
ERROR in osqp_update_data_vec: Problem data validation.
ERROR in osqp_update_data_vec: Problem data validation.
ERROR in osqp_update_data_vec: Problem data validation.
ERROR in osqp_update_data_vec: Problem data validation.
ERROR in osqp_update_data_vec: Problem data validation.
ERROR in osqp_update_data_vec: Problem data validation.
ERROR in osqp_update_data_vec: Problem data validation.
ERROR in osqp_update_data_vec: Problem data validation.
ERROR in osqp_update_data_vec: Problem data validation.
ERROR in osqp_update_data_vec: Problem data validation.
ERROR in osqp_update_data_vec: Problem data validation.
ERROR in osqp_update_data_vec: Problem data validation.
ERROR in osqp_update_data_vec: Problem data validation.
ERROR in osqp_update_data_vec: Problem data validation.
ERROR in osqp_update_data_vec: Problem data validation.
ERROR in osqp_update_data_vec: Problem data validation.
ERROR in osqp_update_data_vec: Problem data validation.
ERROR in osqp_update_data_vec: Problem data validation.
ERROR in osqp_update_data_vec: Problem data validation.
ERROR in osqp_update_data_vec: Problem data validation.
ERROR in osqp_update_data_vec: Problem data validation.
ERROR in osqp_update_data_vec: Problem data validation.
ERROR in osqp_update_data_vec: Problem data validation.
ERROR in osqp_update_data_vec: Problem data validation.
ERROR in osqp_update_data_vec: Problem data validation.
ERROR in osqp_update_data_vec: Problem data validation.
ERROR in osqp_update_data_vec: Problem data validation.
ERROR in osqp_update_data_vec: Problem data validation.
ERROR in osqp_update_data_vec: Problem data validation.
ERROR in osqp_update_data_vec: Problem data validation.
ERROR in osqp_update_data_vec: Problem data validation.
ERROR in osqp_update_data_vec: Problem data validation.
ERROR in osqp_update_data_vec: Problem data validation.
ERROR in osqp_update_data_vec: Problem data validation.
ERROR in osqp_update_data_vec: Problem data validation.
ERROR in osqp_update_data_vec: Problem data validation.
ERROR in osqp_update_data_vec: Problem data validation.
ERROR in osqp_update_data_vec: Problem data validation.
ERROR in osqp_update_data_vec: Problem data validation.
ERROR in osqp_update_data_vec: Problem data validation.
ERROR in osqp_update_data_vec: Problem data validation.
ERROR in osqp_update_data_vec: Problem data validation.
ERROR in osqp_update_data_vec: Problem data validation.
ERROR in osqp_update_data_vec: Problem data validation.
ERROR in osqp_update_data_vec: Problem data validation.
ERROR in osqp_update_data_vec: Problem data validation.
ERROR in osqp_update_data_vec: Problem data validation.
ERROR in osqp_update_data_vec: Problem data validation.
ERROR in osqp_update_data_vec: Problem data validation.
ERROR in osqp_update_data_vec: Problem data validation.
ERROR in osqp_update_data_vec: Problem data validation.
ERROR in osqp_update_data_vec: Problem data validation.
ERROR in osqp_update_data_vec: Problem data validation.
ERROR in osqp_update_data_vec: Problem data validation.
ERROR in osqp_update_data_vec: Problem data validation.
ERROR in osqp_update_data_vec: Problem data validation.
ERROR in osqp_update_data_vec: Problem data validation.
ERROR in osqp_update_data_vec: Problem data validation.
ERROR in osqp_update_data_vec: Problem data validation.
ERROR in osqp_update_data_vec: Problem data validation.
ERROR in osqp_update_data_vec: Problem data validation.
ERROR in osqp_update_data_vec: Problem data validation.
ERROR in osqp_update_data_vec: Problem data validation.
Infeasible detected!!
ERROR in osqp_update_data_vec: Problem data validation.
ERROR in osqp_update_data_vec: Problem data validation.
ERROR in osqp_update_data_vec: Problem data validation.
ERROR in osqp_update_data_vec: Problem data validation.
ERROR in osqp_update_data_vec: Problem data validation.
ERROR in osqp_update_data_vec: Problem data validation.
ERROR in osqp_update_data_vec: Problem data validation.
ERROR in osqp_update_data_vec: Problem data validation.
ERROR in osqp_update_data_vec: Problem data validation.
ERROR in osqp_update_data_vec: Problem data validation.
ERROR in osqp_update_data_vec: Problem data validation.
ERROR in osqp_update_data_vec: Problem data validation.
ERROR in osqp_update_data_vec: Problem data validation.
ERROR in osqp_update_data_vec: Problem data validation.
ERROR in osqp_update_data_vec: Problem data validation.
ERROR in osqp_update_data_vec: Problem data validation.
ERROR in osqp_update_data_vec: Problem data validation.
ERROR in osqp_update_data_vec: Problem data validation.
ERROR in osqp_update_data_vec: Problem data validation.
ERROR in osqp_update_data_vec: Problem data validation.
ERROR in osqp_update_data_vec: Problem data validation.
ERROR in osqp_update_data_vec: Problem data validation.
ERROR in osqp_update_data_vec: Problem data validation.
ERROR in osqp_update_data_vec: Problem data validation.
ERROR in osqp_update_data_vec: Problem data validation.
ERROR in osqp_update_data_vec: Problem data validation.
ERROR in osqp_update_data_vec: Problem data validation.
ERROR in osqp_update_data_vec: Problem data validation.
ERROR in osqp_update_data_vec: Problem data validation.
ERROR in osqp_update_data_vec: Problem data validation.
ERROR in osqp_update_data_vec: Problem data validation.
ERROR in osqp_update_data_vec: Problem data validation.
ERROR in osqp_update_data_vec: Problem data validation.
ERROR in osqp_update_data_vec: Problem data validation.
ERROR in osqp_update_data_vec: Problem data validation.
ERROR in osqp_update_data_vec: Problem data validation.
ERROR in osqp_update_data_vec: Problem data validation.
ERROR in osqp_update_data_vec: Problem data validation.
ERROR in osqp_update_data_vec: Problem data validation.
ERROR in osqp_update_data_vec: Problem data validation.
ERROR in osqp_update_data_vec: Problem data validation.
ERROR in osqp_update_data_vec: Problem data validation.
ERROR in osqp_update_data_vec: Problem data validation.
ERROR in osqp_update_data_vec: Problem data validation.
ERROR in osqp_update_data_vec: Problem data validation.
ERROR in osqp_update_data_vec: Problem data validation.
ERROR in osqp_update_data_vec: Problem data validation.
Infeasible detected!!
ERROR in osqp_update_data_vec: Problem data validation.
ERROR in osqp_update_data_vec: Problem data validation.
ERROR in osqp_update_data_vec: Problem data validation.
ERROR in osqp_update_data_vec: Problem data validation.
ERROR in osqp_update_data_vec: Problem data validation.
ERROR in osqp_update_data_vec: Problem data validation.
ERROR in osqp_update_data_vec: Problem data validation.
ERROR in osqp_update_data_vec: Problem data validation.
ERROR in osqp_update_data_vec: Problem data validation.
ERROR in osqp_update_data_vec: Problem data validation.
ERROR in osqp_update_data_vec: Problem data validation.
ERROR in osqp_update_data_vec: Problem data validation.
ERROR in osqp_update_data_vec: Problem data validation.
ERROR in osqp_update_data_vec: Problem data validation.
ERROR in osqp_update_data_vec: Problem data validation.
ERROR in osqp_update_data_vec: Problem data validation.
ERROR in osqp_update_data_vec: Problem data validation.
ERROR in osqp_update_data_vec: Problem data validation.
ERROR in osqp_update_data_vec: Problem data validation.
ERROR in osqp_update_data_vec: Problem data validation.
ERROR in osqp_update_data_vec: Problem data validation.
ERROR in osqp_update_data_vec: Problem data validation.
ERROR in osqp_update_data_vec: Problem data validation.
ERROR in osqp_update_data_vec: Problem data validation.
ERROR in osqp_update_data_vec: Problem data validation.
ERROR in osqp_update_data_vec: Problem data validation.
ERROR in osqp_update_data_vec: Problem data validation.
ERROR in osqp_update_data_vec: Problem data validation.
ERROR in osqp_update_data_vec: Problem data validation.
ERROR in osqp_update_data_vec: Problem data validation.
ERROR in osqp_update_data_vec: Problem data validation.
ERROR in osqp_update_data_vec: Problem data validation.
ERROR in osqp_update_data_vec: Problem data validation.
ERROR in osqp_update_data_vec: Problem data validation.
ERROR in osqp_update_data_vec: Problem data validation.
ERROR in osqp_update_data_vec: Problem data validation.
ERROR in osqp_update_data_vec: Problem data validation.
ERROR in osqp_update_data_vec: Problem data validation.
ERROR in osqp_update_data_vec: Problem data validation.
ERROR in osqp_update_data_vec: Problem data validation.
ERROR in osqp_update_data_vec: Problem data validation.
ERROR in osqp_update_data_vec: Problem data validation.
ERROR in osqp_update_data_vec: Problem data validation.
ERROR in osqp_update_data_vec: Problem data validation.
ERROR in osqp_update_data_vec: Problem data validation.
ERROR in osqp_update_data_vec: Problem data validation.
ERROR in osqp_update_data_vec: Problem data validation.
ERROR in osqp_update_data_vec: Problem data validation.
ERROR in osqp_update_data_vec: Problem data validation.
ERROR in osqp_update_data_vec: Problem data validation.
ERROR in osqp_update_data_vec: Problem data validation.
ERROR in osqp_update_data_vec: Problem data validation.
ERROR in osqp_update_data_vec: Problem data validation.
ERROR in osqp_update_data_vec: Problem data validation.
ERROR in osqp_update_data_vec: Problem data validation.
ERROR in osqp_update_data_vec: Problem data validation.
ERROR in osqp_update_data_vec: Problem data validation.
ERROR in osqp_update_data_vec: Problem data validation.
ERROR in osqp_update_data_vec: Problem data validation.
ERROR in osqp_update_data_vec: Problem data validation.
ERROR in osqp_update_data_vec: Problem data validation.
ERROR in osqp_update_data_vec: Problem data validation.
ERROR in osqp_update_data_vec: Problem data validation.
ERROR in osqp_update_data_vec: Problem data validation.
ERROR in osqp_update_data_vec: Problem data validation.
ERROR in osqp_update_data_vec: Problem data validation.
ERROR in osqp_update_data_vec: Problem data validation.
ERROR in osqp_update_data_vec: Problem data validation.
ERROR in osqp_update_data_vec: Problem data validation.
ERROR in osqp_update_data_vec: Problem data validation.
ERROR in osqp_update_data_vec: Problem data validation.
ERROR in osqp_update_data_vec: Problem data validation.
ERROR in osqp_update_data_vec: Problem data validation.
ERROR in osqp_update_data_vec: Problem data validation.
ERROR in osqp_update_data_vec: Problem data validation.
ERROR in osqp_update_data_vec: Problem data validation.
ERROR in osqp_update_data_vec: Problem data validation.
ERROR in osqp_update_data_vec: Problem data validation.
ERROR in osqp_update_data_vec: Problem data validation.
ERROR in osqp_update_data_vec: Problem data validation.
ERROR in osqp_update_data_vec: Problem data validation.
ERROR in osqp_update_data_vec: Problem data validation.
ERROR in osqp_update_data_vec: Problem data validation.
ERROR in osqp_update_data_vec: Problem data validation.
ERROR in osqp_update_data_vec: Problem data validation.
ERROR in osqp_update_data_vec: Problem data validation.
ERROR in osqp_update_data_vec: Problem data validation.
ERROR in osqp_update_data_vec: Problem data validation.
ERROR in osqp_update_data_vec: Problem data validation.
ERROR in osqp_update_data_vec: Problem data validation.
ERROR in osqp_update_data_vec: Problem data validation.
ERROR in osqp_update_data_vec: Problem data validation.
ERROR in osqp_update_data_vec: Problem data validation.
ERROR in osqp_update_data_vec: Problem data validation.
ERROR in osqp_update_data_vec: Problem data validation.
ERROR in osqp_update_data_vec: Problem data validation.
ERROR in osqp_update_data_vec: Problem data validation.
ERROR in osqp_update_data_vec: Problem data validation.
ERROR in osqp_update_data_vec: Problem data validation.
ERROR in osqp_update_data_vec: Problem data validation.
ERROR in osqp_update_data_vec: Problem data validation.
ERROR in osqp_update_data_vec: Problem data validation.
ERROR in osqp_update_data_vec: Problem data validation.
ERROR in osqp_update_data_vec: Problem data validation.
ERROR in osqp_update_data_vec: Problem data validation.
ERROR in osqp_update_data_vec: Problem data validation.
ERROR in osqp_update_data_vec: Problem data validation.
ERROR in osqp_update_data_vec: Problem data validation.
ERROR in osqp_update_data_vec: Problem data validation.
ERROR in osqp_update_data_vec: Problem data validation.
ERROR in osqp_update_data_vec: Problem data validation.
ERROR in osqp_update_data_vec: Problem data validation.
ERROR in osqp_update_data_vec: Problem data validation.
ERROR in osqp_update_data_vec: Problem data validation.
ERROR in osqp_update_data_vec: Problem data validation.
ERROR in osqp_update_data_vec: Problem data validation.
ERROR in osqp_update_data_vec: Problem data validation.
ERROR in osqp_update_data_vec: Problem data validation.
ERROR in osqp_update_data_vec: Problem data validation.
ERROR in osqp_update_data_vec: Problem data validation.
ERROR in osqp_update_data_vec: Problem data validation.
ERROR in osqp_update_data_vec: Problem data validation.
ERROR in osqp_update_data_vec: Problem data validation.
ERROR in osqp_update_data_vec: Problem data validation.
ERROR in osqp_update_data_vec: Problem data validation.
ERROR in osqp_update_data_vec: Problem data validation.
ERROR in osqp_update_data_vec: Problem data validation.
ERROR in osqp_update_data_vec: Problem data validation.
ERROR in osqp_update_data_vec: Problem data validation.
ERROR in osqp_update_data_vec: Problem data validation.
ERROR in osqp_update_data_vec: Problem data validation.
ERROR in osqp_update_data_vec: Problem data validation.
ERROR in osqp_update_data_vec: Problem data validation.
ERROR in osqp_update_data_vec: Problem data validation.
ERROR in osqp_update_data_vec: Problem data validation.
ERROR in osqp_update_data_vec: Problem data validation.
ERROR in osqp_update_data_vec: Problem data validation.
ERROR in osqp_update_data_vec: Problem data validation.
ERROR in osqp_update_data_vec: Problem data validation.
ERROR in osqp_update_data_vec: Problem data validation.
ERROR in osqp_update_data_vec: Problem data validation.
ERROR in osqp_update_data_vec: Problem data validation.
ERROR in osqp_update_data_vec: Problem data validation.
ERROR in osqp_update_data_vec: Problem data validation.
ERROR in osqp_update_data_vec: Problem data validation.
ERROR in osqp_update_data_vec: Problem data validation.
ERROR in osqp_update_data_vec: Problem data validation.
ERROR in osqp_update_data_vec: Problem data validation.
ERROR in osqp_update_data_vec: Problem data validation.
ERROR in osqp_update_data_vec: Problem data validation.
ERROR in osqp_update_data_vec: Problem data validation.
ERROR in osqp_update_data_vec: Problem data validation.
ERROR in osqp_update_data_vec: Problem data validation.
ERROR in osqp_update_data_vec: Problem data validation.
ERROR in osqp_update_data_vec: Problem data validation.
ERROR in osqp_update_data_vec: Problem data validation.
ERROR in osqp_update_data_vec: Problem data validation.
ERROR in osqp_update_data_vec: Problem data validation.
ERROR in osqp_update_data_vec: Problem data validation.
ERROR in osqp_update_data_vec: Problem data validation.
ERROR in osqp_update_data_vec: Problem data validation.
ERROR in osqp_update_data_vec: Problem data validation.
ERROR in osqp_update_data_vec: Problem data validation.
ERROR in osqp_update_data_vec: Problem data validation.
ERROR in osqp_update_data_vec: Problem data validation.
ERROR in osqp_update_data_vec: Problem data validation.
ERROR in osqp_update_data_vec: Problem data validation.
ERROR in osqp_update_data_vec: Problem data validation.
ERROR in osqp_update_data_vec: Problem data validation.
ERROR in osqp_update_data_vec: Problem data validation.
ERROR in osqp_update_data_vec: Problem data validation.
ERROR in osqp_update_data_vec: Problem data validation.
ERROR in osqp_update_data_vec: Problem data validation.
ERROR in osqp_update_data_vec: Problem data validation.
ERROR in osqp_update_data_vec: Problem data validation.
ERROR in osqp_update_data_vec: Problem data validation.
ERROR in osqp_update_data_vec: Problem data validation.
ERROR in osqp_update_data_vec: Problem data validation.
ERROR in osqp_update_data_vec: Problem data validation.
ERROR in osqp_update_data_vec: Problem data validation.
ERROR in osqp_update_data_vec: Problem data validation.
ERROR in osqp_update_data_vec: Problem data validation.
ERROR in osqp_update_data_vec: Problem data validation.
ERROR in osqp_update_data_vec: Problem data validation.
ERROR in osqp_update_data_vec: Problem data validation.
ERROR in osqp_update_data_vec: Problem data validation.
ERROR in osqp_update_data_vec: Problem data validation.
ERROR in osqp_update_data_vec: Problem data validation.
ERROR in osqp_update_data_vec: Problem data validation.
ERROR in osqp_update_data_vec: Problem data validation.
ERROR in osqp_update_data_vec: Problem data validation.
ERROR in osqp_update_data_vec: Problem data validation.
ERROR in osqp_update_data_vec: Problem data validation.
ERROR in osqp_update_data_vec: Problem data validation.
ERROR in osqp_update_data_vec: Problem data validation.
ERROR in osqp_update_data_vec: Problem data validation.
ERROR in osqp_update_data_vec: Problem data validation.
ERROR in osqp_update_data_vec: Problem data validation.
ERROR in osqp_update_data_vec: Problem data validation.
ERROR in osqp_update_data_vec: Problem data validation.
ERROR in osqp_update_data_vec: Problem data validation.
ERROR in osqp_update_data_vec: Problem data validation.
ERROR in osqp_update_data_vec: Problem data validation.
ERROR in osqp_update_data_vec: Problem data validation.
ERROR in osqp_update_data_vec: Problem data validation.
ERROR in osqp_update_data_vec: Problem data validation.
ERROR in osqp_update_data_vec: Problem data validation.
ERROR in osqp_update_data_vec: Problem data validation.
ERROR in osqp_update_data_vec: Problem data validation.
ERROR in osqp_update_data_vec: Problem data validation.
ERROR in osqp_update_data_vec: Problem data validation.
ERROR in osqp_update_data_vec: Problem data validation.
ERROR in osqp_update_data_vec: Problem data validation.
ERROR in osqp_update_data_vec: Problem data validation.
ERROR in osqp_update_data_vec: Problem data validation.
ERROR in osqp_update_data_vec: Problem data validation.
ERROR in osqp_update_data_vec: Problem data validation.
ERROR in osqp_update_data_vec: Problem data validation.
ERROR in osqp_update_data_vec: Problem data validation.
ERROR in osqp_update_data_vec: Problem data validation.
ERROR in osqp_update_data_vec: Problem data validation.
ERROR in osqp_update_data_vec: Problem data validation.
ERROR in osqp_update_data_vec: Problem data validation.
ERROR in osqp_update_data_vec: Problem data validation.
ERROR in osqp_update_data_vec: Problem data validation.
ERROR in osqp_update_data_vec: Problem data validation.
ERROR in osqp_update_data_vec: Problem data validation.
ERROR in osqp_update_data_vec: Problem data validation.
ERROR in osqp_update_data_vec: Problem data validation.
ERROR in osqp_update_data_vec: Problem data validation.
ERROR in osqp_update_data_vec: Problem data validation.
ERROR in osqp_update_data_vec: Problem data validation.
ERROR in osqp_update_data_vec: Problem data validation.
ERROR in osqp_update_data_vec: Problem data validation.
ERROR in osqp_update_data_vec: Problem data validation.
ERROR in osqp_update_data_vec: Problem data validation.
ERROR in osqp_update_data_vec: Problem data validation.
ERROR in osqp_update_data_vec: Problem data validation.
ERROR in osqp_update_data_vec: Problem data validation.
ERROR in osqp_update_data_vec: Problem data validation.
ERROR in osqp_update_data_vec: Problem data validation.
ERROR in osqp_update_data_vec: Problem data validation.
ERROR in osqp_update_data_vec: Problem data validation.
ERROR in osqp_update_data_vec: Problem data validation.
ERROR in osqp_update_data_vec: Problem data validation.
ERROR in osqp_update_data_vec: Problem data validation.
ERROR in osqp_update_data_vec: Problem data validation.
ERROR in osqp_update_data_vec: Problem data validation.
ERROR in osqp_update_data_vec: Problem data validation.
ERROR in osqp_update_data_vec: Problem data validation.
ERROR in osqp_update_data_vec: Problem data validation.
ERROR in osqp_update_data_vec: Problem data validation.
ERROR in osqp_update_data_vec: Problem data validation.
ERROR in osqp_update_data_vec: Problem data validation.
ERROR in osqp_update_data_vec: Problem data validation.
ERROR in osqp_update_data_vec: Problem data validation.
ERROR in osqp_update_data_vec: Problem data validation.
ERROR in osqp_update_data_vec: Problem data validation.
ERROR in osqp_update_data_vec: Problem data validation.
ERROR in osqp_update_data_vec: Problem data validation.
ERROR in osqp_update_data_vec: Problem data validation.
ERROR in osqp_update_data_vec: Problem data validation.
ERROR in osqp_update_data_vec: Problem data validation.
ERROR in osqp_update_data_vec: Problem data validation.
ERROR in osqp_update_data_vec: Problem data validation.
ERROR in osqp_update_data_vec: Problem data validation.
ERROR in osqp_update_data_vec: Problem data validation.
ERROR in osqp_update_data_vec: Problem data validation.
ERROR in osqp_update_data_vec: Problem data validation.
ERROR in osqp_update_data_vec: Problem data validation.
ERROR in osqp_update_data_vec: Problem data validation.
ERROR in osqp_update_data_vec: Problem data validation.
ERROR in osqp_update_data_vec: Problem data validation.
ERROR in osqp_update_data_vec: Problem data validation.
ERROR in osqp_update_data_vec: Problem data validation.
ERROR in osqp_update_data_vec: Problem data validation.
ERROR in osqp_update_data_vec: Problem data validation.
ERROR in osqp_update_data_vec: Problem data validation.
ERROR in osqp_update_data_vec: Problem data validation.
ERROR in osqp_update_data_vec: Problem data validation.
ERROR in osqp_update_data_vec: Problem data validation.
ERROR in osqp_update_data_vec: Problem data validation.
ERROR in osqp_update_data_vec: Problem data validation.
ERROR in osqp_update_data_vec: Problem data validation.
ERROR in osqp_update_data_vec: Problem data validation.
ERROR in osqp_update_data_vec: Problem data validation.
ERROR in osqp_update_data_vec: Problem data validation.
ERROR in osqp_update_data_vec: Problem data validation.
ERROR in osqp_update_data_vec: Problem data validation.
ERROR in osqp_update_data_vec: Problem data validation.
ERROR in osqp_update_data_vec: Problem data validation.
ERROR in osqp_update_data_vec: Problem data validation.
ERROR in osqp_update_data_vec: Problem data validation.
ERROR in osqp_update_data_vec: Problem data validation.
ERROR in osqp_update_data_vec: Problem data validation.
ERROR in osqp_update_data_vec: Problem data validation.
ERROR in osqp_update_data_vec: Problem data validation.
ERROR in osqp_update_data_vec: Problem data validation.
ERROR in osqp_update_data_vec: Problem data validation.
ERROR in osqp_update_data_vec: Problem data validation.
ERROR in osqp_update_data_vec: Problem data validation.
ERROR in osqp_update_data_vec: Problem data validation.
ERROR in osqp_update_data_vec: Problem data validation.
ERROR in osqp_update_data_vec: Problem data validation.
ERROR in osqp_update_data_vec: Problem data validation.
ERROR in osqp_update_data_vec: Problem data validation.
ERROR in osqp_update_data_vec: Problem data validation.
ERROR in osqp_update_data_vec: Problem data validation.
ERROR in osqp_update_data_vec: Problem data validation.
ERROR in osqp_update_data_vec: Problem data validation.
ERROR in osqp_update_data_vec: Problem data validation.
ERROR in osqp_update_data_vec: Problem data validation.
ERROR in osqp_update_data_vec: Problem data validation.
ERROR in osqp_update_data_vec: Problem data validation.
ERROR in osqp_update_data_vec: Problem data validation.
ERROR in osqp_update_data_vec: Problem data validation.
ERROR in osqp_update_data_vec: Problem data validation.
ERROR in osqp_update_data_vec: Problem data validation.
ERROR in osqp_update_data_vec: Problem data validation.
ERROR in osqp_update_data_vec: Problem data validation.
ERROR in osqp_update_data_vec: Problem data validation.
ERROR in osqp_update_data_vec: Problem data validation.
ERROR in osqp_update_data_vec: Problem data validation.
ERROR in osqp_update_data_vec: Problem data validation.
ERROR in osqp_update_data_vec: Problem data validation.
ERROR in osqp_update_data_vec: Problem data validation.
ERROR in osqp_update_data_vec: Problem data validation.
ERROR in osqp_update_data_vec: Problem data validation.
ERROR in osqp_update_data_vec: Problem data validation.
ERROR in osqp_update_data_vec: Problem data validation.
ERROR in osqp_update_data_vec: Problem data validation.
ERROR in osqp_update_data_vec: Problem data validation.
ERROR in osqp_update_data_vec: Problem data validation.
ERROR in osqp_update_data_vec: Problem data validation.
ERROR in osqp_update_data_vec: Problem data validation.
ERROR in osqp_update_data_vec: Problem data validation.
ERROR in osqp_update_data_vec: Problem data validation.
ERROR in osqp_update_data_vec: Problem data validation.
ERROR in osqp_update_data_vec: Problem data validation.
ERROR in osqp_update_data_vec: Problem data validation.
ERROR in osqp_update_data_vec: Problem data validation.
ERROR in osqp_update_data_vec: Problem data validation.
ERROR in osqp_update_data_vec: Problem data validation.
ERROR in osqp_update_data_vec: Problem data validation.
ERROR in osqp_update_data_vec: Problem data validation.
ERROR in osqp_update_data_vec: Problem data validation.
ERROR in osqp_update_data_vec: Problem data validation.
ERROR in osqp_update_data_vec: Problem data validation.
ERROR in osqp_update_data_vec: Problem data validation.
ERROR in osqp_update_data_vec: Problem data validation.
ERROR in osqp_update_data_vec: Problem data validation.
ERROR in osqp_update_data_vec: Problem data validation.
ERROR in osqp_update_data_vec: Problem data validation.
ERROR in osqp_update_data_vec: Problem data validation.
ERROR in osqp_update_data_vec: Problem data validation.
ERROR in osqp_update_data_vec: Problem data validation.
ERROR in osqp_update_data_vec: Problem data validation.
ERROR in osqp_update_data_vec: Problem data validation.
ERROR in osqp_update_data_vec: Problem data validation.
ERROR in osqp_update_data_vec: Problem data validation.
ERROR in osqp_update_data_vec: Problem data validation.
ERROR in osqp_update_data_vec: Problem data validation.
ERROR in osqp_update_data_vec: Problem data validation.
ERROR in osqp_update_data_vec: Problem data validation.
ERROR in osqp_update_data_vec: Problem data validation.
ERROR in osqp_update_data_vec: Problem data validation.
ERROR in osqp_update_data_vec: Problem data validation.
ERROR in osqp_update_data_vec: Problem data validation.
ERROR in osqp_update_data_vec: Problem data validation.
ERROR in osqp_update_data_vec: Problem data validation.
ERROR in osqp_update_data_vec: Problem data validation.
ERROR in osqp_update_data_vec: Problem data validation.
ERROR in osqp_update_data_vec: Problem data validation.
ERROR in osqp_update_data_vec: Problem data validation.
ERROR in osqp_update_data_vec: Problem data validation.
ERROR in osqp_update_data_vec: Problem data validation.
ERROR in osqp_update_data_vec: Problem data validation.
ERROR in osqp_update_data_vec: Problem data validation.
ERROR in osqp_update_data_vec: Problem data validation.
ERROR in osqp_update_data_vec: Problem data validation.
ERROR in osqp_update_data_vec: Problem data validation.
ERROR in osqp_update_data_vec: Problem data validation.
ERROR in osqp_update_data_vec: Problem data validation.
ERROR in osqp_update_data_vec: Problem data validation.
ERROR in osqp_update_data_vec: Problem data validation.
ERROR in osqp_update_data_vec: Problem data validation.
ERROR in osqp_update_data_vec: Problem data validation.
[037/100] idx= 39 -> collision  (raw=collision, compute_ms=7.408420564368787, intv=0.3862291091717248)
[038/100] idx= 38 -> success    (raw=success, compute_ms=7.845101435611301, intv=0.35127134261413984)
[039/100] idx= 40 -> success    (raw=success, compute_ms=8.882861840956357, intv=0.37286406359296126)
[040/100] idx= 45 -> infeasible (raw=infeasible, compute_ms=11.115774953243683, intv=0.7930237379578371)
[041/100] idx= 34 -> success    (raw=success, compute_ms=9.085541372090084, intv=0.4715338084868043)
[042/100] idx= 41 -> success    (raw=success, compute_ms=8.836328428190093, intv=0.3442415284104077)
ERROR in osqp_update_data_vec: Problem data validation.
ERROR in osqp_update_data_vec: Problem data validation.
ERROR in osqp_update_data_vec: Problem data validation.
ERROR in osqp_update_data_vec: Problem data validation.
ERROR in osqp_update_data_vec: Problem data validation.
ERROR in osqp_update_data_vec: Problem data validation.
ERROR in osqp_update_data_vec: Problem data validation.
ERROR in osqp_update_data_vec: Problem data validation.
ERROR in osqp_update_data_vec: Problem data validation.
ERROR in osqp_update_data_vec: Problem data validation.
ERROR in osqp_update_data_vec: Problem data validation.
ERROR in osqp_update_data_vec: Problem data validation.
ERROR in osqp_update_data_vec: Problem data validation.
ERROR in osqp_update_data_vec: Problem data validation.
ERROR in osqp_update_data_vec: Problem data validation.
ERROR in osqp_update_data_vec: Problem data validation.
ERROR in osqp_update_data_vec: Problem data validation.
ERROR in osqp_update_data_vec: Problem data validation.
ERROR in osqp_update_data_vec: Problem data validation.
ERROR in osqp_update_data_vec: Problem data validation.
ERROR in osqp_update_data_vec: Problem data validation.
ERROR in osqp_update_data_vec: Problem data validation.
ERROR in osqp_update_data_vec: Problem data validation.
ERROR in osqp_update_data_vec: Problem data validation.
ERROR in osqp_update_data_vec: Problem data validation.
ERROR in osqp_update_data_vec: Problem data validation.
ERROR in osqp_update_data_vec: Problem data validation.
ERROR in osqp_update_data_vec: Problem data validation.
ERROR in osqp_update_data_vec: Problem data validation.
ERROR in osqp_update_data_vec: Problem data validation.
ERROR in osqp_update_data_vec: Problem data validation.
ERROR in osqp_update_data_vec: Problem data validation.
ERROR in osqp_update_data_vec: Problem data validation.
ERROR in osqp_update_data_vec: Problem data validation.
ERROR in osqp_update_data_vec: Problem data validation.
ERROR in osqp_update_data_vec: Problem data validation.
ERROR in osqp_update_data_vec: Problem data validation.
ERROR in osqp_update_data_vec: Problem data validation.
ERROR in osqp_update_data_vec: Problem data validation.
ERROR in osqp_update_data_vec: Problem data validation.
ERROR in osqp_update_data_vec: Problem data validation.
ERROR in osqp_update_data_vec: Problem data validation.
ERROR in osqp_update_data_vec: Problem data validation.
ERROR in osqp_update_data_vec: Problem data validation.
ERROR in osqp_update_data_vec: Problem data validation.
ERROR in osqp_update_data_vec: Problem data validation.
ERROR in osqp_update_data_vec: Problem data validation.
ERROR in osqp_update_data_vec: Problem data validation.
ERROR in osqp_update_data_vec: Problem data validation.
ERROR in osqp_update_data_vec: Problem data validation.
ERROR in osqp_update_data_vec: Problem data validation.
ERROR in osqp_update_data_vec: Problem data validation.
ERROR in osqp_update_data_vec: Problem data validation.
ERROR in osqp_update_data_vec: Problem data validation.
ERROR in osqp_update_data_vec: Problem data validation.
ERROR in osqp_update_data_vec: Problem data validation.
ERROR in osqp_update_data_vec: Problem data validation.
Collision with known obstacle detected! Obs: [ 3.255377   13.55355806  0.39317479  0.39268256 -0.30542818 -2.
 32.          1.        ], Robot: [ 3.85934858 13.34653171] 0.25, Distance: 0.6384681449693914, True
Collision detected !!
ERROR in osqp_update_data_vec: Problem data validation.
ERROR in osqp_update_data_vec: Problem data validation.
ERROR in osqp_update_data_vec: Problem data validation.
ERROR in osqp_update_data_vec: Problem data validation.
ERROR in osqp_update_data_vec: Problem data validation.
ERROR in osqp_update_data_vec: Problem data validation.
ERROR in osqp_update_data_vec: Problem data validation.
ERROR in osqp_update_data_vec: Problem data validation.
ERROR in osqp_update_data_vec: Problem data validation.
ERROR in osqp_update_data_vec: Problem data validation.
ERROR in osqp_update_data_vec: Problem data validation.
ERROR in osqp_update_data_vec: Problem data validation.
ERROR in osqp_update_data_vec: Problem data validation.
ERROR in osqp_update_data_vec: Problem data validation.
ERROR in osqp_update_data_vec: Problem data validation.
ERROR in osqp_update_data_vec: Problem data validation.
ERROR in osqp_update_data_vec: Problem data validation.
ERROR in osqp_update_data_vec: Problem data validation.
ERROR in osqp_update_data_vec: Problem data validation.
ERROR in osqp_update_data_vec: Problem data validation.
ERROR in osqp_update_data_vec: Problem data validation.
ERROR in osqp_update_data_vec: Problem data validation.
ERROR in osqp_update_data_vec: Problem data validation.
ERROR in osqp_update_data_vec: Problem data validation.
ERROR in osqp_update_data_vec: Problem data validation.
ERROR in osqp_update_data_vec: Problem data validation.
ERROR in osqp_update_data_vec: Problem data validation.
ERROR in osqp_update_data_vec: Problem data validation.
ERROR in osqp_update_data_vec: Problem data validation.
ERROR in osqp_update_data_vec: Problem data validation.
ERROR in osqp_update_data_vec: Problem data validation.
ERROR in osqp_update_data_vec: Problem data validation.
ERROR in osqp_update_data_vec: Problem data validation.
ERROR in osqp_update_data_vec: Problem data validation.
ERROR in osqp_update_data_vec: Problem data validation.
ERROR in osqp_update_data_vec: Problem data validation.
ERROR in osqp_update_data_vec: Problem data validation.
ERROR in osqp_update_data_vec: Problem data validation.
ERROR in osqp_update_data_vec: Problem data validation.
Infeasible detected!!
ERROR in osqp_update_data_vec: Problem data validation.
ERROR in osqp_update_data_vec: Problem data validation.
ERROR in osqp_update_data_vec: Problem data validation.
ERROR in osqp_update_data_vec: Problem data validation.
ERROR in osqp_update_data_vec: Problem data validation.
ERROR in osqp_update_data_vec: Problem data validation.
ERROR in osqp_update_data_vec: Problem data validation.
ERROR in osqp_update_data_vec: Problem data validation.
ERROR in osqp_update_data_vec: Problem data validation.
ERROR in osqp_update_data_vec: Problem data validation.
ERROR in osqp_update_data_vec: Problem data validation.
ERROR in osqp_update_data_vec: Problem data validation.
ERROR in osqp_update_data_vec: Problem data validation.
ERROR in osqp_update_data_vec: Problem data validation.
ERROR in osqp_update_data_vec: Problem data validation.
ERROR in osqp_update_data_vec: Problem data validation.
ERROR in osqp_update_data_vec: Problem data validation.
ERROR in osqp_update_data_vec: Problem data validation.
ERROR in osqp_update_data_vec: Problem data validation.
ERROR in osqp_update_data_vec: Problem data validation.
ERROR in osqp_update_data_vec: Problem data validation.
ERROR in osqp_update_data_vec: Problem data validation.
ERROR in osqp_update_data_vec: Problem data validation.
ERROR in osqp_update_data_vec: Problem data validation.
ERROR in osqp_update_data_vec: Problem data validation.
ERROR in osqp_update_data_vec: Problem data validation.
ERROR in osqp_update_data_vec: Problem data validation.
ERROR in osqp_update_data_vec: Problem data validation.
ERROR in osqp_update_data_vec: Problem data validation.
ERROR in osqp_update_data_vec: Problem data validation.
ERROR in osqp_update_data_vec: Problem data validation.
ERROR in osqp_update_data_vec: Problem data validation.
ERROR in osqp_update_data_vec: Problem data validation.
ERROR in osqp_update_data_vec: Problem data validation.
ERROR in osqp_update_data_vec: Problem data validation.
ERROR in osqp_update_data_vec: Problem data validation.
ERROR in osqp_update_data_vec: Problem data validation.
ERROR in osqp_update_data_vec: Problem data validation.
ERROR in osqp_update_data_vec: Problem data validation.
ERROR in osqp_update_data_vec: Problem data validation.
ERROR in osqp_update_data_vec: Problem data validation.
ERROR in osqp_update_data_vec: Problem data validation.
ERROR in osqp_update_data_vec: Problem data validation.
ERROR in osqp_update_data_vec: Problem data validation.
ERROR in osqp_update_data_vec: Problem data validation.
[043/100] idx= 42 -> success    (raw=success, compute_ms=8.575242984960664, intv=0.3634941977768962)
[044/100] idx= 46 -> infeasible (raw=infeasible, compute_ms=7.362912741872372, intv=0.4646603312717214)
[045/100] idx= 44 -> infeasible (raw=infeasible, compute_ms=8.45065090192551, intv=0.37407228126662706)
[046/100] idx= 43 -> success    (raw=success, compute_ms=7.981753809316082, intv=0.21069928823434667)
[047/100] idx= 48 -> success    (raw=success, compute_ms=8.039621320180515, intv=0.2828721849508128)
[048/100] idx= 51 -> success    (raw=success, compute_ms=6.6629335382052775, intv=0.17385620170978214)
[049/100] idx= 49 -> success    (raw=success, compute_ms=7.778699379255303, intv=0.19816767167194752)
[050/100] idx= 50 -> success    (raw=success, compute_ms=7.150891010922979, intv=0.16235598150693328)
[051/100] idx= 47 -> success    (raw=success, compute_ms=9.43396861366839, intv=0.3748686104215311)
[052/100] idx= 56 -> infeasible (raw=infeasible, compute_ms=9.633120203082527, intv=0.4728484074214057)
[053/100] idx= 52 -> success    (raw=success, compute_ms=9.033436633603099, intv=0.31937577121258487)
/Users/parkcart/workspace/occlusion-cbf/.venv/lib/python3.10/site-packages/cvxpy/problems/problem.py:1545: UserWarning: 
    The problem is either infeasible or unbounded, but the solver
    cannot tell which. Disable any solver-specific presolve methods
    and re-solve to determine the precise problem status.

    For GUROBI and CPLEX you can automatically perform this re-solve
    with the keyword argument prob.solve(reoptimize=True, ...).
    
  warnings.warn(INF_OR_UNB_MESSAGE)
[054/100] idx= 57 -> infeasible (raw=infeasible, compute_ms=8.214849218032805, intv=0.30205384308967625)
[055/100] idx= 54 -> success    (raw=success, compute_ms=7.182231041476961, intv=0.1315491230312222)
[056/100] idx= 53 -> success    (raw=success, compute_ms=7.994168119244347, intv=0.2386391892602787)
[057/100] idx= 59 -> collision  (raw=collision, compute_ms=7.430674196213448, intv=0.26347812674199067)
[058/100] idx= 55 -> success    (raw=success, compute_ms=7.6466117936702975, intv=0.33182877745283895)
[059/100] idx= 58 -> success    (raw=success, compute_ms=10.948779498525628, intv=0.2843159689565504)
[060/100] idx= 61 -> success    (raw=success, compute_ms=7.29096704156945, intv=0.1515524467612528)
ERROR in osqp_update_data_vec: Problem data validation.
ERROR in osqp_update_data_vec: Problem data validation.
ERROR in osqp_update_data_vec: Problem data validation.
ERROR in osqp_update_data_vec: Problem data validation.
ERROR in osqp_update_data_vec: Problem data validation.
ERROR in osqp_update_data_vec: Problem data validation.
ERROR in osqp_update_data_vec: Problem data validation.
ERROR in osqp_update_data_vec: Problem data validation.
ERROR in osqp_update_data_vec: Problem data validation.
ERROR in osqp_update_data_vec: Problem data validation.
ERROR in osqp_update_data_vec: Problem data validation.
ERROR in osqp_update_data_vec: Problem data validation.
ERROR in osqp_update_data_vec: Problem data validation.
ERROR in osqp_update_data_vec: Problem data validation.
ERROR in osqp_update_data_vec: Problem data validation.
ERROR in osqp_update_data_vec: Problem data validation.
ERROR in osqp_update_data_vec: Problem data validation.
ERROR in osqp_update_data_vec: Problem data validation.
ERROR in osqp_update_data_vec: Problem data validation.
ERROR in osqp_update_data_vec: Problem data validation.
ERROR in osqp_update_data_vec: Problem data validation.
ERROR in osqp_update_data_vec: Problem data validation.
ERROR in osqp_update_data_vec: Problem data validation.
ERROR in osqp_update_data_vec: Problem data validation.
ERROR in osqp_update_data_vec: Problem data validation.
ERROR in osqp_update_data_vec: Problem data validation.
ERROR in osqp_update_data_vec: Problem data validation.
ERROR in osqp_update_data_vec: Problem data validation.
ERROR in osqp_update_data_vec: Problem data validation.
ERROR in osqp_update_data_vec: Problem data validation.
ERROR in osqp_update_data_vec: Problem data validation.
ERROR in osqp_update_data_vec: Problem data validation.
ERROR in osqp_update_data_vec: Problem data validation.
ERROR in osqp_update_data_vec: Problem data validation.
ERROR in osqp_update_data_vec: Problem data validation.
ERROR in osqp_update_data_vec: Problem data validation.
ERROR in osqp_update_data_vec: Problem data validation.
ERROR in osqp_update_data_vec: Problem data validation.
ERROR in osqp_update_data_vec: Problem data validation.
ERROR in osqp_update_data_vec: Problem data validation.
ERROR in osqp_update_data_vec: Problem data validation.
ERROR in osqp_update_data_vec: Problem data validation.
ERROR in osqp_update_data_vec: Problem data validation.
ERROR in osqp_update_data_vec: Problem data validation.
ERROR in osqp_update_data_vec: Problem data validation.
ERROR in osqp_update_data_vec: Problem data validation.
ERROR in osqp_update_data_vec: Problem data validation.
ERROR in osqp_update_data_vec: Problem data validation.
ERROR in osqp_update_data_vec: Problem data validation.
ERROR in osqp_update_data_vec: Problem data validation.
ERROR in osqp_update_data_vec: Problem data validation.
ERROR in osqp_update_data_vec: Problem data validation.
ERROR in osqp_update_data_vec: Problem data validation.
ERROR in osqp_update_data_vec: Problem data validation.
ERROR in osqp_update_data_vec: Problem data validation.
ERROR in osqp_update_data_vec: Problem data validation.
ERROR in osqp_update_data_vec: Problem data validation.
ERROR in osqp_update_data_vec: Problem data validation.
ERROR in osqp_update_data_vec: Problem data validation.
ERROR in osqp_update_data_vec: Problem data validation.
ERROR in osqp_update_data_vec: Problem data validation.
ERROR in osqp_update_data_vec: Problem data validation.
ERROR in osqp_update_data_vec: Problem data validation.
ERROR in osqp_update_data_vec: Problem data validation.
ERROR in osqp_update_data_vec: Problem data validation.
ERROR in osqp_update_data_vec: Problem data validation.
ERROR in osqp_update_data_vec: Problem data validation.
ERROR in osqp_update_data_vec: Problem data validation.
ERROR in osqp_update_data_vec: Problem data validation.
ERROR in osqp_update_data_vec: Problem data validation.
ERROR in osqp_update_data_vec: Problem data validation.
ERROR in osqp_update_data_vec: Problem data validation.
ERROR in osqp_update_data_vec: Problem data validation.
ERROR in osqp_update_data_vec: Problem data validation.
ERROR in osqp_update_data_vec: Problem data validation.
ERROR in osqp_update_data_vec: Problem data validation.
ERROR in osqp_update_data_vec: Problem data validation.
ERROR in osqp_update_data_vec: Problem data validation.
ERROR in osqp_update_data_vec: Problem data validation.
ERROR in osqp_update_data_vec: Problem data validation.
ERROR in osqp_update_data_vec: Problem data validation.
ERROR in osqp_update_data_vec: Problem data validation.
ERROR in osqp_update_data_vec: Problem data validation.
ERROR in osqp_update_data_vec: Problem data validation.
ERROR in osqp_update_data_vec: Problem data validation.
ERROR in osqp_update_data_vec: Problem data validation.
ERROR in osqp_update_data_vec: Problem data validation.
ERROR in osqp_update_data_vec: Problem data validation.
ERROR in osqp_update_data_vec: Problem data validation.
ERROR in osqp_update_data_vec: Problem data validation.
ERROR in osqp_update_data_vec: Problem data validation.
ERROR in osqp_update_data_vec: Problem data validation.
ERROR in osqp_update_data_vec: Problem data validation.
ERROR in osqp_update_data_vec: Problem data validation.
ERROR in osqp_update_data_vec: Problem data validation.
ERROR in osqp_update_data_vec: Problem data validation.
ERROR in osqp_update_data_vec: Problem data validation.
ERROR in osqp_update_data_vec: Problem data validation.
ERROR in osqp_update_data_vec: Problem data validation.
ERROR in osqp_update_data_vec: Problem data validation.
ERROR in osqp_update_data_vec: Problem data validation.
ERROR in osqp_update_data_vec: Problem data validation.
ERROR in osqp_update_data_vec: Problem data validation.
ERROR in osqp_update_data_vec: Problem data validation.
ERROR in osqp_update_data_vec: Problem data validation.
ERROR in osqp_update_data_vec: Problem data validation.
ERROR in osqp_update_data_vec: Problem data validation.
ERROR in osqp_update_data_vec: Problem data validation.
ERROR in osqp_update_data_vec: Problem data validation.
ERROR in osqp_update_data_vec: Problem data validation.
ERROR in osqp_update_data_vec: Problem data validation.
ERROR in osqp_update_data_vec: Problem data validation.
ERROR in osqp_update_data_vec: Problem data validation.
ERROR in osqp_update_data_vec: Problem data validation.
ERROR in osqp_update_data_vec: Problem data validation.
ERROR in osqp_update_data_vec: Problem data validation.
ERROR in osqp_update_data_vec: Problem data validation.
ERROR in osqp_update_data_vec: Problem data validation.
ERROR in osqp_update_data_vec: Problem data validation.
ERROR in osqp_update_data_vec: Problem data validation.
ERROR in osqp_update_data_vec: Problem data validation.
ERROR in osqp_update_data_vec: Problem data validation.
ERROR in osqp_update_data_vec: Problem data validation.
ERROR in osqp_update_data_vec: Problem data validation.
ERROR in osqp_update_data_vec: Problem data validation.
ERROR in osqp_update_data_vec: Problem data validation.
ERROR in osqp_update_data_vec: Problem data validation.
ERROR in osqp_update_data_vec: Problem data validation.
ERROR in osqp_update_data_vec: Problem data validation.
ERROR in osqp_update_data_vec: Problem data validation.
ERROR in osqp_update_data_vec: Problem data validation.
ERROR in osqp_update_data_vec: Problem data validation.
ERROR in osqp_update_data_vec: Problem data validation.
ERROR in osqp_update_data_vec: Problem data validation.
ERROR in osqp_update_data_vec: Problem data validation.
ERROR in osqp_update_data_vec: Problem data validation.
ERROR in osqp_update_data_vec: Problem data validation.
ERROR in osqp_update_data_vec: Problem data validation.
ERROR in osqp_update_data_vec: Problem data validation.
ERROR in osqp_update_data_vec: Problem data validation.
ERROR in osqp_update_data_vec: Problem data validation.
ERROR in osqp_update_data_vec: Problem data validation.
ERROR in osqp_update_data_vec: Problem data validation.
ERROR in osqp_update_data_vec: Problem data validation.
ERROR in osqp_update_data_vec: Problem data validation.
ERROR in osqp_update_data_vec: Problem data validation.
[061/100] idx= 60 -> success    (raw=success, compute_ms=7.263895509590195, intv=0.1802970813175774)
[062/100] idx= 65 -> infeasible (raw=infeasible, compute_ms=9.346876579225166, intv=0.44014615395317613)
ERROR in osqp_update_data_vec: Problem data validation.
ERROR in osqp_update_data_vec: Problem data validation.
ERROR in osqp_update_data_vec: Problem data validation.
ERROR in osqp_update_data_vec: Problem data validation.
ERROR in osqp_update_data_vec: Problem data validation.
ERROR in osqp_update_data_vec: Problem data validation.
ERROR in osqp_update_data_vec: Problem data validation.
ERROR in osqp_update_data_vec: Problem data validation.
ERROR in osqp_update_data_vec: Problem data validation.
ERROR in osqp_update_data_vec: Problem data validation.
ERROR in osqp_update_data_vec: Problem data validation.
ERROR in osqp_update_data_vec: Problem data validation.
ERROR in osqp_update_data_vec: Problem data validation.
ERROR in osqp_update_data_vec: Problem data validation.
ERROR in osqp_update_data_vec: Problem data validation.
ERROR in osqp_update_data_vec: Problem data validation.
ERROR in osqp_update_data_vec: Problem data validation.
ERROR in osqp_update_data_vec: Problem data validation.
ERROR in osqp_update_data_vec: Problem data validation.
ERROR in osqp_update_data_vec: Problem data validation.
ERROR in osqp_update_data_vec: Problem data validation.
ERROR in osqp_update_data_vec: Problem data validation.
ERROR in osqp_update_data_vec: Problem data validation.
ERROR in osqp_update_data_vec: Problem data validation.
ERROR in osqp_update_data_vec: Problem data validation.
ERROR in osqp_update_data_vec: Problem data validation.
ERROR in osqp_update_data_vec: Problem data validation.
ERROR in osqp_update_data_vec: Problem data validation.
ERROR in osqp_update_data_vec: Problem data validation.
ERROR in osqp_update_data_vec: Problem data validation.
ERROR in osqp_update_data_vec: Problem data validation.
ERROR in osqp_update_data_vec: Problem data validation.
ERROR in osqp_update_data_vec: Problem data validation.
ERROR in osqp_update_data_vec: Problem data validation.
ERROR in osqp_update_data_vec: Problem data validation.
ERROR in osqp_update_data_vec: Problem data validation.
ERROR in osqp_update_data_vec: Problem data validation.
ERROR in osqp_update_data_vec: Problem data validation.
ERROR in osqp_update_data_vec: Problem data validation.
ERROR in osqp_update_data_vec: Problem data validation.
ERROR in osqp_update_data_vec: Problem data validation.
ERROR in osqp_update_data_vec: Problem data validation.
ERROR in osqp_update_data_vec: Problem data validation.
ERROR in osqp_update_data_vec: Problem data validation.
ERROR in osqp_update_data_vec: Problem data validation.
ERROR in osqp_update_data_vec: Problem data validation.
ERROR in osqp_update_data_vec: Problem data validation.
ERROR in osqp_update_data_vec: Problem data validation.
ERROR in osqp_update_data_vec: Problem data validation.
ERROR in osqp_update_data_vec: Problem data validation.
ERROR in osqp_update_data_vec: Problem data validation.
ERROR in osqp_update_data_vec: Problem data validation.
ERROR in osqp_update_data_vec: Problem data validation.
ERROR in osqp_update_data_vec: Problem data validation.
ERROR in osqp_update_data_vec: Problem data validation.
ERROR in osqp_update_data_vec: Problem data validation.
ERROR in osqp_update_data_vec: Problem data validation.
ERROR in osqp_update_data_vec: Problem data validation.
ERROR in osqp_update_data_vec: Problem data validation.
ERROR in osqp_update_data_vec: Problem data validation.
ERROR in osqp_update_data_vec: Problem data validation.
ERROR in osqp_update_data_vec: Problem data validation.
ERROR in osqp_update_data_vec: Problem data validation.
ERROR in osqp_update_data_vec: Problem data validation.
ERROR in osqp_update_data_vec: Problem data validation.
ERROR in osqp_update_data_vec: Problem data validation.
ERROR in osqp_update_data_vec: Problem data validation.
ERROR in osqp_update_data_vec: Problem data validation.
ERROR in osqp_update_data_vec: Problem data validation.
ERROR in osqp_update_data_vec: Problem data validation.
ERROR in osqp_update_data_vec: Problem data validation.
ERROR in osqp_update_data_vec: Problem data validation.
ERROR in osqp_update_data_vec: Problem data validation.
ERROR in osqp_update_data_vec: Problem data validation.
ERROR in osqp_update_data_vec: Problem data validation.
ERROR in osqp_update_data_vec: Problem data validation.
ERROR in osqp_update_data_vec: Problem data validation.
ERROR in osqp_update_data_vec: Problem data validation.
ERROR in osqp_update_data_vec: Problem data validation.
ERROR in osqp_update_data_vec: Problem data validation.
ERROR in osqp_update_data_vec: Problem data validation.
ERROR in osqp_update_data_vec: Problem data validation.
ERROR in osqp_update_data_vec: Problem data validation.
ERROR in osqp_update_data_vec: Problem data validation.
ERROR in osqp_update_data_vec: Problem data validation.
ERROR in osqp_update_data_vec: Problem data validation.
ERROR in osqp_update_data_vec: Problem data validation.
ERROR in osqp_update_data_vec: Problem data validation.
ERROR in osqp_update_data_vec: Problem data validation.
ERROR in osqp_update_data_vec: Problem data validation.
ERROR in osqp_update_data_vec: Problem data validation.
ERROR in osqp_update_data_vec: Problem data validation.
ERROR in osqp_update_data_vec: Problem data validation.
ERROR in osqp_update_data_vec: Problem data validation.
ERROR in osqp_update_data_vec: Problem data validation.
ERROR in osqp_update_data_vec: Problem data validation.
ERROR in osqp_update_data_vec: Problem data validation.
ERROR in osqp_update_data_vec: Problem data validation.
ERROR in osqp_update_data_vec: Problem data validation.
ERROR in osqp_update_data_vec: Problem data validation.
ERROR in osqp_update_data_vec: Problem data validation.
ERROR in osqp_update_data_vec: Problem data validation.
ERROR in osqp_update_data_vec: Problem data validation.
ERROR in osqp_update_data_vec: Problem data validation.
ERROR in osqp_update_data_vec: Problem data validation.
ERROR in osqp_update_data_vec: Problem data validation.
ERROR in osqp_update_data_vec: Problem data validation.
ERROR in osqp_update_data_vec: Problem data validation.
ERROR in osqp_update_data_vec: Problem data validation.
ERROR in osqp_update_data_vec: Problem data validation.
ERROR in osqp_update_data_vec: Problem data validation.
ERROR in osqp_update_data_vec: Problem data validation.
ERROR in osqp_update_data_vec: Problem data validation.
ERROR in osqp_update_data_vec: Problem data validation.
ERROR in osqp_update_data_vec: Problem data validation.
ERROR in osqp_update_data_vec: Problem data validation.
ERROR in osqp_update_data_vec: Problem data validation.
ERROR in osqp_update_data_vec: Problem data validation.
ERROR in osqp_update_data_vec: Problem data validation.
ERROR in osqp_update_data_vec: Problem data validation.
ERROR in osqp_update_data_vec: Problem data validation.
ERROR in osqp_update_data_vec: Problem data validation.
ERROR in osqp_update_data_vec: Problem data validation.
ERROR in osqp_update_data_vec: Problem data validation.
ERROR in osqp_update_data_vec: Problem data validation.
ERROR in osqp_update_data_vec: Problem data validation.
ERROR in osqp_update_data_vec: Problem data validation.
ERROR in osqp_update_data_vec: Problem data validation.
ERROR in osqp_update_data_vec: Problem data validation.
ERROR in osqp_update_data_vec: Problem data validation.
ERROR in osqp_update_data_vec: Problem data validation.
ERROR in osqp_update_data_vec: Problem data validation.
ERROR in osqp_update_data_vec: Problem data validation.
ERROR in osqp_update_data_vec: Problem data validation.
ERROR in osqp_update_data_vec: Problem data validation.
ERROR in osqp_update_data_vec: Problem data validation.
ERROR in osqp_update_data_vec: Problem data validation.
ERROR in osqp_update_data_vec: Problem data validation.
ERROR in osqp_update_data_vec: Problem data validation.
ERROR in osqp_update_data_vec: Problem data validation.
ERROR in osqp_update_data_vec: Problem data validation.
ERROR in osqp_update_data_vec: Problem data validation.
ERROR in osqp_update_data_vec: Problem data validation.
ERROR in osqp_update_data_vec: Problem data validation.
ERROR in osqp_update_data_vec: Problem data validation.
ERROR in osqp_update_data_vec: Problem data validation.
[063/100] idx= 67 -> infeasible (raw=infeasible, compute_ms=8.528289750912508, intv=0.372099093107581)
[064/100] idx= 63 -> success    (raw=success, compute_ms=7.593071254000078, intv=0.2405141220025611)
[065/100] idx= 62 -> success    (raw=success, compute_ms=8.263457334039373, intv=0.335111761788364)
[066/100] idx= 64 -> infeasible (raw=infeasible, compute_ms=8.078412282624337, intv=0.3029514325926024)
ERROR in osqp_update_data_vec: Problem data validation.
ERROR in osqp_update_data_vec: Problem data validation.
ERROR in osqp_update_data_vec: Problem data validation.
ERROR in osqp_update_data_vec: Problem data validation.
ERROR in osqp_update_data_vec: Problem data validation.
ERROR in osqp_update_data_vec: Problem data validation.
ERROR in osqp_update_data_vec: Problem data validation.
ERROR in osqp_update_data_vec: Problem data validation.
ERROR in osqp_update_data_vec: Problem data validation.
ERROR in osqp_update_data_vec: Problem data validation.
ERROR in osqp_update_data_vec: Problem data validation.
ERROR in osqp_update_data_vec: Problem data validation.
ERROR in osqp_update_data_vec: Problem data validation.
ERROR in osqp_update_data_vec: Problem data validation.
ERROR in osqp_update_data_vec: Problem data validation.
ERROR in osqp_update_data_vec: Problem data validation.
ERROR in osqp_update_data_vec: Problem data validation.
ERROR in osqp_update_data_vec: Problem data validation.
ERROR in osqp_update_data_vec: Problem data validation.
ERROR in osqp_update_data_vec: Problem data validation.
ERROR in osqp_update_data_vec: Problem data validation.
ERROR in osqp_update_data_vec: Problem data validation.
ERROR in osqp_update_data_vec: Problem data validation.
ERROR in osqp_update_data_vec: Problem data validation.
ERROR in osqp_update_data_vec: Problem data validation.
ERROR in osqp_update_data_vec: Problem data validation.
ERROR in osqp_update_data_vec: Problem data validation.
ERROR in osqp_update_data_vec: Problem data validation.
ERROR in osqp_update_data_vec: Problem data validation.
ERROR in osqp_update_data_vec: Problem data validation.
ERROR in osqp_update_data_vec: Problem data validation.
ERROR in osqp_update_data_vec: Problem data validation.
ERROR in osqp_update_data_vec: Problem data validation.
ERROR in osqp_update_data_vec: Problem data validation.
ERROR in osqp_update_data_vec: Problem data validation.
ERROR in osqp_update_data_vec: Problem data validation.
ERROR in osqp_update_data_vec: Problem data validation.
ERROR in osqp_update_data_vec: Problem data validation.
ERROR in osqp_update_data_vec: Problem data validation.
ERROR in osqp_update_data_vec: Problem data validation.
ERROR in osqp_update_data_vec: Problem data validation.
ERROR in osqp_update_data_vec: Problem data validation.
ERROR in osqp_update_data_vec: Problem data validation.
ERROR in osqp_update_data_vec: Problem data validation.
ERROR in osqp_update_data_vec: Problem data validation.
ERROR in osqp_update_data_vec: Problem data validation.
ERROR in osqp_update_data_vec: Problem data validation.
ERROR in osqp_update_data_vec: Problem data validation.
ERROR in osqp_update_data_vec: Problem data validation.
ERROR in osqp_update_data_vec: Problem data validation.
ERROR in osqp_update_data_vec: Problem data validation.
ERROR in osqp_update_data_vec: Problem data validation.
ERROR in osqp_update_data_vec: Problem data validation.
ERROR in osqp_update_data_vec: Problem data validation.
ERROR in osqp_update_data_vec: Problem data validation.
ERROR in osqp_update_data_vec: Problem data validation.
ERROR in osqp_update_data_vec: Problem data validation.
ERROR in osqp_update_data_vec: Problem data validation.
ERROR in osqp_update_data_vec: Problem data validation.
ERROR in osqp_update_data_vec: Problem data validation.
ERROR in osqp_update_data_vec: Problem data validation.
ERROR in osqp_update_data_vec: Problem data validation.
ERROR in osqp_update_data_vec: Problem data validation.
ERROR in osqp_update_data_vec: Problem data validation.
ERROR in osqp_update_data_vec: Problem data validation.
ERROR in osqp_update_data_vec: Problem data validation.
ERROR in osqp_update_data_vec: Problem data validation.
ERROR in osqp_update_data_vec: Problem data validation.
ERROR in osqp_update_data_vec: Problem data validation.
ERROR in osqp_update_data_vec: Problem data validation.
ERROR in osqp_update_data_vec: Problem data validation.
ERROR in osqp_update_data_vec: Problem data validation.
ERROR in osqp_update_data_vec: Problem data validation.
ERROR in osqp_update_data_vec: Problem data validation.
ERROR in osqp_update_data_vec: Problem data validation.
ERROR in osqp_update_data_vec: Problem data validation.
ERROR in osqp_update_data_vec: Problem data validation.
ERROR in osqp_update_data_vec: Problem data validation.
ERROR in osqp_update_data_vec: Problem data validation.
ERROR in osqp_update_data_vec: Problem data validation.
ERROR in osqp_update_data_vec: Problem data validation.
ERROR in osqp_update_data_vec: Problem data validation.
ERROR in osqp_update_data_vec: Problem data validation.
ERROR in osqp_update_data_vec: Problem data validation.
ERROR in osqp_update_data_vec: Problem data validation.
ERROR in osqp_update_data_vec: Problem data validation.
ERROR in osqp_update_data_vec: Problem data validation.
ERROR in osqp_update_data_vec: Problem data validation.
ERROR in osqp_update_data_vec: Problem data validation.
ERROR in osqp_update_data_vec: Problem data validation.
ERROR in osqp_update_data_vec: Problem data validation.
ERROR in osqp_update_data_vec: Problem data validation.
ERROR in osqp_update_data_vec: Problem data validation.
ERROR in osqp_update_data_vec: Problem data validation.
ERROR in osqp_update_data_vec: Problem data validation.
ERROR in osqp_update_data_vec: Problem data validation.
ERROR in osqp_update_data_vec: Problem data validation.
ERROR in osqp_update_data_vec: Problem data validation.
ERROR in osqp_update_data_vec: Problem data validation.
ERROR in osqp_update_data_vec: Problem data validation.
ERROR in osqp_update_data_vec: Problem data validation.
ERROR in osqp_update_data_vec: Problem data validation.
ERROR in osqp_update_data_vec: Problem data validation.
Infeasible detected!!
ERROR in osqp_update_data_vec: Problem data validation.
ERROR in osqp_update_data_vec: Problem data validation.
ERROR in osqp_update_data_vec: Problem data validation.
ERROR in osqp_update_data_vec: Problem data validation.
ERROR in osqp_update_data_vec: Problem data validation.
ERROR in osqp_update_data_vec: Problem data validation.
ERROR in osqp_update_data_vec: Problem data validation.
ERROR in osqp_update_data_vec: Problem data validation.
ERROR in osqp_update_data_vec: Problem data validation.
ERROR in osqp_update_data_vec: Problem data validation.
ERROR in osqp_update_data_vec: Problem data validation.
ERROR in osqp_update_data_vec: Problem data validation.
ERROR in osqp_update_data_vec: Problem data validation.
ERROR in osqp_update_data_vec: Problem data validation.
ERROR in osqp_update_data_vec: Problem data validation.
ERROR in osqp_update_data_vec: Problem data validation.
ERROR in osqp_update_data_vec: Problem data validation.
Infeasible detected!!
ERROR in osqp_update_data_vec: Problem data validation.
ERROR in osqp_update_data_vec: Problem data validation.
ERROR in osqp_update_data_vec: Problem data validation.
ERROR in osqp_update_data_vec: Problem data validation.
ERROR in osqp_update_data_vec: Problem data validation.
ERROR in osqp_update_data_vec: Problem data validation.
ERROR in osqp_update_data_vec: Problem data validation.
ERROR in osqp_update_data_vec: Problem data validation.
ERROR in osqp_update_data_vec: Problem data validation.
ERROR in osqp_update_data_vec: Problem data validation.
ERROR in osqp_update_data_vec: Problem data validation.
ERROR in osqp_update_data_vec: Problem data validation.
ERROR in osqp_update_data_vec: Problem data validation.
ERROR in osqp_update_data_vec: Problem data validation.
ERROR in osqp_update_data_vec: Problem data validation.
ERROR in osqp_update_data_vec: Problem data validation.
ERROR in osqp_update_data_vec: Problem data validation.
ERROR in osqp_update_data_vec: Problem data validation.
ERROR in osqp_update_data_vec: Problem data validation.
ERROR in osqp_update_data_vec: Problem data validation.
ERROR in osqp_update_data_vec: Problem data validation.
ERROR in osqp_update_data_vec: Problem data validation.
ERROR in osqp_update_data_vec: Problem data validation.
ERROR in osqp_update_data_vec: Problem data validation.
ERROR in osqp_update_data_vec: Problem data validation.
[067/100] idx= 68 -> success    (raw=success, compute_ms=7.686459484473601, intv=0.21636926356616193)
[068/100] idx= 66 -> success    (raw=success, compute_ms=7.772191878450005, intv=0.2478967093867538)
[069/100] idx= 72 -> infeasible (raw=infeasible, compute_ms=11.93744601683938, intv=0.43511033488672624)
[070/100] idx= 69 -> infeasible (raw=infeasible, compute_ms=8.45667986239203, intv=0.40628748993495395)
[071/100] idx= 70 -> success    (raw=success, compute_ms=7.851829701244656, intv=0.19602261140069022)
ERROR in osqp_update_data_vec: Problem data validation.
ERROR in osqp_update_data_vec: Problem data validation.
ERROR in osqp_update_data_vec: Problem data validation.
ERROR in osqp_update_data_vec: Problem data validation.
ERROR in osqp_update_data_vec: Problem data validation.
ERROR in osqp_update_data_vec: Problem data validation.
ERROR in osqp_update_data_vec: Problem data validation.
ERROR in osqp_update_data_vec: Problem data validation.
ERROR in osqp_update_data_vec: Problem data validation.
ERROR in osqp_update_data_vec: Problem data validation.
ERROR in osqp_update_data_vec: Problem data validation.
Infeasible detected!!
ERROR in osqp_update_data_vec: Problem data validation.
ERROR in osqp_update_data_vec: Problem data validation.
ERROR in osqp_update_data_vec: Problem data validation.
ERROR in osqp_update_data_vec: Problem data validation.
ERROR in osqp_update_data_vec: Problem data validation.
ERROR in osqp_update_data_vec: Problem data validation.
ERROR in osqp_update_data_vec: Problem data validation.
ERROR in osqp_update_data_vec: Problem data validation.
ERROR in osqp_update_data_vec: Problem data validation.
ERROR in osqp_update_data_vec: Problem data validation.
ERROR in osqp_update_data_vec: Problem data validation.
ERROR in osqp_update_data_vec: Problem data validation.
ERROR in osqp_update_data_vec: Problem data validation.
ERROR in osqp_update_data_vec: Problem data validation.
ERROR in osqp_update_data_vec: Problem data validation.
ERROR in osqp_update_data_vec: Problem data validation.
ERROR in osqp_update_data_vec: Problem data validation.
ERROR in osqp_update_data_vec: Problem data validation.
ERROR in osqp_update_data_vec: Problem data validation.
ERROR in osqp_update_data_vec: Problem data validation.
ERROR in osqp_update_data_vec: Problem data validation.
ERROR in osqp_update_data_vec: Problem data validation.
ERROR in osqp_update_data_vec: Problem data validation.
ERROR in osqp_update_data_vec: Problem data validation.
ERROR in osqp_update_data_vec: Problem data validation.
ERROR in osqp_update_data_vec: Problem data validation.
ERROR in osqp_update_data_vec: Problem data validation.
ERROR in osqp_update_data_vec: Problem data validation.
ERROR in osqp_update_data_vec: Problem data validation.
ERROR in osqp_update_data_vec: Problem data validation.
ERROR in osqp_update_data_vec: Problem data validation.
ERROR in osqp_update_data_vec: Problem data validation.
ERROR in osqp_update_data_vec: Problem data validation.
ERROR in osqp_update_data_vec: Problem data validation.
ERROR in osqp_update_data_vec: Problem data validation.
ERROR in osqp_update_data_vec: Problem data validation.
ERROR in osqp_update_data_vec: Problem data validation.
ERROR in osqp_update_data_vec: Problem data validation.
ERROR in osqp_update_data_vec: Problem data validation.
ERROR in osqp_update_data_vec: Problem data validation.
ERROR in osqp_update_data_vec: Problem data validation.
ERROR in osqp_update_data_vec: Problem data validation.
ERROR in osqp_update_data_vec: Problem data validation.
ERROR in osqp_update_data_vec: Problem data validation.
ERROR in osqp_update_data_vec: Problem data validation.
ERROR in osqp_update_data_vec: Problem data validation.
ERROR in osqp_update_data_vec: Problem data validation.
ERROR in osqp_update_data_vec: Problem data validation.
ERROR in osqp_update_data_vec: Problem data validation.
ERROR in osqp_update_data_vec: Problem data validation.
ERROR in osqp_update_data_vec: Problem data validation.
ERROR in osqp_update_data_vec: Problem data validation.
ERROR in osqp_update_data_vec: Problem data validation.
ERROR in osqp_update_data_vec: Problem data validation.
ERROR in osqp_update_data_vec: Problem data validation.
ERROR in osqp_update_data_vec: Problem data validation.
ERROR in osqp_update_data_vec: Problem data validation.
ERROR in osqp_update_data_vec: Problem data validation.
ERROR in osqp_update_data_vec: Problem data validation.
ERROR in osqp_update_data_vec: Problem data validation.
ERROR in osqp_update_data_vec: Problem data validation.
ERROR in osqp_update_data_vec: Problem data validation.
ERROR in osqp_update_data_vec: Problem data validation.
ERROR in osqp_update_data_vec: Problem data validation.
ERROR in osqp_update_data_vec: Problem data validation.
ERROR in osqp_update_data_vec: Problem data validation.
ERROR in osqp_update_data_vec: Problem data validation.
ERROR in osqp_update_data_vec: Problem data validation.
ERROR in osqp_update_data_vec: Problem data validation.
ERROR in osqp_update_data_vec: Problem data validation.
ERROR in osqp_update_data_vec: Problem data validation.
ERROR in osqp_update_data_vec: Problem data validation.
ERROR in osqp_update_data_vec: Problem data validation.
ERROR in osqp_update_data_vec: Problem data validation.
ERROR in osqp_update_data_vec: Problem data validation.
ERROR in osqp_update_data_vec: Problem data validation.
ERROR in osqp_update_data_vec: Problem data validation.
ERROR in osqp_update_data_vec: Problem data validation.
ERROR in osqp_update_data_vec: Problem data validation.
ERROR in osqp_update_data_vec: Problem data validation.
ERROR in osqp_update_data_vec: Problem data validation.
ERROR in osqp_update_data_vec: Problem data validation.
ERROR in osqp_update_data_vec: Problem data validation.
ERROR in osqp_update_data_vec: Problem data validation.
ERROR in osqp_update_data_vec: Problem data validation.
ERROR in osqp_update_data_vec: Problem data validation.
ERROR in osqp_update_data_vec: Problem data validation.
ERROR in osqp_update_data_vec: Problem data validation.
ERROR in osqp_update_data_vec: Problem data validation.
ERROR in osqp_update_data_vec: Problem data validation.
ERROR in osqp_update_data_vec: Problem data validation.
ERROR in osqp_update_data_vec: Problem data validation.
ERROR in osqp_update_data_vec: Problem data validation.
ERROR in osqp_update_data_vec: Problem data validation.
ERROR in osqp_update_data_vec: Problem data validation.
ERROR in osqp_update_data_vec: Problem data validation.
ERROR in osqp_update_data_vec: Problem data validation.
ERROR in osqp_update_data_vec: Problem data validation.
ERROR in osqp_update_data_vec: Problem data validation.
ERROR in osqp_update_data_vec: Problem data validation.
ERROR in osqp_update_data_vec: Problem data validation.
ERROR in osqp_update_data_vec: Problem data validation.
ERROR in osqp_update_data_vec: Problem data validation.
ERROR in osqp_update_data_vec: Problem data validation.
ERROR in osqp_update_data_vec: Problem data validation.
ERROR in osqp_update_data_vec: Problem data validation.
ERROR in osqp_update_data_vec: Problem data validation.
ERROR in osqp_update_data_vec: Problem data validation.
ERROR in osqp_update_data_vec: Problem data validation.
ERROR in osqp_update_data_vec: Problem data validation.
ERROR in osqp_update_data_vec: Problem data validation.
ERROR in osqp_update_data_vec: Problem data validation.
ERROR in osqp_update_data_vec: Problem data validation.
ERROR in osqp_update_data_vec: Problem data validation.
ERROR in osqp_update_data_vec: Problem data validation.
ERROR in osqp_update_data_vec: Problem data validation.
ERROR in osqp_update_data_vec: Problem data validation.
ERROR in osqp_update_data_vec: Problem data validation.
ERROR in osqp_update_data_vec: Problem data validation.
ERROR in osqp_update_data_vec: Problem data validation.
ERROR in osqp_update_data_vec: Problem data validation.
ERROR in osqp_update_data_vec: Problem data validation.
ERROR in osqp_update_data_vec: Problem data validation.
ERROR in osqp_update_data_vec: Problem data validation.
ERROR in osqp_update_data_vec: Problem data validation.
ERROR in osqp_update_data_vec: Problem data validation.
ERROR in osqp_update_data_vec: Problem data validation.
ERROR in osqp_update_data_vec: Problem data validation.
ERROR in osqp_update_data_vec: Problem data validation.
ERROR in osqp_update_data_vec: Problem data validation.
ERROR in osqp_update_data_vec: Problem data validation.
ERROR in osqp_update_data_vec: Problem data validation.
ERROR in osqp_update_data_vec: Problem data validation.
ERROR in osqp_update_data_vec: Problem data validation.
[072/100] idx= 71 -> success    (raw=success, compute_ms=7.638651874723336, intv=0.2933873026173071)
[073/100] idx= 73 -> success    (raw=success, compute_ms=7.88417559191299, intv=0.2517044533492407)
[074/100] idx= 76 -> success    (raw=success, compute_ms=7.035488980721547, intv=0.20567576057545486)
ERROR in osqp_update_data_vec: Problem data validation.
ERROR in osqp_update_data_vec: Problem data validation.
ERROR in osqp_update_data_vec: Problem data validation.
ERROR in osqp_update_data_vec: Problem data validation.
ERROR in osqp_update_data_vec: Problem data validation.
ERROR in osqp_update_data_vec: Problem data validation.
ERROR in osqp_update_data_vec: Problem data validation.
ERROR in osqp_update_data_vec: Problem data validation.
ERROR in osqp_update_data_vec: Problem data validation.
ERROR in osqp_update_data_vec: Problem data validation.
ERROR in osqp_update_data_vec: Problem data validation.
ERROR in osqp_update_data_vec: Problem data validation.
ERROR in osqp_update_data_vec: Problem data validation.
ERROR in osqp_update_data_vec: Problem data validation.
ERROR in osqp_update_data_vec: Problem data validation.
ERROR in osqp_update_data_vec: Problem data validation.
ERROR in osqp_update_data_vec: Problem data validation.
ERROR in osqp_update_data_vec: Problem data validation.
ERROR in osqp_update_data_vec: Problem data validation.
ERROR in osqp_update_data_vec: Problem data validation.
ERROR in osqp_update_data_vec: Problem data validation.
ERROR in osqp_update_data_vec: Problem data validation.
ERROR in osqp_update_data_vec: Problem data validation.
ERROR in osqp_update_data_vec: Problem data validation.
ERROR in osqp_update_data_vec: Problem data validation.
ERROR in osqp_update_data_vec: Problem data validation.
ERROR in osqp_update_data_vec: Problem data validation.
ERROR in osqp_update_data_vec: Problem data validation.
ERROR in osqp_update_data_vec: Problem data validation.
ERROR in osqp_update_data_vec: Problem data validation.
ERROR in osqp_update_data_vec: Problem data validation.
ERROR in osqp_update_data_vec: Problem data validation.
ERROR in osqp_update_data_vec: Problem data validation.
ERROR in osqp_update_data_vec: Problem data validation.
ERROR in osqp_update_data_vec: Problem data validation.
ERROR in osqp_update_data_vec: Problem data validation.
ERROR in osqp_update_data_vec: Problem data validation.
ERROR in osqp_update_data_vec: Problem data validation.
ERROR in osqp_update_data_vec: Problem data validation.
ERROR in osqp_update_data_vec: Problem data validation.
ERROR in osqp_update_data_vec: Problem data validation.
ERROR in osqp_update_data_vec: Problem data validation.
ERROR in osqp_update_data_vec: Problem data validation.
ERROR in osqp_update_data_vec: Problem data validation.
ERROR in osqp_update_data_vec: Problem data validation.
ERROR in osqp_update_data_vec: Problem data validation.
ERROR in osqp_update_data_vec: Problem data validation.
ERROR in osqp_update_data_vec: Problem data validation.
ERROR in osqp_update_data_vec: Problem data validation.
ERROR in osqp_update_data_vec: Problem data validation.
ERROR in osqp_update_data_vec: Problem data validation.
ERROR in osqp_update_data_vec: Problem data validation.
ERROR in osqp_update_data_vec: Problem data validation.
ERROR in osqp_update_data_vec: Problem data validation.
ERROR in osqp_update_data_vec: Problem data validation.
ERROR in osqp_update_data_vec: Problem data validation.
ERROR in osqp_update_data_vec: Problem data validation.
ERROR in osqp_update_data_vec: Problem data validation.
ERROR in osqp_update_data_vec: Problem data validation.
ERROR in osqp_update_data_vec: Problem data validation.
ERROR in osqp_update_data_vec: Problem data validation.
ERROR in osqp_update_data_vec: Problem data validation.
ERROR in osqp_update_data_vec: Problem data validation.
ERROR in osqp_update_data_vec: Problem data validation.
ERROR in osqp_update_data_vec: Problem data validation.
ERROR in osqp_update_data_vec: Problem data validation.
ERROR in osqp_update_data_vec: Problem data validation.
ERROR in osqp_update_data_vec: Problem data validation.
ERROR in osqp_update_data_vec: Problem data validation.
ERROR in osqp_update_data_vec: Problem data validation.
ERROR in osqp_update_data_vec: Problem data validation.
ERROR in osqp_update_data_vec: Problem data validation.
ERROR in osqp_update_data_vec: Problem data validation.
ERROR in osqp_update_data_vec: Problem data validation.
ERROR in osqp_update_data_vec: Problem data validation.
ERROR in osqp_update_data_vec: Problem data validation.
ERROR in osqp_update_data_vec: Problem data validation.
ERROR in osqp_update_data_vec: Problem data validation.
ERROR in osqp_update_data_vec: Problem data validation.
ERROR in osqp_update_data_vec: Problem data validation.
ERROR in osqp_update_data_vec: Problem data validation.
ERROR in osqp_update_data_vec: Problem data validation.
ERROR in osqp_update_data_vec: Problem data validation.
ERROR in osqp_update_data_vec: Problem data validation.
ERROR in osqp_update_data_vec: Problem data validation.
ERROR in osqp_update_data_vec: Problem data validation.
ERROR in osqp_update_data_vec: Problem data validation.
ERROR in osqp_update_data_vec: Problem data validation.
ERROR in osqp_update_data_vec: Problem data validation.
ERROR in osqp_update_data_vec: Problem data validation.
ERROR in osqp_update_data_vec: Problem data validation.
ERROR in osqp_update_data_vec: Problem data validation.
ERROR in osqp_update_data_vec: Problem data validation.
ERROR in osqp_update_data_vec: Problem data validation.
ERROR in osqp_update_data_vec: Problem data validation.
ERROR in osqp_update_data_vec: Problem data validation.
ERROR in osqp_update_data_vec: Problem data validation.
ERROR in osqp_update_data_vec: Problem data validation.
ERROR in osqp_update_data_vec: Problem data validation.
ERROR in osqp_update_data_vec: Problem data validation.
ERROR in osqp_update_data_vec: Problem data validation.
ERROR in osqp_update_data_vec: Problem data validation.
ERROR in osqp_update_data_vec: Problem data validation.
ERROR in osqp_update_data_vec: Problem data validation.
ERROR in osqp_update_data_vec: Problem data validation.
ERROR in osqp_update_data_vec: Problem data validation.
ERROR in osqp_update_data_vec: Problem data validation.
ERROR in osqp_update_data_vec: Problem data validation.
ERROR in osqp_update_data_vec: Problem data validation.
ERROR in osqp_update_data_vec: Problem data validation.
ERROR in osqp_update_data_vec: Problem data validation.
ERROR in osqp_update_data_vec: Problem data validation.
ERROR in osqp_update_data_vec: Problem data validation.
ERROR in osqp_update_data_vec: Problem data validation.
ERROR in osqp_update_data_vec: Problem data validation.
ERROR in osqp_update_data_vec: Problem data validation.
ERROR in osqp_update_data_vec: Problem data validation.
ERROR in osqp_update_data_vec: Problem data validation.
ERROR in osqp_update_data_vec: Problem data validation.
ERROR in osqp_update_data_vec: Problem data validation.
ERROR in osqp_update_data_vec: Problem data validation.
ERROR in osqp_update_data_vec: Problem data validation.
ERROR in osqp_update_data_vec: Problem data validation.
ERROR in osqp_update_data_vec: Problem data validation.
ERROR in osqp_update_data_vec: Problem data validation.
ERROR in osqp_update_data_vec: Problem data validation.
ERROR in osqp_update_data_vec: Problem data validation.
ERROR in osqp_update_data_vec: Problem data validation.
ERROR in osqp_update_data_vec: Problem data validation.
ERROR in osqp_update_data_vec: Problem data validation.
ERROR in osqp_update_data_vec: Problem data validation.
ERROR in osqp_update_data_vec: Problem data validation.
ERROR in osqp_update_data_vec: Problem data validation.
ERROR in osqp_update_data_vec: Problem data validation.
ERROR in osqp_update_data_vec: Problem data validation.
ERROR in osqp_update_data_vec: Problem data validation.
ERROR in osqp_update_data_vec: Problem data validation.
ERROR in osqp_update_data_vec: Problem data validation.
ERROR in osqp_update_data_vec: Problem data validation.
ERROR in osqp_update_data_vec: Problem data validation.
ERROR in osqp_update_data_vec: Problem data validation.
ERROR in osqp_update_data_vec: Problem data validation.
ERROR in osqp_update_data_vec: Problem data validation.
ERROR in osqp_update_data_vec: Problem data validation.
ERROR in osqp_update_data_vec: Problem data validation.
ERROR in osqp_update_data_vec: Problem data validation.
[075/100] idx= 75 -> success    (raw=success, compute_ms=8.257401191129247, intv=0.2945527243681761)
ERROR in osqp_update_data_vec: Problem data validation.
ERROR in osqp_update_data_vec: Problem data validation.
ERROR in osqp_update_data_vec: Problem data validation.
ERROR in osqp_update_data_vec: Problem data validation.
ERROR in osqp_update_data_vec: Problem data validation.
ERROR in osqp_update_data_vec: Problem data validation.
ERROR in osqp_update_data_vec: Problem data validation.
ERROR in osqp_update_data_vec: Problem data validation.
ERROR in osqp_update_data_vec: Problem data validation.
ERROR in osqp_update_data_vec: Problem data validation.
ERROR in osqp_update_data_vec: Problem data validation.
ERROR in osqp_update_data_vec: Problem data validation.
ERROR in osqp_update_data_vec: Problem data validation.
ERROR in osqp_update_data_vec: Problem data validation.
ERROR in osqp_update_data_vec: Problem data validation.
ERROR in osqp_update_data_vec: Problem data validation.
ERROR in osqp_update_data_vec: Problem data validation.
ERROR in osqp_update_data_vec: Problem data validation.
ERROR in osqp_update_data_vec: Problem data validation.
ERROR in osqp_update_data_vec: Problem data validation.
ERROR in osqp_update_data_vec: Problem data validation.
ERROR in osqp_update_data_vec: Problem data validation.
ERROR in osqp_update_data_vec: Problem data validation.
ERROR in osqp_update_data_vec: Problem data validation.
ERROR in osqp_update_data_vec: Problem data validation.
ERROR in osqp_update_data_vec: Problem data validation.
Infeasible detected!!
ERROR in osqp_update_data_vec: Problem data validation.
ERROR in osqp_update_data_vec: Problem data validation.
ERROR in osqp_update_data_vec: Problem data validation.
ERROR in osqp_update_data_vec: Problem data validation.
ERROR in osqp_update_data_vec: Problem data validation.
ERROR in osqp_update_data_vec: Problem data validation.
ERROR in osqp_update_data_vec: Problem data validation.
Infeasible detected!!
ERROR in osqp_update_data_vec: Problem data validation.
ERROR in osqp_update_data_vec: Problem data validation.
ERROR in osqp_update_data_vec: Problem data validation.
ERROR in osqp_update_data_vec: Problem data validation.
ERROR in osqp_update_data_vec: Problem data validation.
ERROR in osqp_update_data_vec: Problem data validation.
ERROR in osqp_update_data_vec: Problem data validation.
Infeasible detected!!
ERROR in osqp_update_data_vec: Problem data validation.
ERROR in osqp_update_data_vec: Problem data validation.
ERROR in osqp_update_data_vec: Problem data validation.
ERROR in osqp_update_data_vec: Problem data validation.
ERROR in osqp_update_data_vec: Problem data validation.
ERROR in osqp_update_data_vec: Problem data validation.
ERROR in osqp_update_data_vec: Problem data validation.
ERROR in osqp_update_data_vec: Problem data validation.
ERROR in osqp_update_data_vec: Problem data validation.
ERROR in osqp_update_data_vec: Problem data validation.
ERROR in osqp_update_data_vec: Problem data validation.
ERROR in osqp_update_data_vec: Problem data validation.
ERROR in osqp_update_data_vec: Problem data validation.
ERROR in osqp_update_data_vec: Problem data validation.
ERROR in osqp_update_data_vec: Problem data validation.
ERROR in osqp_update_data_vec: Problem data validation.
ERROR in osqp_update_data_vec: Problem data validation.
ERROR in osqp_update_data_vec: Problem data validation.
ERROR in osqp_update_data_vec: Problem data validation.
ERROR in osqp_update_data_vec: Problem data validation.
ERROR in osqp_update_data_vec: Problem data validation.
ERROR in osqp_update_data_vec: Problem data validation.
ERROR in osqp_update_data_vec: Problem data validation.
ERROR in osqp_update_data_vec: Problem data validation.
ERROR in osqp_update_data_vec: Problem data validation.
ERROR in osqp_update_data_vec: Problem data validation.
ERROR in osqp_update_data_vec: Problem data validation.
ERROR in osqp_update_data_vec: Problem data validation.
ERROR in osqp_update_data_vec: Problem data validation.
ERROR in osqp_update_data_vec: Problem data validation.
ERROR in osqp_update_data_vec: Problem data validation.
ERROR in osqp_update_data_vec: Problem data validation.
ERROR in osqp_update_data_vec: Problem data validation.
ERROR in osqp_update_data_vec: Problem data validation.
ERROR in osqp_update_data_vec: Problem data validation.
ERROR in osqp_update_data_vec: Problem data validation.
ERROR in osqp_update_data_vec: Problem data validation.
ERROR in osqp_update_data_vec: Problem data validation.
ERROR in osqp_update_data_vec: Problem data validation.
ERROR in osqp_update_data_vec: Problem data validation.
ERROR in osqp_update_data_vec: Problem data validation.
ERROR in osqp_update_data_vec: Problem data validation.
ERROR in osqp_update_data_vec: Problem data validation.
ERROR in osqp_update_data_vec: Problem data validation.
ERROR in osqp_update_data_vec: Problem data validation.
ERROR in osqp_update_data_vec: Problem data validation.
ERROR in osqp_update_data_vec: Problem data validation.
ERROR in osqp_update_data_vec: Problem data validation.
ERROR in osqp_update_data_vec: Problem data validation.
ERROR in osqp_update_data_vec: Problem data validation.
ERROR in osqp_update_data_vec: Problem data validation.
ERROR in osqp_update_data_vec: Problem data validation.
ERROR in osqp_update_data_vec: Problem data validation.
ERROR in osqp_update_data_vec: Problem data validation.
ERROR in osqp_update_data_vec: Problem data validation.
ERROR in osqp_update_data_vec: Problem data validation.
ERROR in osqp_update_data_vec: Problem data validation.
ERROR in osqp_update_data_vec: Problem data validation.
ERROR in osqp_update_data_vec: Problem data validation.
ERROR in osqp_update_data_vec: Problem data validation.
ERROR in osqp_update_data_vec: Problem data validation.
ERROR in osqp_update_data_vec: Problem data validation.
ERROR in osqp_update_data_vec: Problem data validation.
ERROR in osqp_update_data_vec: Problem data validation.
ERROR in osqp_update_data_vec: Problem data validation.
ERROR in osqp_update_data_vec: Problem data validation.
ERROR in osqp_update_data_vec: Problem data validation.
ERROR in osqp_update_data_vec: Problem data validation.
ERROR in osqp_update_data_vec: Problem data validation.
ERROR in osqp_update_data_vec: Problem data validation.
ERROR in osqp_update_data_vec: Problem data validation.
ERROR in osqp_update_data_vec: Problem data validation.
ERROR in osqp_update_data_vec: Problem data validation.
ERROR in osqp_update_data_vec: Problem data validation.
ERROR in osqp_update_data_vec: Problem data validation.
ERROR in osqp_update_data_vec: Problem data validation.
ERROR in osqp_update_data_vec: Problem data validation.
ERROR in osqp_update_data_vec: Problem data validation.
ERROR in osqp_update_data_vec: Problem data validation.
ERROR in osqp_update_data_vec: Problem data validation.
ERROR in osqp_update_data_vec: Problem data validation.
ERROR in osqp_update_data_vec: Problem data validation.
ERROR in osqp_update_data_vec: Problem data validation.
ERROR in osqp_update_data_vec: Problem data validation.
ERROR in osqp_update_data_vec: Problem data validation.
ERROR in osqp_update_data_vec: Problem data validation.
ERROR in osqp_update_data_vec: Problem data validation.
ERROR in osqp_update_data_vec: Problem data validation.
ERROR in osqp_update_data_vec: Problem data validation.
ERROR in osqp_update_data_vec: Problem data validation.
ERROR in osqp_update_data_vec: Problem data validation.
ERROR in osqp_update_data_vec: Problem data validation.
ERROR in osqp_update_data_vec: Problem data validation.
ERROR in osqp_update_data_vec: Problem data validation.
ERROR in osqp_update_data_vec: Problem data validation.
ERROR in osqp_update_data_vec: Problem data validation.
ERROR in osqp_update_data_vec: Problem data validation.
ERROR in osqp_update_data_vec: Problem data validation.
ERROR in osqp_update_data_vec: Problem data validation.
ERROR in osqp_update_data_vec: Problem data validation.
ERROR in osqp_update_data_vec: Problem data validation.
ERROR in osqp_update_data_vec: Problem data validation.
ERROR in osqp_update_data_vec: Problem data validation.
ERROR in osqp_update_data_vec: Problem data validation.
ERROR in osqp_update_data_vec: Problem data validation.
[076/100] idx= 74 -> success    (raw=success, compute_ms=8.252453941543605, intv=0.3700351533403932)
[077/100] idx= 77 -> success    (raw=success, compute_ms=7.660193056233876, intv=0.32786308399608416)
[078/100] idx= 81 -> infeasible (raw=infeasible, compute_ms=13.337413531917264, intv=1.10364407283502)
[079/100] idx= 78 -> success    (raw=success, compute_ms=7.989618296957981, intv=0.3608301140030427)
[080/100] idx= 79 -> success    (raw=success, compute_ms=7.755003798347797, intv=0.31301168554183356)
ERROR in osqp_update_data_vec: Problem data validation.
ERROR in osqp_update_data_vec: Problem data validation.
ERROR in osqp_update_data_vec: Problem data validation.
ERROR in osqp_update_data_vec: Problem data validation.
ERROR in osqp_update_data_vec: Problem data validation.
ERROR in osqp_update_data_vec: Problem data validation.
ERROR in osqp_update_data_vec: Problem data validation.
ERROR in osqp_update_data_vec: Problem data validation.
ERROR in osqp_update_data_vec: Problem data validation.
ERROR in osqp_update_data_vec: Problem data validation.
ERROR in osqp_update_data_vec: Problem data validation.
ERROR in osqp_update_data_vec: Problem data validation.
ERROR in osqp_update_data_vec: Problem data validation.
ERROR in osqp_update_data_vec: Problem data validation.
ERROR in osqp_update_data_vec: Problem data validation.
ERROR in osqp_update_data_vec: Problem data validation.
ERROR in osqp_update_data_vec: Problem data validation.
ERROR in osqp_update_data_vec: Problem data validation.
ERROR in osqp_update_data_vec: Problem data validation.
ERROR in osqp_update_data_vec: Problem data validation.
ERROR in osqp_update_data_vec: Problem data validation.
ERROR in osqp_update_data_vec: Problem data validation.
ERROR in osqp_update_data_vec: Problem data validation.
ERROR in osqp_update_data_vec: Problem data validation.
ERROR in osqp_update_data_vec: Problem data validation.
ERROR in osqp_update_data_vec: Problem data validation.
ERROR in osqp_update_data_vec: Problem data validation.
ERROR in osqp_update_data_vec: Problem data validation.
ERROR in osqp_update_data_vec: Problem data validation.
ERROR in osqp_update_data_vec: Problem data validation.
ERROR in osqp_update_data_vec: Problem data validation.
ERROR in osqp_update_data_vec: Problem data validation.
ERROR in osqp_update_data_vec: Problem data validation.
ERROR in osqp_update_data_vec: Problem data validation.
ERROR in osqp_update_data_vec: Problem data validation.
ERROR in osqp_update_data_vec: Problem data validation.
ERROR in osqp_update_data_vec: Problem data validation.
ERROR in osqp_update_data_vec: Problem data validation.
ERROR in osqp_update_data_vec: Problem data validation.
ERROR in osqp_update_data_vec: Problem data validation.
ERROR in osqp_update_data_vec: Problem data validation.
ERROR in osqp_update_data_vec: Problem data validation.
ERROR in osqp_update_data_vec: Problem data validation.
ERROR in osqp_update_data_vec: Problem data validation.
ERROR in osqp_update_data_vec: Problem data validation.
ERROR in osqp_update_data_vec: Problem data validation.
ERROR in osqp_update_data_vec: Problem data validation.
ERROR in osqp_update_data_vec: Problem data validation.
ERROR in osqp_update_data_vec: Problem data validation.
ERROR in osqp_update_data_vec: Problem data validation.
ERROR in osqp_update_data_vec: Problem data validation.
ERROR in osqp_update_data_vec: Problem data validation.
ERROR in osqp_update_data_vec: Problem data validation.
ERROR in osqp_update_data_vec: Problem data validation.
ERROR in osqp_update_data_vec: Problem data validation.
ERROR in osqp_update_data_vec: Problem data validation.
ERROR in osqp_update_data_vec: Problem data validation.
ERROR in osqp_update_data_vec: Problem data validation.
ERROR in osqp_update_data_vec: Problem data validation.
ERROR in osqp_update_data_vec: Problem data validation.
ERROR in osqp_update_data_vec: Problem data validation.
ERROR in osqp_update_data_vec: Problem data validation.
ERROR in osqp_update_data_vec: Problem data validation.
ERROR in osqp_update_data_vec: Problem data validation.
ERROR in osqp_update_data_vec: Problem data validation.
ERROR in osqp_update_data_vec: Problem data validation.
ERROR in osqp_update_data_vec: Problem data validation.
ERROR in osqp_update_data_vec: Problem data validation.
ERROR in osqp_update_data_vec: Problem data validation.
ERROR in osqp_update_data_vec: Problem data validation.
ERROR in osqp_update_data_vec: Problem data validation.
ERROR in osqp_update_data_vec: Problem data validation.
ERROR in osqp_update_data_vec: Problem data validation.
ERROR in osqp_update_data_vec: Problem data validation.
ERROR in osqp_update_data_vec: Problem data validation.
ERROR in osqp_update_data_vec: Problem data validation.
ERROR in osqp_update_data_vec: Problem data validation.
ERROR in osqp_update_data_vec: Problem data validation.
ERROR in osqp_update_data_vec: Problem data validation.
ERROR in osqp_update_data_vec: Problem data validation.
ERROR in osqp_update_data_vec: Problem data validation.
ERROR in osqp_update_data_vec: Problem data validation.
ERROR in osqp_update_data_vec: Problem data validation.
ERROR in osqp_update_data_vec: Problem data validation.
ERROR in osqp_update_data_vec: Problem data validation.
ERROR in osqp_update_data_vec: Problem data validation.
ERROR in osqp_update_data_vec: Problem data validation.
ERROR in osqp_update_data_vec: Problem data validation.
ERROR in osqp_update_data_vec: Problem data validation.
ERROR in osqp_update_data_vec: Problem data validation.
ERROR in osqp_update_data_vec: Problem data validation.
ERROR in osqp_update_data_vec: Problem data validation.
ERROR in osqp_update_data_vec: Problem data validation.
ERROR in osqp_update_data_vec: Problem data validation.
ERROR in osqp_update_data_vec: Problem data validation.
ERROR in osqp_update_data_vec: Problem data validation.
ERROR in osqp_update_data_vec: Problem data validation.
ERROR in osqp_update_data_vec: Problem data validation.
ERROR in osqp_update_data_vec: Problem data validation.
ERROR in osqp_update_data_vec: Problem data validation.
ERROR in osqp_update_data_vec: Problem data validation.
ERROR in osqp_update_data_vec: Problem data validation.
ERROR in osqp_update_data_vec: Problem data validation.
ERROR in osqp_update_data_vec: Problem data validation.
ERROR in osqp_update_data_vec: Problem data validation.
ERROR in osqp_update_data_vec: Problem data validation.
ERROR in osqp_update_data_vec: Problem data validation.
ERROR in osqp_update_data_vec: Problem data validation.
ERROR in osqp_update_data_vec: Problem data validation.
ERROR in osqp_update_data_vec: Problem data validation.
ERROR in osqp_update_data_vec: Problem data validation.
ERROR in osqp_update_data_vec: Problem data validation.
ERROR in osqp_update_data_vec: Problem data validation.
ERROR in osqp_update_data_vec: Problem data validation.
ERROR in osqp_update_data_vec: Problem data validation.
ERROR in osqp_update_data_vec: Problem data validation.
ERROR in osqp_update_data_vec: Problem data validation.
ERROR in osqp_update_data_vec: Problem data validation.
ERROR in osqp_update_data_vec: Problem data validation.
ERROR in osqp_update_data_vec: Problem data validation.
ERROR in osqp_update_data_vec: Problem data validation.
ERROR in osqp_update_data_vec: Problem data validation.
ERROR in osqp_update_data_vec: Problem data validation.
ERROR in osqp_update_data_vec: Problem data validation.
ERROR in osqp_update_data_vec: Problem data validation.
ERROR in osqp_update_data_vec: Problem data validation.
ERROR in osqp_update_data_vec: Problem data validation.
ERROR in osqp_update_data_vec: Problem data validation.
ERROR in osqp_update_data_vec: Problem data validation.
ERROR in osqp_update_data_vec: Problem data validation.
ERROR in osqp_update_data_vec: Problem data validation.
ERROR in osqp_update_data_vec: Problem data validation.
ERROR in osqp_update_data_vec: Problem data validation.
ERROR in osqp_update_data_vec: Problem data validation.
ERROR in osqp_update_data_vec: Problem data validation.
ERROR in osqp_update_data_vec: Problem data validation.
ERROR in osqp_update_data_vec: Problem data validation.
ERROR in osqp_update_data_vec: Problem data validation.
ERROR in osqp_update_data_vec: Problem data validation.
ERROR in osqp_update_data_vec: Problem data validation.
ERROR in osqp_update_data_vec: Problem data validation.
ERROR in osqp_update_data_vec: Problem data validation.
ERROR in osqp_update_data_vec: Problem data validation.
ERROR in osqp_update_data_vec: Problem data validation.
ERROR in osqp_update_data_vec: Problem data validation.
ERROR in osqp_update_data_vec: Problem data validation.
[081/100] idx= 80 -> success    (raw=success, compute_ms=8.734907925969862, intv=0.3263715242771028)
ERROR in osqp_update_data_vec: Problem data validation.
ERROR in osqp_update_data_vec: Problem data validation.
ERROR in osqp_update_data_vec: Problem data validation.
ERROR in osqp_update_data_vec: Problem data validation.
ERROR in osqp_update_data_vec: Problem data validation.
Collision with known obstacle detected! Obs: [28.2337086   2.10409582  0.3896728   0.42791429 -0.83309879 -2.
 32.          1.        ], Robot: [28.83493042  1.89116103] 0.25, Distance: 0.6378157273208004, True
Collision detected !!
ERROR in osqp_update_data_vec: Problem data validation.
ERROR in osqp_update_data_vec: Problem data validation.
ERROR in osqp_update_data_vec: Problem data validation.
ERROR in osqp_update_data_vec: Problem data validation.
ERROR in osqp_update_data_vec: Problem data validation.
ERROR in osqp_update_data_vec: Problem data validation.
ERROR in osqp_update_data_vec: Problem data validation.
ERROR in osqp_update_data_vec: Problem data validation.
ERROR in osqp_update_data_vec: Problem data validation.
ERROR in osqp_update_data_vec: Problem data validation.
ERROR in osqp_update_data_vec: Problem data validation.
ERROR in osqp_update_data_vec: Problem data validation.
ERROR in osqp_update_data_vec: Problem data validation.
ERROR in osqp_update_data_vec: Problem data validation.
ERROR in osqp_update_data_vec: Problem data validation.
ERROR in osqp_update_data_vec: Problem data validation.
ERROR in osqp_update_data_vec: Problem data validation.
ERROR in osqp_update_data_vec: Problem data validation.
ERROR in osqp_update_data_vec: Problem data validation.
ERROR in osqp_update_data_vec: Problem data validation.
ERROR in osqp_update_data_vec: Problem data validation.
ERROR in osqp_update_data_vec: Problem data validation.
ERROR in osqp_update_data_vec: Problem data validation.
ERROR in osqp_update_data_vec: Problem data validation.
ERROR in osqp_update_data_vec: Problem data validation.
ERROR in osqp_update_data_vec: Problem data validation.
Collision with known obstacle detected! Obs: [17.78242762 12.90404621  0.35584153  0.08992609  0.51652913 -2.
 32.          1.        ], Robot: [18.34450696 13.11605199] 0.25, Distance: 0.6007325844282071, True
Collision detected !!
ERROR in osqp_update_data_vec: Problem data validation.
ERROR in osqp_update_data_vec: Problem data validation.
ERROR in osqp_update_data_vec: Problem data validation.
ERROR in osqp_update_data_vec: Problem data validation.
ERROR in osqp_update_data_vec: Problem data validation.
ERROR in osqp_update_data_vec: Problem data validation.
ERROR in osqp_update_data_vec: Problem data validation.
ERROR in osqp_update_data_vec: Problem data validation.
ERROR in osqp_update_data_vec: Problem data validation.
ERROR in osqp_update_data_vec: Problem data validation.
ERROR in osqp_update_data_vec: Problem data validation.
ERROR in osqp_update_data_vec: Problem data validation.
ERROR in osqp_update_data_vec: Problem data validation.
ERROR in osqp_update_data_vec: Problem data validation.
ERROR in osqp_update_data_vec: Problem data validation.
ERROR in osqp_update_data_vec: Problem data validation.
ERROR in osqp_update_data_vec: Problem data validation.
ERROR in osqp_update_data_vec: Problem data validation.
ERROR in osqp_update_data_vec: Problem data validation.
ERROR in osqp_update_data_vec: Problem data validation.
ERROR in osqp_update_data_vec: Problem data validation.
ERROR in osqp_update_data_vec: Problem data validation.
ERROR in osqp_update_data_vec: Problem data validation.
ERROR in osqp_update_data_vec: Problem data validation.
ERROR in osqp_update_data_vec: Problem data validation.
ERROR in osqp_update_data_vec: Problem data validation.
ERROR in osqp_update_data_vec: Problem data validation.
ERROR in osqp_update_data_vec: Problem data validation.
ERROR in osqp_update_data_vec: Problem data validation.
ERROR in osqp_update_data_vec: Problem data validation.
ERROR in osqp_update_data_vec: Problem data validation.
ERROR in osqp_update_data_vec: Problem data validation.
ERROR in osqp_update_data_vec: Problem data validation.
ERROR in osqp_update_data_vec: Problem data validation.
ERROR in osqp_update_data_vec: Problem data validation.
ERROR in osqp_update_data_vec: Problem data validation.
ERROR in osqp_update_data_vec: Problem data validation.
ERROR in osqp_update_data_vec: Problem data validation.
ERROR in osqp_update_data_vec: Problem data validation.
ERROR in osqp_update_data_vec: Problem data validation.
ERROR in osqp_update_data_vec: Problem data validation.
ERROR in osqp_update_data_vec: Problem data validation.
ERROR in osqp_update_data_vec: Problem data validation.
ERROR in osqp_update_data_vec: Problem data validation.
ERROR in osqp_update_data_vec: Problem data validation.
ERROR in osqp_update_data_vec: Problem data validation.
ERROR in osqp_update_data_vec: Problem data validation.
ERROR in osqp_update_data_vec: Problem data validation.
ERROR in osqp_update_data_vec: Problem data validation.
ERROR in osqp_update_data_vec: Problem data validation.
ERROR in osqp_update_data_vec: Problem data validation.
ERROR in osqp_update_data_vec: Problem data validation.
ERROR in osqp_update_data_vec: Problem data validation.
ERROR in osqp_update_data_vec: Problem data validation.
ERROR in osqp_update_data_vec: Problem data validation.
ERROR in osqp_update_data_vec: Problem data validation.
ERROR in osqp_update_data_vec: Problem data validation.
ERROR in osqp_update_data_vec: Problem data validation.
ERROR in osqp_update_data_vec: Problem data validation.
ERROR in osqp_update_data_vec: Problem data validation.
ERROR in osqp_update_data_vec: Problem data validation.
ERROR in osqp_update_data_vec: Problem data validation.
ERROR in osqp_update_data_vec: Problem data validation.
ERROR in osqp_update_data_vec: Problem data validation.
ERROR in osqp_update_data_vec: Problem data validation.
ERROR in osqp_update_data_vec: Problem data validation.
ERROR in osqp_update_data_vec: Problem data validation.
ERROR in osqp_update_data_vec: Problem data validation.
ERROR in osqp_update_data_vec: Problem data validation.
ERROR in osqp_update_data_vec: Problem data validation.
ERROR in osqp_update_data_vec: Problem data validation.
ERROR in osqp_update_data_vec: Problem data validation.
ERROR in osqp_update_data_vec: Problem data validation.
ERROR in osqp_update_data_vec: Problem data validation.
ERROR in osqp_update_data_vec: Problem data validation.
ERROR in osqp_update_data_vec: Problem data validation.
ERROR in osqp_update_data_vec: Problem data validation.
ERROR in osqp_update_data_vec: Problem data validation.
ERROR in osqp_update_data_vec: Problem data validation.
ERROR in osqp_update_data_vec: Problem data validation.
ERROR in osqp_update_data_vec: Problem data validation.
ERROR in osqp_update_data_vec: Problem data validation.
ERROR in osqp_update_data_vec: Problem data validation.
ERROR in osqp_update_data_vec: Problem data validation.
ERROR in osqp_update_data_vec: Problem data validation.
ERROR in osqp_update_data_vec: Problem data validation.
ERROR in osqp_update_data_vec: Problem data validation.
ERROR in osqp_update_data_vec: Problem data validation.
ERROR in osqp_update_data_vec: Problem data validation.
ERROR in osqp_update_data_vec: Problem data validation.
ERROR in osqp_update_data_vec: Problem data validation.
ERROR in osqp_update_data_vec: Problem data validation.
ERROR in osqp_update_data_vec: Problem data validation.
ERROR in osqp_update_data_vec: Problem data validation.
ERROR in osqp_update_data_vec: Problem data validation.
ERROR in osqp_update_data_vec: Problem data validation.
ERROR in osqp_update_data_vec: Problem data validation.
ERROR in osqp_update_data_vec: Problem data validation.
ERROR in osqp_update_data_vec: Problem data validation.
ERROR in osqp_update_data_vec: Problem data validation.
ERROR in osqp_update_data_vec: Problem data validation.
ERROR in osqp_update_data_vec: Problem data validation.
ERROR in osqp_update_data_vec: Problem data validation.
ERROR in osqp_update_data_vec: Problem data validation.
ERROR in osqp_update_data_vec: Problem data validation.
ERROR in osqp_update_data_vec: Problem data validation.
[082/100] idx= 83 -> success    (raw=success, compute_ms=7.044314073576856, intv=0.16686801510597724)
[083/100] idx= 86 -> infeasible (raw=infeasible, compute_ms=16.541793912862584, intv=0.9384127720179243)
[084/100] idx= 84 -> success    (raw=success, compute_ms=7.466237200201802, intv=0.18294049683022898)
[085/100] idx= 85 -> success    (raw=success, compute_ms=8.357238293975774, intv=0.2095938556560942)
[086/100] idx= 91 -> collision  (raw=collision, compute_ms=6.316227815441892, intv=0.633282823511464)
[087/100] idx= 82 -> success    (raw=success, compute_ms=7.993619892824199, intv=0.39285795982288935)
[088/100] idx= 87 -> infeasible (raw=infeasible, compute_ms=8.21217323513724, intv=0.2593245088740394)
[089/100] idx= 88 -> infeasible (raw=infeasible, compute_ms=7.3208307633952545, intv=0.26372709874087946)
[090/100] idx= 89 -> success    (raw=success, compute_ms=9.826462160652646, intv=0.2339056435469067)
ERROR in osqp_update_data_vec: Problem data validation.
ERROR in osqp_update_data_vec: Problem data validation.
ERROR in osqp_update_data_vec: Problem data validation.
ERROR in osqp_update_data_vec: Problem data validation.
ERROR in osqp_update_data_vec: Problem data validation.
ERROR in osqp_update_data_vec: Problem data validation.
ERROR in osqp_update_data_vec: Problem data validation.
ERROR in osqp_update_data_vec: Problem data validation.
ERROR in osqp_update_data_vec: Problem data validation.
ERROR in osqp_update_data_vec: Problem data validation.
ERROR in osqp_update_data_vec: Problem data validation.
ERROR in osqp_update_data_vec: Problem data validation.
ERROR in osqp_update_data_vec: Problem data validation.
ERROR in osqp_update_data_vec: Problem data validation.
ERROR in osqp_update_data_vec: Problem data validation.
ERROR in osqp_update_data_vec: Problem data validation.
ERROR in osqp_update_data_vec: Problem data validation.
ERROR in osqp_update_data_vec: Problem data validation.
ERROR in osqp_update_data_vec: Problem data validation.
ERROR in osqp_update_data_vec: Problem data validation.
ERROR in osqp_update_data_vec: Problem data validation.
ERROR in osqp_update_data_vec: Problem data validation.
ERROR in osqp_update_data_vec: Problem data validation.
ERROR in osqp_update_data_vec: Problem data validation.
ERROR in osqp_update_data_vec: Problem data validation.
ERROR in osqp_update_data_vec: Problem data validation.
ERROR in osqp_update_data_vec: Problem data validation.
ERROR in osqp_update_data_vec: Problem data validation.
ERROR in osqp_update_data_vec: Problem data validation.
ERROR in osqp_update_data_vec: Problem data validation.
ERROR in osqp_update_data_vec: Problem data validation.
ERROR in osqp_update_data_vec: Problem data validation.
ERROR in osqp_update_data_vec: Problem data validation.
ERROR in osqp_update_data_vec: Problem data validation.
ERROR in osqp_update_data_vec: Problem data validation.
ERROR in osqp_update_data_vec: Problem data validation.
ERROR in osqp_update_data_vec: Problem data validation.
ERROR in osqp_update_data_vec: Problem data validation.
ERROR in osqp_update_data_vec: Problem data validation.
ERROR in osqp_update_data_vec: Problem data validation.
ERROR in osqp_update_data_vec: Problem data validation.
ERROR in osqp_update_data_vec: Problem data validation.
ERROR in osqp_update_data_vec: Problem data validation.
ERROR in osqp_update_data_vec: Problem data validation.
ERROR in osqp_update_data_vec: Problem data validation.
ERROR in osqp_update_data_vec: Problem data validation.
Infeasible detected!!
ERROR in osqp_update_data_vec: Problem data validation.
ERROR in osqp_update_data_vec: Problem data validation.
ERROR in osqp_update_data_vec: Problem data validation.
ERROR in osqp_update_data_vec: Problem data validation.
ERROR in osqp_update_data_vec: Problem data validation.
ERROR in osqp_update_data_vec: Problem data validation.
ERROR in osqp_update_data_vec: Problem data validation.
ERROR in osqp_update_data_vec: Problem data validation.
ERROR in osqp_update_data_vec: Problem data validation.
ERROR in osqp_update_data_vec: Problem data validation.
ERROR in osqp_update_data_vec: Problem data validation.
ERROR in osqp_update_data_vec: Problem data validation.
ERROR in osqp_update_data_vec: Problem data validation.
ERROR in osqp_update_data_vec: Problem data validation.
ERROR in osqp_update_data_vec: Problem data validation.
ERROR in osqp_update_data_vec: Problem data validation.
ERROR in osqp_update_data_vec: Problem data validation.
ERROR in osqp_update_data_vec: Problem data validation.
ERROR in osqp_update_data_vec: Problem data validation.
ERROR in osqp_update_data_vec: Problem data validation.
ERROR in osqp_update_data_vec: Problem data validation.
ERROR in osqp_update_data_vec: Problem data validation.
ERROR in osqp_update_data_vec: Problem data validation.
ERROR in osqp_update_data_vec: Problem data validation.
ERROR in osqp_update_data_vec: Problem data validation.
Infeasible detected!!
ERROR in osqp_update_data_vec: Problem data validation.
ERROR in osqp_update_data_vec: Problem data validation.
ERROR in osqp_update_data_vec: Problem data validation.
ERROR in osqp_update_data_vec: Problem data validation.
ERROR in osqp_update_data_vec: Problem data validation.
ERROR in osqp_update_data_vec: Problem data validation.
ERROR in osqp_update_data_vec: Problem data validation.
ERROR in osqp_update_data_vec: Problem data validation.
ERROR in osqp_update_data_vec: Problem data validation.
ERROR in osqp_update_data_vec: Problem data validation.
ERROR in osqp_update_data_vec: Problem data validation.
ERROR in osqp_update_data_vec: Problem data validation.
ERROR in osqp_update_data_vec: Problem data validation.
ERROR in osqp_update_data_vec: Problem data validation.
ERROR in osqp_update_data_vec: Problem data validation.
ERROR in osqp_update_data_vec: Problem data validation.
ERROR in osqp_update_data_vec: Problem data validation.
ERROR in osqp_update_data_vec: Problem data validation.
ERROR in osqp_update_data_vec: Problem data validation.
ERROR in osqp_update_data_vec: Problem data validation.
ERROR in osqp_update_data_vec: Problem data validation.
ERROR in osqp_update_data_vec: Problem data validation.
ERROR in osqp_update_data_vec: Problem data validation.
ERROR in osqp_update_data_vec: Problem data validation.
ERROR in osqp_update_data_vec: Problem data validation.
ERROR in osqp_update_data_vec: Problem data validation.
ERROR in osqp_update_data_vec: Problem data validation.
ERROR in osqp_update_data_vec: Problem data validation.
ERROR in osqp_update_data_vec: Problem data validation.
ERROR in osqp_update_data_vec: Problem data validation.
ERROR in osqp_update_data_vec: Problem data validation.
ERROR in osqp_update_data_vec: Problem data validation.
ERROR in osqp_update_data_vec: Problem data validation.
ERROR in osqp_update_data_vec: Problem data validation.
ERROR in osqp_update_data_vec: Problem data validation.
ERROR in osqp_update_data_vec: Problem data validation.
ERROR in osqp_update_data_vec: Problem data validation.
ERROR in osqp_update_data_vec: Problem data validation.
ERROR in osqp_update_data_vec: Problem data validation.
ERROR in osqp_update_data_vec: Problem data validation.
Infeasible detected!!
ERROR in osqp_update_data_vec: Problem data validation.
ERROR in osqp_update_data_vec: Problem data validation.
ERROR in osqp_update_data_vec: Problem data validation.
ERROR in osqp_update_data_vec: Problem data validation.
ERROR in osqp_update_data_vec: Problem data validation.
ERROR in osqp_update_data_vec: Problem data validation.
ERROR in osqp_update_data_vec: Problem data validation.
ERROR in osqp_update_data_vec: Problem data validation.
ERROR in osqp_update_data_vec: Problem data validation.
ERROR in osqp_update_data_vec: Problem data validation.
ERROR in osqp_update_data_vec: Problem data validation.
ERROR in osqp_update_data_vec: Problem data validation.
ERROR in osqp_update_data_vec: Problem data validation.
ERROR in osqp_update_data_vec: Problem data validation.
ERROR in osqp_update_data_vec: Problem data validation.
ERROR in osqp_update_data_vec: Problem data validation.
ERROR in osqp_update_data_vec: Problem data validation.
ERROR in osqp_update_data_vec: Problem data validation.
ERROR in osqp_update_data_vec: Problem data validation.
ERROR in osqp_update_data_vec: Problem data validation.
ERROR in osqp_update_data_vec: Problem data validation.
ERROR in osqp_update_data_vec: Problem data validation.
ERROR in osqp_update_data_vec: Problem data validation.
ERROR in osqp_update_data_vec: Problem data validation.
ERROR in osqp_update_data_vec: Problem data validation.
ERROR in osqp_update_data_vec: Problem data validation.
ERROR in osqp_update_data_vec: Problem data validation.
ERROR in osqp_update_data_vec: Problem data validation.
ERROR in osqp_update_data_vec: Problem data validation.
ERROR in osqp_update_data_vec: Problem data validation.
ERROR in osqp_update_data_vec: Problem data validation.
ERROR in osqp_update_data_vec: Problem data validation.
ERROR in osqp_update_data_vec: Problem data validation.
ERROR in osqp_update_data_vec: Problem data validation.
[091/100] idx= 90 -> success    (raw=success, compute_ms=8.957103329386324, intv=0.21112199926665992)
[092/100] idx= 92 -> success    (raw=success, compute_ms=7.275311893572913, intv=0.2867110697000467)
[093/100] idx= 96 -> infeasible (raw=infeasible, compute_ms=9.021028307266533, intv=0.6008260841859717)
[094/100] idx= 93 -> infeasible (raw=infeasible, compute_ms=8.830696304468532, intv=0.3166408096023202)
ERROR in osqp_update_data_vec: Problem data validation.
ERROR in osqp_update_data_vec: Problem data validation.
ERROR in osqp_update_data_vec: Problem data validation.
ERROR in osqp_update_data_vec: Problem data validation.
ERROR in osqp_update_data_vec: Problem data validation.
ERROR in osqp_update_data_vec: Problem data validation.
ERROR in osqp_update_data_vec: Problem data validation.
ERROR in osqp_update_data_vec: Problem data validation.
ERROR in osqp_update_data_vec: Problem data validation.
ERROR in osqp_update_data_vec: Problem data validation.
ERROR in osqp_update_data_vec: Problem data validation.
ERROR in osqp_update_data_vec: Problem data validation.
ERROR in osqp_update_data_vec: Problem data validation.
ERROR in osqp_update_data_vec: Problem data validation.
ERROR in osqp_update_data_vec: Problem data validation.
ERROR in osqp_update_data_vec: Problem data validation.
ERROR in osqp_update_data_vec: Problem data validation.
ERROR in osqp_update_data_vec: Problem data validation.
ERROR in osqp_update_data_vec: Problem data validation.
ERROR in osqp_update_data_vec: Problem data validation.
ERROR in osqp_update_data_vec: Problem data validation.
ERROR in osqp_update_data_vec: Problem data validation.
ERROR in osqp_update_data_vec: Problem data validation.
ERROR in osqp_update_data_vec: Problem data validation.
ERROR in osqp_update_data_vec: Problem data validation.
ERROR in osqp_update_data_vec: Problem data validation.
ERROR in osqp_update_data_vec: Problem data validation.
ERROR in osqp_update_data_vec: Problem data validation.
ERROR in osqp_update_data_vec: Problem data validation.
ERROR in osqp_update_data_vec: Problem data validation.
ERROR in osqp_update_data_vec: Problem data validation.
ERROR in osqp_update_data_vec: Problem data validation.
ERROR in osqp_update_data_vec: Problem data validation.
ERROR in osqp_update_data_vec: Problem data validation.
ERROR in osqp_update_data_vec: Problem data validation.
ERROR in osqp_update_data_vec: Problem data validation.
ERROR in osqp_update_data_vec: Problem data validation.
ERROR in osqp_update_data_vec: Problem data validation.
ERROR in osqp_update_data_vec: Problem data validation.
ERROR in osqp_update_data_vec: Problem data validation.
ERROR in osqp_update_data_vec: Problem data validation.
ERROR in osqp_update_data_vec: Problem data validation.
ERROR in osqp_update_data_vec: Problem data validation.
ERROR in osqp_update_data_vec: Problem data validation.
ERROR in osqp_update_data_vec: Problem data validation.
ERROR in osqp_update_data_vec: Problem data validation.
ERROR in osqp_update_data_vec: Problem data validation.
ERROR in osqp_update_data_vec: Problem data validation.
ERROR in osqp_update_data_vec: Problem data validation.
ERROR in osqp_update_data_vec: Problem data validation.
ERROR in osqp_update_data_vec: Problem data validation.
ERROR in osqp_update_data_vec: Problem data validation.
ERROR in osqp_update_data_vec: Problem data validation.
ERROR in osqp_update_data_vec: Problem data validation.
ERROR in osqp_update_data_vec: Problem data validation.
ERROR in osqp_update_data_vec: Problem data validation.
ERROR in osqp_update_data_vec: Problem data validation.
ERROR in osqp_update_data_vec: Problem data validation.
ERROR in osqp_update_data_vec: Problem data validation.
ERROR in osqp_update_data_vec: Problem data validation.
ERROR in osqp_update_data_vec: Problem data validation.
ERROR in osqp_update_data_vec: Problem data validation.
ERROR in osqp_update_data_vec: Problem data validation.
ERROR in osqp_update_data_vec: Problem data validation.
ERROR in osqp_update_data_vec: Problem data validation.
ERROR in osqp_update_data_vec: Problem data validation.
ERROR in osqp_update_data_vec: Problem data validation.
ERROR in osqp_update_data_vec: Problem data validation.
ERROR in osqp_update_data_vec: Problem data validation.
ERROR in osqp_update_data_vec: Problem data validation.
ERROR in osqp_update_data_vec: Problem data validation.
ERROR in osqp_update_data_vec: Problem data validation.
ERROR in osqp_update_data_vec: Problem data validation.
ERROR in osqp_update_data_vec: Problem data validation.
ERROR in osqp_update_data_vec: Problem data validation.
ERROR in osqp_update_data_vec: Problem data validation.
ERROR in osqp_update_data_vec: Problem data validation.
ERROR in osqp_update_data_vec: Problem data validation.
ERROR in osqp_update_data_vec: Problem data validation.
ERROR in osqp_update_data_vec: Problem data validation.
ERROR in osqp_update_data_vec: Problem data validation.
ERROR in osqp_update_data_vec: Problem data validation.
ERROR in osqp_update_data_vec: Problem data validation.
ERROR in osqp_update_data_vec: Problem data validation.
ERROR in osqp_update_data_vec: Problem data validation.
ERROR in osqp_update_data_vec: Problem data validation.
ERROR in osqp_update_data_vec: Problem data validation.
ERROR in osqp_update_data_vec: Problem data validation.
ERROR in osqp_update_data_vec: Problem data validation.
ERROR in osqp_update_data_vec: Problem data validation.
ERROR in osqp_update_data_vec: Problem data validation.
ERROR in osqp_update_data_vec: Problem data validation.
ERROR in osqp_update_data_vec: Problem data validation.
ERROR in osqp_update_data_vec: Problem data validation.
ERROR in osqp_update_data_vec: Problem data validation.
ERROR in osqp_update_data_vec: Problem data validation.
ERROR in osqp_update_data_vec: Problem data validation.
ERROR in osqp_update_data_vec: Problem data validation.
ERROR in osqp_update_data_vec: Problem data validation.
ERROR in osqp_update_data_vec: Problem data validation.
ERROR in osqp_update_data_vec: Problem data validation.
ERROR in osqp_update_data_vec: Problem data validation.
ERROR in osqp_update_data_vec: Problem data validation.
ERROR in osqp_update_data_vec: Problem data validation.
ERROR in osqp_update_data_vec: Problem data validation.
ERROR in osqp_update_data_vec: Problem data validation.
ERROR in osqp_update_data_vec: Problem data validation.
ERROR in osqp_update_data_vec: Problem data validation.
ERROR in osqp_update_data_vec: Problem data validation.
ERROR in osqp_update_data_vec: Problem data validation.
ERROR in osqp_update_data_vec: Problem data validation.
ERROR in osqp_update_data_vec: Problem data validation.
ERROR in osqp_update_data_vec: Problem data validation.
ERROR in osqp_update_data_vec: Problem data validation.
ERROR in osqp_update_data_vec: Problem data validation.
Infeasible detected!!
ERROR in osqp_update_data_vec: Problem data validation.
ERROR in osqp_update_data_vec: Problem data validation.
ERROR in osqp_update_data_vec: Problem data validation.
ERROR in osqp_update_data_vec: Problem data validation.
ERROR in osqp_update_data_vec: Problem data validation.
ERROR in osqp_update_data_vec: Problem data validation.
ERROR in osqp_update_data_vec: Problem data validation.
ERROR in osqp_update_data_vec: Problem data validation.
ERROR in osqp_update_data_vec: Problem data validation.
ERROR in osqp_update_data_vec: Problem data validation.
ERROR in osqp_update_data_vec: Problem data validation.
ERROR in osqp_update_data_vec: Problem data validation.
ERROR in osqp_update_data_vec: Problem data validation.
ERROR in osqp_update_data_vec: Problem data validation.
ERROR in osqp_update_data_vec: Problem data validation.
ERROR in osqp_update_data_vec: Problem data validation.
ERROR in osqp_update_data_vec: Problem data validation.
ERROR in osqp_update_data_vec: Problem data validation.
ERROR in osqp_update_data_vec: Problem data validation.
ERROR in osqp_update_data_vec: Problem data validation.
ERROR in osqp_update_data_vec: Problem data validation.
ERROR in osqp_update_data_vec: Problem data validation.
ERROR in osqp_update_data_vec: Problem data validation.
ERROR in osqp_update_data_vec: Problem data validation.
ERROR in osqp_update_data_vec: Problem data validation.
ERROR in osqp_update_data_vec: Problem data validation.
ERROR in osqp_update_data_vec: Problem data validation.
ERROR in osqp_update_data_vec: Problem data validation.
ERROR in osqp_update_data_vec: Problem data validation.
ERROR in osqp_update_data_vec: Problem data validation.
[095/100] idx=100 -> infeasible (raw=infeasible, compute_ms=7.523358222179123, intv=0.3732168416794119)
[096/100] idx= 97 -> success    (raw=success, compute_ms=6.60910795464552, intv=0.1934007624694247)
[097/100] idx= 95 -> success    (raw=success, compute_ms=7.736688383174583, intv=0.24828763682123217)
[098/100] idx= 94 -> success    (raw=success, compute_ms=8.33729718459316, intv=0.4167130723830858)
[099/100] idx= 99 -> success    (raw=success, compute_ms=7.259289768100916, intv=0.2736648449506445)
[100/100] idx= 98 -> success    (raw=success, compute_ms=8.661217580825257, intv=0.39061390044516836)
ERROR in osqp_update_data_vec: Problem data validation.
ERROR in osqp_update_data_vec: Problem data validation.
ERROR in osqp_update_data_vec: Problem data validation.
ERROR in osqp_update_data_vec: Problem data validation.
ERROR in osqp_update_data_vec: Problem data validation.
ERROR in osqp_update_data_vec: Problem data validation.
ERROR in osqp_update_data_vec: Problem data validation.
ERROR in osqp_update_data_vec: Problem data validation.
ERROR in osqp_update_data_vec: Problem data validation.
ERROR in osqp_update_data_vec: Problem data validation.
ERROR in osqp_update_data_vec: Problem data validation.
ERROR in osqp_update_data_vec: Problem data validation.
ERROR in osqp_update_data_vec: Problem data validation.
ERROR in osqp_update_data_vec: Problem data validation.
ERROR in osqp_update_data_vec: Problem data validation.
ERROR in osqp_update_data_vec: Problem data validation.
ERROR in osqp_update_data_vec: Problem data validation.
ERROR in osqp_update_data_vec: Problem data validation.
ERROR in osqp_update_data_vec: Problem data validation.
ERROR in osqp_update_data_vec: Problem data validation.
ERROR in osqp_update_data_vec: Problem data validation.
ERROR in osqp_update_data_vec: Problem data validation.
Infeasible detected!!
ERROR in osqp_update_data_vec: Problem data validation.
ERROR in osqp_update_data_vec: Problem data validation.
ERROR in osqp_update_data_vec: Problem data validation.
ERROR in osqp_update_data_vec: Problem data validation.
ERROR in osqp_update_data_vec: Problem data validation.
ERROR in osqp_update_data_vec: Problem data validation.
ERROR in osqp_update_data_vec: Problem data validation.
ERROR in osqp_update_data_vec: Problem data validation.
ERROR in osqp_update_data_vec: Problem data validation.
ERROR in osqp_update_data_vec: Problem data validation.
ERROR in osqp_update_data_vec: Problem data validation.
ERROR in osqp_update_data_vec: Problem data validation.
ERROR in osqp_update_data_vec: Problem data validation.
ERROR in osqp_update_data_vec: Problem data validation.
ERROR in osqp_update_data_vec: Problem data validation.
ERROR in osqp_update_data_vec: Problem data validation.
ERROR in osqp_update_data_vec: Problem data validation.
ERROR in osqp_update_data_vec: Problem data validation.
ERROR in osqp_update_data_vec: Problem data validation.
ERROR in osqp_update_data_vec: Problem data validation.
ERROR in osqp_update_data_vec: Problem data validation.
ERROR in osqp_update_data_vec: Problem data validation.
ERROR in osqp_update_data_vec: Problem data validation.
ERROR in osqp_update_data_vec: Problem data validation.
ERROR in osqp_update_data_vec: Problem data validation.
ERROR in osqp_update_data_vec: Problem data validation.
ERROR in osqp_update_data_vec: Problem data validation.
ERROR in osqp_update_data_vec: Problem data validation.
ERROR in osqp_update_data_vec: Problem data validation.
ERROR in osqp_update_data_vec: Problem data validation.
ERROR in osqp_update_data_vec: Problem data validation.
ERROR in osqp_update_data_vec: Problem data validation.
ERROR in osqp_update_data_vec: Problem data validation.
ERROR in osqp_update_data_vec: Problem data validation.
ERROR in osqp_update_data_vec: Problem data validation.
ERROR in osqp_update_data_vec: Problem data validation.
ERROR in osqp_update_data_vec: Problem data validation.
ERROR in osqp_update_data_vec: Problem data validation.
ERROR in osqp_update_data_vec: Problem data validation.
ERROR in osqp_update_data_vec: Problem data validation.
ERROR in osqp_update_data_vec: Problem data validation.
ERROR in osqp_update_data_vec: Problem data validation.
ERROR in osqp_update_data_vec: Problem data validation.
ERROR in osqp_update_data_vec: Problem data validation.
ERROR in osqp_update_data_vec: Problem data validation.
ERROR in osqp_update_data_vec: Problem data validation.
ERROR in osqp_update_data_vec: Problem data validation.
ERROR in osqp_update_data_vec: Problem data validation.
ERROR in osqp_update_data_vec: Problem data validation.
ERROR in osqp_update_data_vec: Problem data validation.
ERROR in osqp_update_data_vec: Problem data validation.
ERROR in osqp_update_data_vec: Problem data validation.
ERROR in osqp_update_data_vec: Problem data validation.
ERROR in osqp_update_data_vec: Problem data validation.
ERROR in osqp_update_data_vec: Problem data validation.
ERROR in osqp_update_data_vec: Problem data validation.
ERROR in osqp_update_data_vec: Problem data validation.
ERROR in osqp_update_data_vec: Problem data validation.
ERROR in osqp_update_data_vec: Problem data validation.
ERROR in osqp_update_data_vec: Problem data validation.
ERROR in osqp_update_data_vec: Problem data validation.
ERROR in osqp_update_data_vec: Problem data validation.
ERROR in osqp_update_data_vec: Problem data validation.
ERROR in osqp_update_data_vec: Problem data validation.
ERROR in osqp_update_data_vec: Problem data validation.
ERROR in osqp_update_data_vec: Problem data validation.
ERROR in osqp_update_data_vec: Problem data validation.
ERROR in osqp_update_data_vec: Problem data validation.
ERROR in osqp_update_data_vec: Problem data validation.
ERROR in osqp_update_data_vec: Problem data validation.
ERROR in osqp_update_data_vec: Problem data validation.
ERROR in osqp_update_data_vec: Problem data validation.
ERROR in osqp_update_data_vec: Problem data validation.
ERROR in osqp_update_data_vec: Problem data validation.
ERROR in osqp_update_data_vec: Problem data validation.
ERROR in osqp_update_data_vec: Problem data validation.
ERROR in osqp_update_data_vec: Problem data validation.
ERROR in osqp_update_data_vec: Problem data validation.
ERROR in osqp_update_data_vec: Problem data validation.
ERROR in osqp_update_data_vec: Problem data validation.
ERROR in osqp_update_data_vec: Problem data validation.
ERROR in osqp_update_data_vec: Problem data validation.
Collision with known obstacle detected! Obs: [ 2.45921583  5.40319234  0.38600206 -0.40985653  0.20183803 -2.
 32.          1.        ], Robot: [1.89669127 5.69714502] 0.25, Distance: 0.6346984074188564, True
Collision detected !!
ERROR in osqp_update_data_vec: Problem data validation.
ERROR in osqp_update_data_vec: Problem data validation.
ERROR in osqp_update_data_vec: Problem data validation.
ERROR in osqp_update_data_vec: Problem data validation.
ERROR in osqp_update_data_vec: Problem data validation.
ERROR in osqp_update_data_vec: Problem data validation.
ERROR in osqp_update_data_vec: Problem data validation.
ERROR in osqp_update_data_vec: Problem data validation.
ERROR in osqp_update_data_vec: Problem data validation.
ERROR in osqp_update_data_vec: Problem data validation.
ERROR in osqp_update_data_vec: Problem data validation.
ERROR in osqp_update_data_vec: Problem data validation.
ERROR in osqp_update_data_vec: Problem data validation.
ERROR in osqp_update_data_vec: Problem data validation.
ERROR in osqp_update_data_vec: Problem data validation.
ERROR in osqp_update_data_vec: Problem data validation.
ERROR in osqp_update_data_vec: Problem data validation.
ERROR in osqp_update_data_vec: Problem data validation.
ERROR in osqp_update_data_vec: Problem data validation.
ERROR in osqp_update_data_vec: Problem data validation.
ERROR in osqp_update_data_vec: Problem data validation.
ERROR in osqp_update_data_vec: Problem data validation.
ERROR in osqp_update_data_vec: Problem data validation.
ERROR in osqp_update_data_vec: Problem data validation.
ERROR in osqp_update_data_vec: Problem data validation.
ERROR in osqp_update_data_vec: Problem data validation.
ERROR in osqp_update_data_vec: Problem data validation.
ERROR in osqp_update_data_vec: Problem data validation.
ERROR in osqp_update_data_vec: Problem data validation.
ERROR in osqp_update_data_vec: Problem data validation.
ERROR in osqp_update_data_vec: Problem data validation.
ERROR in osqp_update_data_vec: Problem data validation.
ERROR in osqp_update_data_vec: Problem data validation.
ERROR in osqp_update_data_vec: Problem data validation.
ERROR in osqp_update_data_vec: Problem data validation.
ERROR in osqp_update_data_vec: Problem data validation.
ERROR in osqp_update_data_vec: Problem data validation.
ERROR in osqp_update_data_vec: Problem data validation.
ERROR in osqp_update_data_vec: Problem data validation.
ERROR in osqp_update_data_vec: Problem data validation.
ERROR in osqp_update_data_vec: Problem data validation.
ERROR in osqp_update_data_vec: Problem data validation.
ERROR in osqp_update_data_vec: Problem data validation.
ERROR in osqp_update_data_vec: Problem data validation.
ERROR in osqp_update_data_vec: Problem data validation.
ERROR in osqp_update_data_vec: Problem data validation.
ERROR in osqp_update_data_vec: Problem data validation.
ERROR in osqp_update_data_vec: Problem data validation.
ERROR in osqp_update_data_vec: Problem data validation.
ERROR in osqp_update_data_vec: Problem data validation.
ERROR in osqp_update_data_vec: Problem data validation.
ERROR in osqp_update_data_vec: Problem data validation.
ERROR in osqp_update_data_vec: Problem data validation.
ERROR in osqp_update_data_vec: Problem data validation.
ERROR in osqp_update_data_vec: Problem data validation.
ERROR in osqp_update_data_vec: Problem data validation.
ERROR in osqp_update_data_vec: Problem data validation.
ERROR in osqp_update_data_vec: Problem data validation.
ERROR in osqp_update_data_vec: Problem data validation.
ERROR in osqp_update_data_vec: Problem data validation.
ERROR in osqp_update_data_vec: Problem data validation.
ERROR in osqp_update_data_vec: Problem data validation.
ERROR in osqp_update_data_vec: Problem data validation.
ERROR in osqp_update_data_vec: Problem data validation.
ERROR in osqp_update_data_vec: Problem data validation.
ERROR in osqp_update_data_vec: Problem data validation.
ERROR in osqp_update_data_vec: Problem data validation.
ERROR in osqp_update_data_vec: Problem data validation.
ERROR in osqp_update_data_vec: Problem data validation.
ERROR in osqp_update_data_vec: Problem data validation.
ERROR in osqp_update_data_vec: Problem data validation.
ERROR in osqp_update_data_vec: Problem data validation.
ERROR in osqp_update_data_vec: Problem data validation.
ERROR in osqp_update_data_vec: Problem data validation.
ERROR in osqp_update_data_vec: Problem data validation.
ERROR in osqp_update_data_vec: Problem data validation.
ERROR in osqp_update_data_vec: Problem data validation.
ERROR in osqp_update_data_vec: Problem data validation.
ERROR in osqp_update_data_vec: Problem data validation.
ERROR in osqp_update_data_vec: Problem data validation.
ERROR in osqp_update_data_vec: Problem data validation.
ERROR in osqp_update_data_vec: Problem data validation.
ERROR in osqp_update_data_vec: Problem data validation.
ERROR in osqp_update_data_vec: Problem data validation.
ERROR in osqp_update_data_vec: Problem data validation.
ERROR in osqp_update_data_vec: Problem data validation.
ERROR in osqp_update_data_vec: Problem data validation.
ERROR in osqp_update_data_vec: Problem data validation.
ERROR in osqp_update_data_vec: Problem data validation.
ERROR in osqp_update_data_vec: Problem data validation.
ERROR in osqp_update_data_vec: Problem data validation.
ERROR in osqp_update_data_vec: Problem data validation.
ERROR in osqp_update_data_vec: Problem data validation.
ERROR in osqp_update_data_vec: Problem data validation.
ERROR in osqp_update_data_vec: Problem data validation.
ERROR in osqp_update_data_vec: Problem data validation.
ERROR in osqp_update_data_vec: Problem data validation.
ERROR in osqp_update_data_vec: Problem data validation.
ERROR in osqp_update_data_vec: Problem data validation.
ERROR in osqp_update_data_vec: Problem data validation.
ERROR in osqp_update_data_vec: Problem data validation.
ERROR in osqp_update_data_vec: Problem data validation.
ERROR in osqp_update_data_vec: Problem data validation.
ERROR in osqp_update_data_vec: Problem data validation.
ERROR in osqp_update_data_vec: Problem data validation.
ERROR in osqp_update_data_vec: Problem data validation.
ERROR in osqp_update_data_vec: Problem data validation.
ERROR in osqp_update_data_vec: Problem data validation.
ERROR in osqp_update_data_vec: Problem data validation.
ERROR in osqp_update_data_vec: Problem data validation.
ERROR in osqp_update_data_vec: Problem data validation.
ERROR in osqp_update_data_vec: Problem data validation.
ERROR in osqp_update_data_vec: Problem data validation.
ERROR in osqp_update_data_vec: Problem data validation.
ERROR in osqp_update_data_vec: Problem data validation.
ERROR in osqp_update_data_vec: Problem data validation.
ERROR in osqp_update_data_vec: Problem data validation.
ERROR in osqp_update_data_vec: Problem data validation.
ERROR in osqp_update_data_vec: Problem data validation.
ERROR in osqp_update_data_vec: Problem data validation.
ERROR in osqp_update_data_vec: Problem data validation.
ERROR in osqp_update_data_vec: Problem data validation.
ERROR in osqp_update_data_vec: Problem data validation.
ERROR in osqp_update_data_vec: Problem data validation.
ERROR in osqp_update_data_vec: Problem data validation.
ERROR in osqp_update_data_vec: Problem data validation.
ERROR in osqp_update_data_vec: Problem data validation.
Infeasible detected!!
ERROR in osqp_update_data_vec: Problem data validation.
ERROR in osqp_update_data_vec: Problem data validation.
ERROR in osqp_update_data_vec: Problem data validation.
ERROR in osqp_update_data_vec: Problem data validation.
ERROR in osqp_update_data_vec: Problem data validation.
ERROR in osqp_update_data_vec: Problem data validation.
ERROR in osqp_update_data_vec: Problem data validation.
ERROR in osqp_update_data_vec: Problem data validation.
ERROR in osqp_update_data_vec: Problem data validation.
ERROR in osqp_update_data_vec: Problem data validation.
ERROR in osqp_update_data_vec: Problem data validation.
ERROR in osqp_update_data_vec: Problem data validation.
ERROR in osqp_update_data_vec: Problem data validation.
ERROR in osqp_update_data_vec: Problem data validation.
ERROR in osqp_update_data_vec: Problem data validation.
ERROR in osqp_update_data_vec: Problem data validation.
ERROR in osqp_update_data_vec: Problem data validation.
ERROR in osqp_update_data_vec: Problem data validation.
ERROR in osqp_update_data_vec: Problem data validation.
ERROR in osqp_update_data_vec: Problem data validation.
ERROR in osqp_update_data_vec: Problem data validation.
ERROR in osqp_update_data_vec: Problem data validation.
ERROR in osqp_update_data_vec: Problem data validation.
ERROR in osqp_update_data_vec: Problem data validation.
ERROR in osqp_update_data_vec: Problem data validation.
ERROR in osqp_update_data_vec: Problem data validation.
ERROR in osqp_update_data_vec: Problem data validation.
ERROR in osqp_update_data_vec: Problem data validation.
ERROR in osqp_update_data_vec: Problem data validation.
ERROR in osqp_update_data_vec: Problem data validation.
ERROR in osqp_update_data_vec: Problem data validation.
ERROR in osqp_update_data_vec: Problem data validation.
ERROR in osqp_update_data_vec: Problem data validation.
ERROR in osqp_update_data_vec: Problem data validation.
ERROR in osqp_update_data_vec: Problem data validation.
ERROR in osqp_update_data_vec: Problem data validation.
ERROR in osqp_update_data_vec: Problem data validation.
ERROR in osqp_update_data_vec: Problem data validation.
ERROR in osqp_update_data_vec: Problem data validation.
ERROR in osqp_update_data_vec: Problem data validation.
ERROR in osqp_update_data_vec: Problem data validation.
ERROR in osqp_update_data_vec: Problem data validation.
ERROR in osqp_update_data_vec: Problem data validation.
ERROR in osqp_update_data_vec: Problem data validation.
ERROR in osqp_update_data_vec: Problem data validation.
ERROR in osqp_update_data_vec: Problem data validation.
ERROR in osqp_update_data_vec: Problem data validation.
ERROR in osqp_update_data_vec: Problem data validation.
Infeasible detected!!
ERROR in osqp_update_data_vec: Problem data validation.
ERROR in osqp_update_data_vec: Problem data validation.
ERROR in osqp_update_data_vec: Problem data validation.
ERROR in osqp_update_data_vec: Problem data validation.
ERROR in osqp_update_data_vec: Problem data validation.
ERROR in osqp_update_data_vec: Problem data validation.
ERROR in osqp_update_data_vec: Problem data validation.
ERROR in osqp_update_data_vec: Problem data validation.
ERROR in osqp_update_data_vec: Problem data validation.
ERROR in osqp_update_data_vec: Problem data validation.
ERROR in osqp_update_data_vec: Problem data validation.
ERROR in osqp_update_data_vec: Problem data validation.
ERROR in osqp_update_data_vec: Problem data validation.
ERROR in osqp_update_data_vec: Problem data validation.
ERROR in osqp_update_data_vec: Problem data validation.
ERROR in osqp_update_data_vec: Problem data validation.
ERROR in osqp_update_data_vec: Problem data validation.
ERROR in osqp_update_data_vec: Problem data validation.
ERROR in osqp_update_data_vec: Problem data validation.
ERROR in osqp_update_data_vec: Problem data validation.
ERROR in osqp_update_data_vec: Problem data validation.
ERROR in osqp_update_data_vec: Problem data validation.
ERROR in osqp_update_data_vec: Problem data validation.
ERROR in osqp_update_data_vec: Problem data validation.
ERROR in osqp_update_data_vec: Problem data validation.
ERROR in osqp_update_data_vec: Problem data validation.
ERROR in osqp_update_data_vec: Problem data validation.
ERROR in osqp_update_data_vec: Problem data validation.
ERROR in osqp_update_data_vec: Problem data validation.
ERROR in osqp_update_data_vec: Problem data validation.
Infeasible detected!!
ERROR in osqp_update_data_vec: Problem data validation.
ERROR in osqp_update_data_vec: Problem data validation.
ERROR in osqp_update_data_vec: Problem data validation.
ERROR in osqp_update_data_vec: Problem data validation.
ERROR in osqp_update_data_vec: Problem data validation.
ERROR in osqp_update_data_vec: Problem data validation.
ERROR in osqp_update_data_vec: Problem data validation.
ERROR in osqp_update_data_vec: Problem data validation.
ERROR in osqp_update_data_vec: Problem data validation.
ERROR in osqp_update_data_vec: Problem data validation.
ERROR in osqp_update_data_vec: Problem data validation.
ERROR in osqp_update_data_vec: Problem data validation.
ERROR in osqp_update_data_vec: Problem data validation.
ERROR in osqp_update_data_vec: Problem data validation.
ERROR in osqp_update_data_vec: Problem data validation.
ERROR in osqp_update_data_vec: Problem data validation.
ERROR in osqp_update_data_vec: Problem data validation.
ERROR in osqp_update_data_vec: Problem data validation.
ERROR in osqp_update_data_vec: Problem data validation.
ERROR in osqp_update_data_vec: Problem data validation.
ERROR in osqp_update_data_vec: Problem data validation.
ERROR in osqp_update_data_vec: Problem data validation.
ERROR in osqp_update_data_vec: Problem data validation.
ERROR in osqp_update_data_vec: Problem data validation.
ERROR in osqp_update_data_vec: Problem data validation.
ERROR in osqp_update_data_vec: Problem data validation.
ERROR in osqp_update_data_vec: Problem data validation.
ERROR in osqp_update_data_vec: Problem data validation.
ERROR in osqp_update_data_vec: Problem data validation.
ERROR in osqp_update_data_vec: Problem data validation.
ERROR in osqp_update_data_vec: Problem data validation.
ERROR in osqp_update_data_vec: Problem data validation.
ERROR in osqp_update_data_vec: Problem data validation.
ERROR in osqp_update_data_vec: Problem data validation.
ERROR in osqp_update_data_vec: Problem data validation.
ERROR in osqp_update_data_vec: Problem data validation.
ERROR in osqp_update_data_vec: Problem data validation.
ERROR in osqp_update_data_vec: Problem data validation.
ERROR in osqp_update_data_vec: Problem data validation.
ERROR in osqp_update_data_vec: Problem data validation.
ERROR in osqp_update_data_vec: Problem data validation.
ERROR in osqp_update_data_vec: Problem data validation.
ERROR in osqp_update_data_vec: Problem data validation.
ERROR in osqp_update_data_vec: Problem data validation.
ERROR in osqp_update_data_vec: Problem data validation.
ERROR in osqp_update_data_vec: Problem data validation.
ERROR in osqp_update_data_vec: Problem data validation.
ERROR in osqp_update_data_vec: Problem data validation.
ERROR in osqp_update_data_vec: Problem data validation.
ERROR in osqp_update_data_vec: Problem data validation.
ERROR in osqp_update_data_vec: Problem data validation.
ERROR in osqp_update_data_vec: Problem data validation.
ERROR in osqp_update_data_vec: Problem data validation.
ERROR in osqp_update_data_vec: Problem data validation.
ERROR in osqp_update_data_vec: Problem data validation.
ERROR in osqp_update_data_vec: Problem data validation.
ERROR in osqp_update_data_vec: Problem data validation.
ERROR in osqp_update_data_vec: Problem data validation.
ERROR in osqp_update_data_vec: Problem data validation.
ERROR in osqp_update_data_vec: Problem data validation.
ERROR in osqp_update_data_vec: Problem data validation.
ERROR in osqp_update_data_vec: Problem data validation.
ERROR in osqp_update_data_vec: Problem data validation.
ERROR in osqp_update_data_vec: Problem data validation.
ERROR in osqp_update_data_vec: Problem data validation.
ERROR in osqp_update_data_vec: Problem data validation.
ERROR in osqp_update_data_vec: Problem data validation.
ERROR in osqp_update_data_vec: Problem data validation.
ERROR in osqp_update_data_vec: Problem data validation.
ERROR in osqp_update_data_vec: Problem data validation.
Infeasible detected!!
ERROR in osqp_update_data_vec: Problem data validation.
ERROR in osqp_update_data_vec: Problem data validation.
ERROR in osqp_update_data_vec: Problem data validation.
ERROR in osqp_update_data_vec: Problem data validation.
ERROR in osqp_update_data_vec: Problem data validation.
ERROR in osqp_update_data_vec: Problem data validation.
ERROR in osqp_update_data_vec: Problem data validation.
ERROR in osqp_update_data_vec: Problem data validation.
ERROR in osqp_update_data_vec: Problem data validation.
ERROR in osqp_update_data_vec: Problem data validation.
ERROR in osqp_update_data_vec: Problem data validation.
ERROR in osqp_update_data_vec: Problem data validation.
ERROR in osqp_update_data_vec: Problem data validation.
ERROR in osqp_update_data_vec: Problem data validation.
ERROR in osqp_update_data_vec: Problem data validation.
ERROR in osqp_update_data_vec: Problem data validation.
ERROR in osqp_update_data_vec: Problem data validation.
ERROR in osqp_update_data_vec: Problem data validation.
ERROR in osqp_update_data_vec: Problem data validation.
ERROR in osqp_update_data_vec: Problem data validation.
ERROR in osqp_update_data_vec: Problem data validation.
ERROR in osqp_update_data_vec: Problem data validation.
ERROR in osqp_update_data_vec: Problem data validation.
ERROR in osqp_update_data_vec: Problem data validation.
ERROR in osqp_update_data_vec: Problem data validation.
ERROR in osqp_update_data_vec: Problem data validation.
ERROR in osqp_update_data_vec: Problem data validation.
ERROR in osqp_update_data_vec: Problem data validation.
ERROR in osqp_update_data_vec: Problem data validation.
ERROR in osqp_update_data_vec: Problem data validation.
ERROR in osqp_update_data_vec: Problem data validation.
ERROR in osqp_update_data_vec: Problem data validation.
ERROR in osqp_update_data_vec: Problem data validation.
ERROR in osqp_update_data_vec: Problem data validation.
ERROR in osqp_update_data_vec: Problem data validation.
ERROR in osqp_update_data_vec: Problem data validation.
ERROR in osqp_update_data_vec: Problem data validation.
ERROR in osqp_update_data_vec: Problem data validation.
ERROR in osqp_update_data_vec: Problem data validation.
ERROR in osqp_update_data_vec: Problem data validation.
ERROR in osqp_update_data_vec: Problem data validation.
ERROR in osqp_update_data_vec: Problem data validation.
ERROR in osqp_update_data_vec: Problem data validation.
ERROR in osqp_update_data_vec: Problem data validation.
ERROR in osqp_update_data_vec: Problem data validation.
ERROR in osqp_update_data_vec: Problem data validation.
ERROR in osqp_update_data_vec: Problem data validation.
Infeasible detected!!
ERROR in osqp_update_data_vec: Problem data validation.
ERROR in osqp_update_data_vec: Problem data validation.
ERROR in osqp_update_data_vec: Problem data validation.
ERROR in osqp_update_data_vec: Problem data validation.
ERROR in osqp_update_data_vec: Problem data validation.
ERROR in osqp_update_data_vec: Problem data validation.
ERROR in osqp_update_data_vec: Problem data validation.
ERROR in osqp_update_data_vec: Problem data validation.
ERROR in osqp_update_data_vec: Problem data validation.
ERROR in osqp_update_data_vec: Problem data validation.
ERROR in osqp_update_data_vec: Problem data validation.
ERROR in osqp_update_data_vec: Problem data validation.
ERROR in osqp_update_data_vec: Problem data validation.
ERROR in osqp_update_data_vec: Problem data validation.
ERROR in osqp_update_data_vec: Problem data validation.
ERROR in osqp_update_data_vec: Problem data validation.
ERROR in osqp_update_data_vec: Problem data validation.
ERROR in osqp_update_data_vec: Problem data validation.
ERROR in osqp_update_data_vec: Problem data validation.
ERROR in osqp_update_data_vec: Problem data validation.
ERROR in osqp_update_data_vec: Problem data validation.
ERROR in osqp_update_data_vec: Problem data validation.
ERROR in osqp_update_data_vec: Problem data validation.
ERROR in osqp_update_data_vec: Problem data validation.
ERROR in osqp_update_data_vec: Problem data validation.
ERROR in osqp_update_data_vec: Problem data validation.
ERROR in osqp_update_data_vec: Problem data validation.
ERROR in osqp_update_data_vec: Problem data validation.
ERROR in osqp_update_data_vec: Problem data validation.
ERROR in osqp_update_data_vec: Problem data validation.
ERROR in osqp_update_data_vec: Problem data validation.
ERROR in osqp_update_data_vec: Problem data validation.
ERROR in osqp_update_data_vec: Problem data validation.
ERROR in osqp_update_data_vec: Problem data validation.
ERROR in osqp_update_data_vec: Problem data validation.
ERROR in osqp_update_data_vec: Problem data validation.
ERROR in osqp_update_data_vec: Problem data validation.
ERROR in osqp_update_data_vec: Problem data validation.
ERROR in osqp_update_data_vec: Problem data validation.
ERROR in osqp_update_data_vec: Problem data validation.
ERROR in osqp_update_data_vec: Problem data validation.
ERROR in osqp_update_data_vec: Problem data validation.
ERROR in osqp_update_data_vec: Problem data validation.
ERROR in osqp_update_data_vec: Problem data validation.
ERROR in osqp_update_data_vec: Problem data validation.
ERROR in osqp_update_data_vec: Problem data validation.
ERROR in osqp_update_data_vec: Problem data validation.
ERROR in osqp_update_data_vec: Problem data validation.
ERROR in osqp_update_data_vec: Problem data validation.
ERROR in osqp_update_data_vec: Problem data validation.
ERROR in osqp_update_data_vec: Problem data validation.
ERROR in osqp_update_data_vec: Problem data validation.
ERROR in osqp_update_data_vec: Problem data validation.
ERROR in osqp_update_data_vec: Problem data validation.
ERROR in osqp_update_data_vec: Problem data validation.
ERROR in osqp_update_data_vec: Problem data validation.
ERROR in osqp_update_data_vec: Problem data validation.
ERROR in osqp_update_data_vec: Problem data validation.
ERROR in osqp_update_data_vec: Problem data validation.
ERROR in osqp_update_data_vec: Problem data validation.
ERROR in osqp_update_data_vec: Problem data validation.
ERROR in osqp_update_data_vec: Problem data validation.
ERROR in osqp_update_data_vec: Problem data validation.
ERROR in osqp_update_data_vec: Problem data validation.
ERROR in osqp_update_data_vec: Problem data validation.
ERROR in osqp_update_data_vec: Problem data validation.
ERROR in osqp_update_data_vec: Problem data validation.
ERROR in osqp_update_data_vec: Problem data validation.
ERROR in osqp_update_data_vec: Problem data validation.
ERROR in osqp_update_data_vec: Problem data validation.
ERROR in osqp_update_data_vec: Problem data validation.
ERROR in osqp_update_data_vec: Problem data validation.
ERROR in osqp_update_data_vec: Problem data validation.
ERROR in osqp_update_data_vec: Problem data validation.
ERROR in osqp_update_data_vec: Problem data validation.
ERROR in osqp_update_data_vec: Problem data validation.

=== Crowd Trial Summary (3-way) ===
success=68 | collision=5 | infeasible=27 | total=100
success idx   : [3, 4, 5, 6, 7, 12, 13, 15, 16, 19, 20, 21, 22, 23, 24, 25, 26, 28, 29, 30, 31, 32, 34, 36, 37, 38, 40, 41, 42, 43, 47, 48, 49, 50, 51, 52, 53, 54, 55, 58, 60, 61, 62, 63, 66, 68, 70, 71, 73, 74, 75, 76, 77, 78, 79, 80, 82, 83, 84, 85, 89, 90, 92, 94, 95, 97, 98, 99]
collision idx : [27, 33, 39, 59, 91]
infeasible idx: [1, 2, 8, 9, 10, 11, 14, 17, 18, 35, 44, 45, 46, 56, 57, 64, 65, 67, 69, 72, 81, 86, 87, 88, 93, 96, 100]
avg controller compute time over idx [ms]: 8.438231834821002
avg control intervention over idx: 0.3440234577898586
avg terminal slack L1 over idx: 0.0
avg terminal slack max over idx: 0.0
avg terminal slack active ratio over idx: 0.0
avg sim time over idx [s]: 98.19000000000001
avg wall time per idx [s]: 19.195773139201336
avg forced initially occluded over idx: 5.86
avg forced revealed over idx: 4.76
avg forced corridor conflict over idx: 1.0
forced reveal-positive trial rate: 1.0
saved rows    : debug_logs/uni_ocbf_nrand10_T025_slack_noslack_w6_20260626_113413/nrand10_noslack_T1p5_top3_k10_gated/crowd_trials_occlusion_cbf_42_1_100_20260626_131032.csv
saved summary : debug_logs/uni_ocbf_nrand10_T025_slack_noslack_w6_20260626_113413/nrand10_noslack_T1p5_top3_k10_gated/crowd_trials_occlusion_cbf_42_1_100_20260626_131032.json

